"origin","horizon","region","model","forecast","actual","error","sq_err"
1983,1,"USA","rw_drift",74.7449806758207,74.69,0.0549806758206586,0.00302287471369635
1983,1,"AL","rw_drift",73.5922023205823,73.29,0.302202320582282,0.0913262425653163
1983,1,"AK","rw_drift",73.9113051207055,74.16,-0.248694879294519,0.0618491429873151
1983,1,"AZ","rw_drift",75.7315128029241,75.29,0.441512802924052,0.194933555145853
1983,1,"AR","rw_drift",74.2060367312792,73.99,0.216036731279203,0.0466718692618027
1983,1,"CA","rw_drift",75.513901542904,75.23,0.283901542903948,0.0806000860632421
1983,1,"CO","rw_drift",76.4314331241426,76.14,0.291433124142642,0.0849332658475408
1983,1,"CT","rw_drift",76.0773753640957,75.86,0.217375364095716,0.0472520489157451
1983,1,"DE","rw_drift",74.646229641703,74.61,0.0362296417029881,0.0013125869379269
1983,1,"FL","rw_drift",75.0928765822418,75.17,-0.0771234177582016,0.00594802156670609
1983,1,"GA","rw_drift",73.200405787496,73.17,0.0304057874960364,0.000924511913254123
1983,1,"HI","rw_drift",77.8089233199275,77.66,0.148923319927519,0.0221781552182342
1983,1,"ID","rw_drift",75.7702289651043,75.75,0.020228965104323,0.000409211029191919
1983,1,"IL","rw_drift",74.2330153160972,74.42,-0.186984683902764,0.0349632720142167
1983,1,"IN","rw_drift",74.6796327200672,74.74,-0.0603672799328052,0.00364420848648567
1983,1,"IA","rw_drift",76.4633053461351,76.66,-0.196694653864924,0.0386887868590422
1983,1,"KS","rw_drift",76.02793513654,75.88,0.147935136539971,0.0218848046230998
1983,1,"KY","rw_drift",73.5847340768155,73.82,-0.235265923184471,0.0553500546118415
1983,1,"LA","rw_drift",72.6229447975537,72.96,-0.337055202446265,0.113606209496093
1983,1,"ME","rw_drift",75.4026737773524,75.55,-0.147326222647621,0.0217050158796164
1983,1,"MD","rw_drift",74.2274541640298,74.18,0.0474541640298298,0.00225189768376999
1983,1,"MA","rw_drift",75.6707979322503,75.47,0.200797932250254,0.0403198095959774
1983,1,"MI","rw_drift",74.2522234064219,74.28,-0.027776593578082,0.000771539150801949
1983,1,"MN","rw_drift",76.9992236712242,76.94,0.0592236712241885,0.00350744323327077
1983,1,"MS","rw_drift",72.8536330859001,72.81,0.0436330859000691,0.00190384618516281
1983,1,"MO","rw_drift",74.6578435469531,74.73,-0.0721564530468868,0.00520655371630758
1983,1,"MT","rw_drift",75.1788231010286,75.28,-0.101176898971403,0.0102367648854695
1983,1,"NE","rw_drift",76.3186008570123,76.33,-0.0113991429876563,0.000129940460853034
1983,1,"NV","rw_drift",74.2779212028308,74.05,0.227921202830842,0.0519480746998579
1983,1,"NH","rw_drift",75.8534478979419,75.72,0.133447897941878,0.0178083414651058
1983,1,"NJ","rw_drift",74.6791882574506,74.67,0.0091882574505604,8.44240749777787e-05
1983,1,"NM","rw_drift",75.4596713474891,75.26,0.199671347489115,0.039868647008119
1983,1,"NY","rw_drift",74.2549629572327,74.13,0.124962957232754,0.015615740680355
1983,1,"NC","rw_drift",74.1548249660961,74.06,0.0948249660961267,0.00899177419513157
1983,1,"ND","rw_drift",76.9931711243823,76.79,0.203171124382337,0.0412785057827829
1983,1,"OH","rw_drift",74.3907912023758,74.48,-0.0892087976241811,0.0079582095735521
1983,1,"OK","rw_drift",74.3872850126927,74.58,-0.192714987307284,0.0371390663328465
1983,1,"OR","rw_drift",75.9090451076224,75.53,0.379045107622375,0.143675193612458
1983,1,"PA","rw_drift",74.541887022904,74.49,0.0518870229039834,0.0026922631458385
1983,1,"RI","rw_drift",75.7486915559983,75.66,0.0886915559982953,0.00786619210539874
1983,1,"SC","rw_drift",72.9151090713275,72.94,-0.0248909286724484,0.000619558330176912
1983,1,"SD","rw_drift",75.7308127845563,75.95,-0.219187215443668,0.048043035413949
1983,1,"TN","rw_drift",74.0159985117462,73.82,0.195998511746211,0.0384154166067296
1983,1,"TX","rw_drift",74.4563295319979,74.43,0.0263295319978454,0.000693244255225564
1983,1,"UT","rw_drift",76.7271330559123,76.31,0.417133055912345,0.173999986334771
1983,1,"VT","rw_drift",75.4246571627052,75.58,-0.155342837294768,0.0241313970987887
1983,1,"VA","rw_drift",74.4794320901913,74.33,0.14943209019134,0.0223299495789527
1983,1,"WA","rw_drift",76.245194593131,75.86,0.385194593131018,0.148374874577371
1983,1,"WV","rw_drift",73.7786161510732,73.78,-0.00138384892680676,1.91503785222423e-06
1983,1,"WI","rw_drift",76.2011204157623,76.13,0.0711204157623371,0.00505811353820768
1983,1,"WY","rw_drift",75.4637024367596,75.5,-0.0362975632404101,0.00131751309719157
1983,2,"USA","rw_drift",74.9297882103866,74.66,0.269788210386579,0.0727856784635932
1983,2,"AL","rw_drift",73.7976723379128,73.3,0.497672337912775,0.247677755923567
1983,2,"AK","rw_drift",74.1125092146349,73.92,0.192509214634853,0.037059797719328
1983,2,"AZ","rw_drift",75.9738794256345,75.53,0.443879425634506,0.197028944501619
1983,2,"AR","rw_drift",74.3535761962098,73.85,0.503576196209764,0.253588985389095
1983,2,"CA","rw_drift",75.6805899265983,75.14,0.540589926598258,0.29223746873951
1983,2,"CO","rw_drift",76.6449491841578,76.53,0.114949184157823,0.013213314938549
1983,2,"CT","rw_drift",76.2691999711582,75.91,0.359199971158205,0.129024619280055
1983,2,"DE","rw_drift",74.8383921073661,73.93,0.908392107366055,0.825176220724942
1983,2,"FL","rw_drift",75.2756795231073,74.96,0.315679523107306,0.0996535613092563
1983,2,"GA","rw_drift",73.4038837592196,73.03,0.373883759219623,0.139789065408197
1983,2,"HI","rw_drift",78.0508046568237,77.85,0.200804656823706,0.0403225102020865
1983,2,"ID","rw_drift",75.9510045731706,76.37,-0.418995426829426,0.175557167703973
1983,2,"IL","rw_drift",74.4123621128073,74.42,-0.0076378871926579,5.83373207677676e-05
1983,2,"IN","rw_drift",74.8407730117463,74.76,0.0807730117462881,0.006524279426566
1983,2,"IA","rw_drift",76.6415091480215,76.38,0.261509148021474,0.0683870344989174
1983,2,"KS","rw_drift",76.1855485655655,76.16,0.0255485655654581,0.000652729202452514
1983,2,"KY","rw_drift",73.7306854729772,73.71,0.0206854729771919,0.000427888792290137
1983,2,"LA","rw_drift",72.7938264463163,72.75,0.0438264463163165,0.00192075739671697
1983,2,"ME","rw_drift",75.6131668597189,75.09,0.523166859718884,0.273703563108119
1983,2,"MD","rw_drift",74.4373559921817,74.02,0.417355992181669,0.174186024209945
1983,2,"MA","rw_drift",75.8585203883204,75.56,0.298520388320412,0.0891144222429697
1983,2,"MI","rw_drift",74.4107713456553,74.13,0.280771345655268,0.0788325485410698
1983,2,"MN","rw_drift",77.198809540581,76.89,0.308809540581052,0.0953633323538804
1983,2,"MS","rw_drift",73.0468499814509,72.67,0.376849981450917,0.142015908519556
1983,2,"MO","rw_drift",74.8192993290231,74.69,0.129299329023084,0.0167183164858197
1983,2,"MT","rw_drift",75.406862839396,75.56,-0.153137160604004,0.0234509899578565
1983,2,"NE","rw_drift",76.4885470512659,76.38,0.108547051265887,0.0117824623385192
1983,2,"NV","rw_drift",74.5239932732182,74,0.523993273218238,0.274568950377963
1983,2,"NH","rw_drift",76.0608878368188,75.43,0.630887836818843,0.398019462645959
1983,2,"NJ","rw_drift",74.8614648653096,74.53,0.331464865309641,0.109868956934739
1983,2,"NM","rw_drift",75.6846592371925,75.23,0.454659237192459,0.206715021964429
1983,2,"NY","rw_drift",74.4359231302711,74.08,0.355923130271123,0.126681274661994
1983,2,"NC","rw_drift",74.3680780811387,74.01,0.358078081138743,0.128219912192004
1983,2,"ND","rw_drift",77.1986771965402,77.06,0.138677196540172,0.0192313648402415
1983,2,"OH","rw_drift",74.5542841721871,74.53,0.0242841721870661,0.000589721018811076
1983,2,"OK","rw_drift",74.5125647521896,74.54,-0.0274352478104305,0.000752692822419731
1983,2,"OR","rw_drift",76.1105472910339,75.58,0.530547291033884,0.281480428023392
1983,2,"PA","rw_drift",74.7400365164202,74.43,0.310036516420197,0.0961226415139714
1983,2,"RI","rw_drift",75.9513331980498,75.61,0.341333198049838,0.11650835209093
1983,2,"SC","rw_drift",73.1668458138524,73,0.166845813852419,0.027837525600076
1983,2,"SD","rw_drift",75.9131412846256,76.11,-0.196858715374404,0.0387533538188606
1983,2,"TN","rw_drift",74.1885364826809,73.85,0.338536482680908,0.114606950105961
1983,2,"TX","rw_drift",74.6115734128026,74.57,0.0415734128025917,0.0017283486520547
1983,2,"UT","rw_drift",76.9235610406262,76.53,0.393561040626182,0.154890292698763
1983,2,"VT","rw_drift",75.6194513988214,75.5,0.119451398821425,0.0142686366803952
1983,2,"VA","rw_drift",74.6978713490322,74.47,0.227871349032242,0.0519253517097737
1983,2,"WA","rw_drift",76.4546251599829,75.86,0.594625159982883,0.353579080884669
1983,2,"WV","rw_drift",73.948562801476,73.79,0.158562801476023,0.0251421620119247
1983,2,"WI","rw_drift",76.394240126431,76.36,0.0342401264309444,0.00117238625800706
1983,2,"WY","rw_drift",75.673484046384,75.21,0.463484046383982,0.214817461252469
1983,3,"USA","rw_drift",75.1145957449525,74.74,0.374595744952501,0.140321972136519
1983,3,"AL","rw_drift",74.0031423552433,73.28,0.723142355243255,0.522934865946761
1983,3,"AK","rw_drift",74.3137133085642,73.88,0.433713308564236,0.188107234025737
1983,3,"AZ","rw_drift",76.216246048345,75.54,0.67624604834495,0.457308717902161
1983,3,"AR","rw_drift",74.5011156611403,74.15,0.351115661140312,0.123282207497999
1983,3,"CA","rw_drift",75.8472783102926,75.29,0.55727831029256,0.310559115122531
1983,3,"CO","rw_drift",76.858465244173,76.43,0.428465244172997,0.183582465464226
1983,3,"CT","rw_drift",76.4610245782207,76.11,0.351024578220688,0.123218254515012
1983,3,"DE","rw_drift",75.0305545730291,74.11,0.920554573029136,0.847420721924855
1983,3,"FL","rw_drift",75.4584824639728,75.17,0.288482463972798,0.0832221320198167
1983,3,"GA","rw_drift",73.6073617309432,73.18,0.427361730943204,0.182638049074772
1983,3,"HI","rw_drift",78.2926859937199,78.06,0.232685993719883,0.0541427716734096
1983,3,"ID","rw_drift",76.1317801812368,75.99,0.14178018123684,0.0201016197915511
1983,3,"IL","rw_drift",74.5917089095175,74.34,0.251708909517447,0.0633573751304623
1983,3,"IN","rw_drift",75.0019133034254,74.59,0.411913303425393,0.16967256953882
1983,3,"IA","rw_drift",76.8197129499079,76.88,-0.0602870500921284,0.0036345284088108
1983,3,"KS","rw_drift",76.3431619945909,76.22,0.123161994590944,0.0151688769116198
1983,3,"KY","rw_drift",73.8766368691388,73.77,0.106636869138853,0.0113714218597369
1983,3,"LA","rw_drift",72.9647080950789,73.09,-0.125291904921099,0.0156980614387577
1983,3,"ME","rw_drift",75.8236599420854,75.62,0.203659942085395,0.0414773720102263
1983,3,"MD","rw_drift",74.6472578203335,74.08,0.567257820333495,0.321781434729508
1983,3,"MA","rw_drift",76.0462428443906,75.72,0.326242844390578,0.106434393516055
1983,3,"MI","rw_drift",74.5693192848886,74.17,0.399319284888605,0.159455891283947
1983,3,"MN","rw_drift",77.3983954099379,76.89,0.508395409937918,0.258465892845944
1983,3,"MS","rw_drift",73.2400668770018,72.91,0.330066877001769,0.108944143293701
1983,3,"MO","rw_drift",74.980755111093,74.76,0.220755111093041,0.0487328190737009
1983,3,"MT","rw_drift",75.6349025777634,75.58,0.0549025777634,0.00301429304506619
1983,3,"NE","rw_drift",76.6584932455194,76.38,0.278493245519428,0.0775584877999444
1983,3,"NV","rw_drift",74.7700653436056,74.24,0.530065343605642,0.280969268491768
1983,3,"NH","rw_drift",76.2683277756958,75.76,0.508327775695818,0.258397127543858
1983,3,"NJ","rw_drift",75.0437414731687,74.66,0.383741473168726,0.147257518229704
1983,3,"NM","rw_drift",75.9096471268958,75.2,0.709647126895803,0.503599044711467
1983,3,"NY","rw_drift",74.6168833033095,73.97,0.646883303309494,0.418458008100603
1983,3,"NC","rw_drift",74.5813311961814,73.93,0.65133119618136,0.424232327119041
1983,3,"ND","rw_drift",77.404183268698,77.9,-0.495816731302,0.245834231039
1983,3,"OH","rw_drift",74.7177771419983,74.54,0.177777141998305,0.0316047122170856
1983,3,"OK","rw_drift",74.6378444916864,74.62,0.0178444916864322,0.000318425883547148
1983,3,"OR","rw_drift",76.3120494744454,75.94,0.37204947444539,0.138420811435091
1983,3,"PA","rw_drift",74.9381860099364,74.59,0.348186009936427,0.12123349751545
1983,3,"RI","rw_drift",76.1539748401014,75.59,0.56397484010138,0.318067620267378
1983,3,"SC","rw_drift",73.4185825563773,72.83,0.58858255637729,0.346429425671625
1983,3,"SD","rw_drift",76.0954697846949,75.75,0.345469784694856,0.11934937213711
1983,3,"TN","rw_drift",74.3610744536156,73.87,0.491074453615596,0.241154118993856
1983,3,"TX","rw_drift",74.7668172936073,74.79,-0.0231827063926886,0.000537437875689605
1983,3,"UT","rw_drift",77.11998902534,77,0.119989025340018,0.0143973662020476
1983,3,"VT","rw_drift",75.8142456349376,75.37,0.444245634937616,0.197354184161125
1983,3,"VA","rw_drift",74.9163106078731,74.48,0.436310607873139,0.190366946542628
1983,3,"WA","rw_drift",76.6640557268347,76.26,0.404055726834741,0.163261030387951
1983,3,"WV","rw_drift",74.1185094518789,73.58,0.538509451878866,0.289992429762877
1983,3,"WI","rw_drift",76.5873598370996,76.3,0.287359837099558,0.0825756759778845
1983,3,"WY","rw_drift",75.8832656560084,75.63,0.253265656008367,0.0641434925133483
1983,4,"USA","rw_drift",75.2994032795184,74.88,0.41940327951842,0.175899110870806
1983,4,"AL","rw_drift",74.2086123725737,73.6,0.608612372573745,0.370409020049843
1983,4,"AK","rw_drift",74.5149174024936,74.5,0.0149174024936087,0.000222528897156324
1983,4,"AZ","rw_drift",76.4586126710554,75.46,0.998612671055412,0.997227266792424
1983,4,"AR","rw_drift",74.6486551260709,74.06,0.588655126070876,0.346514857449519
1983,4,"CA","rw_drift",76.0139666939869,75.3,0.713966693986876,0.50974844012255
1983,4,"CO","rw_drift",77.0719813041882,76.59,0.481981304188182,0.23230597758694
1983,4,"CT","rw_drift",76.6528491852832,76.26,0.392849185283168,0.154330482377649
1983,4,"DE","rw_drift",75.2227170386922,74.39,0.832717038692209,0.693417666528322
1983,4,"FL","rw_drift",75.6412854048383,75.24,0.401285404838305,0.161029976136242
1983,4,"GA","rw_drift",73.8108397026668,73.25,0.560839702666797,0.314541172087382
1983,4,"HI","rw_drift",78.5345673306161,77.83,0.704567330616072,0.496415123371458
1983,4,"ID","rw_drift",76.3125557893031,76.38,-0.0674442106969053,0.00454872155652856
1983,4,"IL","rw_drift",74.7710557062276,74.61,0.161055706227557,0.0259389405084573
1983,4,"IN","rw_drift",75.1630535951045,74.99,0.173053595104506,0.0299475467785942
1983,4,"IA","rw_drift",76.9979167517943,76.79,0.207916751794258,0.0432293756766751
1983,4,"KS","rw_drift",76.5007754236164,76.51,-0.00922457638357344,8.50928094563808e-05
1983,4,"KY","rw_drift",74.0225882653005,73.99,0.0325882653005181,0.00106199503529695
1983,4,"LA","rw_drift",73.1355897438415,73.27,-0.134410256158503,0.0180661169605945
1983,4,"ME","rw_drift",76.0341530244519,75.69,0.344153024451913,0.118441304239399
1983,4,"MD","rw_drift",74.8571596484853,74.1,0.757159648485327,0.573290733294424
1983,4,"MA","rw_drift",76.2339653004607,75.91,0.323965300460742,0.104953515902619
1983,4,"MI","rw_drift",74.727867224122,74.4,0.327867224121945,0.10749691665343
1983,4,"MN","rw_drift",77.5979812792948,77.33,0.267981279294787,0.0718139660524707
1983,4,"MS","rw_drift",73.4332837725526,72.87,0.563283772552609,0.317288608421099
1983,4,"MO","rw_drift",75.142210893163,74.84,0.302210893163007,0.0913314239463826
1983,4,"MT","rw_drift",75.8629423161308,76,-0.137057683869202,0.01878480870759
1983,4,"NE","rw_drift",76.828439439773,76.5,0.328439439772964,0.107872465598379
1983,4,"NV","rw_drift",75.016137413993,74.27,0.74613741399304,0.556721040560221
1983,4,"NH","rw_drift",76.4757677145728,76.19,0.285767714572799,0.0816631866921607
1983,4,"NJ","rw_drift",75.2260180810278,74.65,0.576018081027797,0.331796829670946
1983,4,"NM","rw_drift",76.1346350165991,75.34,0.794635016599145,0.631444809605523
1983,4,"NY","rw_drift",74.7978434763479,73.99,0.80784347634787,0.652611082277811
1983,4,"NC","rw_drift",74.794584311224,74.11,0.684584311223986,0.46865567917402
1983,4,"ND","rw_drift",77.6096893408558,77.41,0.199689340855841,0.0398758328514401
1983,4,"OH","rw_drift",74.8812701118096,74.79,0.0912701118095498,0.00833023330972772
1983,4,"OK","rw_drift",74.7631242311833,75.05,-0.286875768816699,0.0822977067341724
1983,4,"OR","rw_drift",76.5135516578569,75.78,0.733551657856893,0.538098034744596
1983,4,"PA","rw_drift",75.1363355034527,74.59,0.546335503452653,0.298482482332864
1983,4,"RI","rw_drift",76.3566164821529,75.72,0.636616482152931,0.405280545348773
1983,4,"SC","rw_drift",73.6703192989022,73.02,0.650319298902161,0.422915190524599
1983,4,"SD","rw_drift",76.2777982847641,76.19,0.0877982847641192,0.00770853880752137
1983,4,"TN","rw_drift",74.5336124245503,73.91,0.623612424550302,0.388892456053506
1983,4,"TX","rw_drift",74.922061174412,75.01,-0.0879388255879547,0.00773323704578872
1983,4,"UT","rw_drift",77.3164170100539,76.98,0.33641701005385,0.113176404653572
1983,4,"VT","rw_drift",76.0090398710538,75.52,0.489039871053819,0.239159995480336
1983,4,"VA","rw_drift",75.134749866714,74.79,0.344749866714039,0.118852470599348
1983,4,"WA","rw_drift",76.8734862936866,76.29,0.583486293686605,0.340456254920131
1983,4,"WV","rw_drift",74.2884561022817,73.77,0.518456102281704,0.268796729993136
1983,4,"WI","rw_drift",76.7804795477682,76.49,0.290479547768172,0.0843783676716015
1983,4,"WY","rw_drift",76.0930472656327,76.61,-0.516952734367251,0.267240129569778
1983,5,"USA","rw_drift",75.4842108140843,74.85,0.634210814084341,0.402223356701522
1983,5,"AL","rw_drift",74.4140823899042,73.35,1.06408238990423,1.1322713325043
1983,5,"AK","rw_drift",74.716121496423,74.79,-0.0738785035770206,0.00545803329077985
1983,5,"AZ","rw_drift",76.7009792937659,75.66,1.04097929376586,1.08363789004926
1983,5,"AR","rw_drift",74.7961945910014,73.98,0.816194591001434,0.666173610379998
1983,5,"CA","rw_drift",76.1806550776812,75.27,0.910655077681184,0.829292670506524
1983,5,"CO","rw_drift",77.2854973642034,76.77,0.51549736420337,0.265737532500621
1983,5,"CT","rw_drift",76.8446737923457,76.28,0.564673792345658,0.318856491762028
1983,5,"DE","rw_drift",75.4148795043553,74.26,1.15487950435528,1.33374666957989
1983,5,"FL","rw_drift",75.8240883457038,75.13,0.694088345703804,0.481758631641843
1983,5,"GA","rw_drift",74.0143176743904,73.16,0.854317674390387,0.729858688775799
1983,5,"HI","rw_drift",78.7764486675123,78.66,0.116448667512259,0.0135602921653806
1983,5,"ID","rw_drift",76.4933313973693,76.18,0.313331397369339,0.0981765645774226
1983,5,"IL","rw_drift",74.9504025029377,74.39,0.560402502937663,0.314050965298797
1983,5,"IN","rw_drift",75.3241938867836,74.85,0.47419388678361,0.224859842262947
1983,5,"IA","rw_drift",77.1761205536807,76.79,0.386120553680655,0.149089081974656
1983,5,"KS","rw_drift",76.6583888526419,76.32,0.338388852641927,0.11450701559232
1983,5,"KY","rw_drift",74.1685396614622,73.87,0.298539661462172,0.0891259294659483
1983,5,"LA","rw_drift",73.3064713926041,72.99,0.316471392604086,0.10015414233677
1983,5,"ME","rw_drift",76.2446461068184,75.59,0.654646106818419,0.428561525172512
1983,5,"MD","rw_drift",75.0670614766372,74.2,0.867061476637147,0.75179560426819
1983,5,"MA","rw_drift",76.4216877565309,75.78,0.641687756530899,0.411763176881659
1983,5,"MI","rw_drift",74.8864151633553,74.59,0.296415163355292,0.0878619490669442
1983,5,"MN","rw_drift",77.7975671486517,77.27,0.527567148651656,0.278327096336438
1983,5,"MS","rw_drift",73.6265006681035,73.14,0.48650066810346,0.236682900065113
1983,5,"MO","rw_drift",75.303666675233,74.98,0.323666675232971,0.104760116656366
1983,5,"MT","rw_drift",76.0909820544982,76.28,-0.189017945501803,0.0357277837217225
1983,5,"NE","rw_drift",76.9983856340265,76.57,0.428385634026512,0.183514251440296
1983,5,"NV","rw_drift",75.2622094843804,74.12,1.14220948438043,1.30464250620861
1983,5,"NH","rw_drift",76.6832076534498,76.06,0.623207653449768,0.388387779318366
1983,5,"NJ","rw_drift",75.4082946888869,74.56,0.848294688886881,0.71960387919369
1983,5,"NM","rw_drift",76.3596229063025,75.5,0.859622906302491,0.738951541039941
1983,5,"NY","rw_drift",74.9788036493862,73.88,1.09880364938624,1.20736945990452
1983,5,"NC","rw_drift",75.0078374262666,73.93,1.0778374262666,1.161733517461
1983,5,"ND","rw_drift",77.8151954130137,77.19,0.625195413013671,0.390869304453335
1983,5,"OH","rw_drift",75.0447630816208,74.83,0.214763081620802,0.0461231812272633
1983,5,"OK","rw_drift",74.8884039706802,74.88,0.0084039706801633,7.06267231930444e-05
1983,5,"OR","rw_drift",76.7150538412684,75.88,0.835053841268405,0.697314917817118
1983,5,"PA","rw_drift",75.3344849969689,74.74,0.594484996968887,0.353412411621098
1983,5,"RI","rw_drift",76.5592581242045,76.06,0.499258124204474,0.24925867458417
1983,5,"SC","rw_drift",73.922056041427,73.03,0.892056041427026,0.795763981046455
1983,5,"SD","rw_drift",76.4601267848334,76.55,-0.0898732151666195,0.00807719480438549
1983,5,"TN","rw_drift",74.706150395485,73.95,0.756150395484994,0.571763420592113
1983,5,"TX","rw_drift",75.0773050552168,74.94,0.137305055216785,0.0188526781880845
1983,5,"UT","rw_drift",77.5128449947677,77.24,0.272844994767695,0.0744443911697835
1983,5,"VT","rw_drift",76.20383410717,76.37,-0.166165892829994,0.0276111039399891
1983,5,"VA","rw_drift",75.353189125555,74.83,0.52318912555495,0.273726861098953
1983,5,"WA","rw_drift",77.0829168605385,76.27,0.812916860538479,0.660833822147737
1983,5,"WV","rw_drift",74.4584027526845,73.88,0.578402752684539,0.334549744313052
1983,5,"WI","rw_drift",76.9735992584368,76.51,0.463599258436773,0.214924272423126
1983,5,"WY","rw_drift",76.3028288752571,75.86,0.442828875257135,0.196097412761499
1983,6,"USA","rw_drift",75.6690183486503,75.13,0.539018348650259,0.290540780181653
1983,6,"AL","rw_drift",74.6195524072347,73.53,1.08955240723471,1.18712444811094
1983,6,"AK","rw_drift",74.9173255903524,75.01,-0.0926744096476426,0.00858854620353908
1983,6,"AZ","rw_drift",76.9433459164763,75.93,1.0133459164763,1.02686994643919
1983,6,"AR","rw_drift",74.943734055932,74.22,0.723734055931999,0.523790983715782
1983,6,"CA","rw_drift",76.3473434613755,75.43,0.917343461375481,0.841519026128348
1983,6,"CO","rw_drift",77.4990134242185,77.16,0.33901342421855,0.114930101800386
1983,6,"CT","rw_drift",77.0364983994081,76.47,0.566498399408147,0.320920436531992
1983,6,"DE","rw_drift",75.6070419700184,74.37,1.23704197001835,1.53027283558689
1983,6,"FL","rw_drift",76.0068912865693,75.41,0.596891286569303,0.356279207982358
1983,6,"GA","rw_drift",74.217795646114,73.34,0.877795646113967,0.770525196336636
1983,6,"HI","rw_drift",79.0183300044084,78.18,0.838330004408434,0.702797196291444
1983,6,"ID","rw_drift",76.6741070054356,76.75,-0.0758929945643985,0.00575974662395182
1983,6,"IL","rw_drift",75.1297492996478,74.64,0.48974929964777,0.239854376505481
1983,6,"IN","rw_drift",75.4853341784627,75.33,0.155334178462709,0.0241287069986848
1983,6,"IA","rw_drift",77.3543243555671,77.07,0.284324355567065,0.080840339168627
1983,6,"KS","rw_drift",76.8160022816674,76.73,0.0860022816674046,0.0073963924519996
1983,6,"KY","rw_drift",74.3144910576238,74.05,0.264491057623843,0.0699555195629791
1983,6,"LA","rw_drift",73.4773530413667,72.88,0.597353041366674,0.356830656030015
1983,6,"ME","rw_drift",76.4551391891849,76.21,0.24513918918494,0.0600932220742497
1983,6,"MD","rw_drift",75.276963304789,74.54,0.736963304788972,0.543114912605483
1983,6,"MA","rw_drift",76.6094102126011,76.38,0.229410212601067,0.0526290456456668
1983,6,"MI","rw_drift",75.0449631025886,74.84,0.204963102588636,0.0420098734227596
1983,6,"MN","rw_drift",77.9971530180085,77.84,0.157153018008515,0.0246970710691846
1983,6,"MS","rw_drift",73.8197175636543,72.85,0.969717563654314,0.940352153259658
1983,6,"MO","rw_drift",75.4651224573029,75.17,0.295122457302938,0.0870972648045244
1983,6,"MT","rw_drift",76.3190217928656,76.23,0.0890217928655943,0.00792487960500478
1983,6,"NE","rw_drift",77.16833182828,76.83,0.338331828280047,0.114468426027319
1983,6,"NV","rw_drift",75.5082815547678,74.62,0.888281554767829,0.789044120540752
1983,6,"NH","rw_drift",76.8906475923267,76.52,0.370647592326748,0.137379637697615
1983,6,"NJ","rw_drift",75.590571296746,75.02,0.570571296745968,0.325551604670375
1983,6,"NM","rw_drift",76.5846107960058,75.77,0.814610796005837,0.663590748969264
1983,6,"NY","rw_drift",75.1597638224246,74.22,0.939763822424609,0.883156041938113
1983,6,"NC","rw_drift",75.2210905413092,74.26,0.961090541309218,0.923695028594046
1983,6,"ND","rw_drift",78.0207014851715,77.75,0.2707014851715,0.0732792940740559
1983,6,"OH","rw_drift",75.208256051432,75.23,-0.0217439485679591,0.000472799299326052
1983,6,"OK","rw_drift",75.013683710177,75.12,-0.106316289822985,0.0113031534817249
1983,6,"OR","rw_drift",76.9165560246799,76.15,0.7665560246799,0.587608138973052
1983,6,"PA","rw_drift",75.5326344904851,75.08,0.45263449048511,0.204877981976715
1983,6,"RI","rw_drift",76.761899766256,76.22,0.541899766256023,0.293655356668332
1983,6,"SC","rw_drift",74.1737927839519,73.23,0.943792783951892,0.890744819039663
1983,6,"SD","rw_drift",76.6424552849026,76.69,-0.0475447150973594,0.00226049993368907
1983,6,"TN","rw_drift",74.8786883664197,74.32,0.558688366419702,0.312132690772715
1983,6,"TX","rw_drift",75.2325489360215,74.96,0.272548936021522,0.0742829225264637
1983,6,"UT","rw_drift",77.7092729794815,77.55,0.159272979481528,0.0253678819929234
1983,6,"VT","rw_drift",76.3986283432862,76.42,-0.0213716567137965,0.000456747710692362
1983,6,"VA","rw_drift",75.5716283843959,75.22,0.351628384395852,0.123642520712837
1983,6,"WA","rw_drift",77.2923474273903,76.77,0.522347427390343,0.27284683490131
1983,6,"WV","rw_drift",74.6283494030874,74.01,0.618349403087365,0.3823559842985
1983,6,"WI","rw_drift",77.1667189691054,76.82,0.346718969105396,0.120214043537509
1983,6,"WY","rw_drift",76.5126104848815,75.96,0.552610484881527,0.305378348000996
1983,7,"USA","rw_drift",75.8538258832162,75.39,0.463825883216174,0.215134449941264
1983,7,"AL","rw_drift",74.8250224245652,73.66,1.16502242456519,1.35727724973976
1983,7,"AK","rw_drift",75.1185296842817,74.96,0.158529684281746,0.0251316607984699
1983,7,"AZ","rw_drift",77.1857125391868,76.23,0.955712539186749,0.913386457558783
1983,7,"AR","rw_drift",75.0912735208626,74.35,0.741273520862563,0.549486432731981
1983,7,"CA","rw_drift",76.5140318450698,75.82,0.694031845069802,0.481680201970993
1983,7,"CO","rw_drift",77.7125294842337,77.21,0.502529484233733,0.252535882524222
1983,7,"CT","rw_drift",77.2283230064706,77.12,0.108323006470627,0.0117338737308355
1983,7,"DE","rw_drift",75.7992044356814,75.03,0.769204435681431,0.591675463871988
1983,7,"FL","rw_drift",76.1896942274348,75.66,0.529694227434803,0.280575974577752
1983,7,"GA","rw_drift",74.4212736178376,73.78,0.641273617837555,0.411231852934467
1983,7,"HI","rw_drift",79.2602113413046,78.16,1.10021134130463,1.21046499553533
1983,7,"ID","rw_drift",76.8548826135019,77.21,-0.355117386498137,0.126108358193267
1983,7,"IL","rw_drift",75.3090960963579,74.92,0.389096096357875,0.151395772200937
1983,7,"IN","rw_drift",75.6464744701418,75.4,0.246474470141806,0.0607496644316838
1983,7,"IA","rw_drift",77.5325281574535,77.53,0.00252815745345458,6.39158010945796e-06
1983,7,"KS","rw_drift",76.9736157106929,76.95,0.0236157106928943,0.00055770179153048
1983,7,"KY","rw_drift",74.4604424537855,74.44,0.0204424537855061,0.000417893916772554
1983,7,"LA","rw_drift",73.6482346901293,73.08,0.568234690129259,0.322890663066295
1983,7,"ME","rw_drift",76.6656322715514,76.57,0.0956322715514517,0.0091455313620906
1983,7,"MD","rw_drift",75.4868651329408,74.87,0.616865132940802,0.380522592238073
1983,7,"MA","rw_drift",76.7971326686712,76.81,-0.0128673313287777,0.000165568215524544
1983,7,"MI","rw_drift",75.203511041822,75.14,0.0635110418219824,0.0040336524333136
1983,7,"MN","rw_drift",78.1967388873654,77.84,0.356738887365381,0.12726263375869
1983,7,"MS","rw_drift",74.0129344592052,73.07,0.942934459205162,0.889125394356531
1983,7,"MO","rw_drift",75.6265782393729,75.29,0.336578239372898,0.11328491121936
1983,7,"MT","rw_drift",76.547061531233,76.36,0.187061531232999,0.0349920164672342
1983,7,"NE","rw_drift",77.3382780225336,76.91,0.42827802253359,0.183422064585282
1983,7,"NV","rw_drift",75.7543536251552,74.52,1.23435362515524,1.52362887193387
1983,7,"NH","rw_drift",77.0980875312037,76.95,0.148087531203714,0.021929916898011
1983,7,"NJ","rw_drift",75.772847904605,75.43,0.342847904605037,0.117544685692065
1983,7,"NM","rw_drift",76.8095986857092,76.02,0.78959868570918,0.623466084473664
1983,7,"NY","rw_drift",75.340723995463,74.59,0.750723995462977,0.563586517363896
1983,7,"NC","rw_drift",75.4343436563518,74.7,0.73434365635184,0.539260605624189
1983,7,"ND","rw_drift",78.2262075573293,77.49,0.736207557329337,0.542001567468829
1983,7,"OH","rw_drift",75.3717490212433,75.32,0.0517490212432961,0.00267796119963911
1983,7,"OK","rw_drift",75.1389634496739,74.97,0.168963449673882,0.0285486473256984
1983,7,"OR","rw_drift",77.1180582080914,76.47,0.648058208091413,0.419979441074653
1983,7,"PA","rw_drift",75.7307839840013,75.42,0.310783984001333,0.0965866847117406
1983,7,"RI","rw_drift",76.9645414083076,76.39,0.574541408307567,0.330097829860043
1983,7,"SC","rw_drift",74.4255295264768,73.62,0.805529526476761,0.648877818025875
1983,7,"SD","rw_drift",76.8247837849719,77.14,-0.315216215028101,0.0993612622166423
1983,7,"TN","rw_drift",75.0512263373544,74.18,0.871226337354386,0.759035330899939
1983,7,"TX","rw_drift",75.3877928168262,75.18,0.207792816826242,0.043177854724584
1983,7,"UT","rw_drift",77.9057009641954,78,-0.0942990358046387,0.00889230815368454
1983,7,"VT","rw_drift",76.5934225794024,76.7,-0.106577420597603,0.0113587465812383
1983,7,"VA","rw_drift",75.7900676432368,75.33,0.460067643236755,0.211662236353422
1983,7,"WA","rw_drift",77.5017779942422,76.79,0.711777994242198,0.506627913087446
1983,7,"WV","rw_drift",74.7982960534902,74.43,0.368296053490198,0.135641983016455
1983,7,"WI","rw_drift",77.359838679774,76.87,0.489838679773996,0.239941932202731
1983,7,"WY","rw_drift",76.7223920945059,76.42,0.302392094505905,0.091440978819668
1983,8,"USA","rw_drift",76.0386334177821,75.54,0.498633417782088,0.248635285329046
1983,8,"AL","rw_drift",75.0304924418957,73.64,1.39049244189567,1.93346923096899
1983,8,"AK","rw_drift",75.3197337782111,75.42,-0.100266221788885,0.010053315231818
1983,8,"AZ","rw_drift",77.4280791618972,76.37,1.0580791618972,1.11953151284108
1983,8,"AR","rw_drift",75.2388129857931,74.3,0.93881298579312,0.881369822293794
1983,8,"CA","rw_drift",76.6807202287641,76.07,0.610720228764109,0.372979197821685
1983,8,"CO","rw_drift",77.9260455442489,77.01,0.916045544248902,0.839139439138268
1983,8,"CT","rw_drift",77.4201476135331,77.19,0.23014761353312,0.0529679240149903
1983,8,"DE","rw_drift",75.9913669013445,75.1,0.891366901344512,0.794534952812516
1983,8,"FL","rw_drift",76.3724971683003,75.96,0.412497168300305,0.17015391385577
1983,8,"GA","rw_drift",74.6247515895611,73.99,0.634751589561148,0.402909580450404
1983,8,"HI","rw_drift",79.5020926782008,78.66,0.842092678200814,0.709120078679419
1983,8,"ID","rw_drift",77.0356582215681,77.19,-0.154341778431885,0.023821384569517
1983,8,"IL","rw_drift",75.488442893068,74.95,0.53844289306798,0.289920749095416
1983,8,"IN","rw_drift",75.8076147618209,75.45,0.357614761820912,0.127888317872228
1983,8,"IA","rw_drift",77.7107319593399,77.35,0.360731959339859,0.130127546489173
1983,8,"KS","rw_drift",77.1312291397184,76.73,0.401229139718382,0.160984822559153
1983,8,"KY","rw_drift",74.6063938499472,74.46,0.146393849947174,0.0214311593023556
1983,8,"LA","rw_drift",73.8191163388918,73.1,0.719116338891851,0.51712830886122
1983,8,"ME","rw_drift",76.876125353918,76.59,0.286125353917953,0.0818677181546738
1983,8,"MD","rw_drift",75.6967669610926,75.14,0.556766961092634,0.309989448964327
1983,8,"MA","rw_drift",76.9848551247414,77.04,-0.0551448752586197,0.00304095726728872
1983,8,"MI","rw_drift",75.3620589810553,75.18,0.18205898105532,0.0331454725829014
1983,8,"MN","rw_drift",78.3963247567223,77.87,0.526324756722246,0.277017749538732
1983,8,"MS","rw_drift",74.206151354756,73.07,1.13615135475601,1.29083990091392
1983,8,"MO","rw_drift",75.7880340214429,75.25,0.538034021442868,0.289480608229985
1983,8,"MT","rw_drift",76.7751012696004,76.47,0.305101269600399,0.0930867847117756
1983,8,"NE","rw_drift",77.5082242167871,77.17,0.338224216787125,0.114395620821264
1983,8,"NV","rw_drift",76.0004256955426,74.53,1.47042569554263,2.16215172611203
1983,8,"NH","rw_drift",77.3055274700807,77.24,0.0655274700806956,0.00429384933517646
1983,8,"NJ","rw_drift",75.9551245124641,75.64,0.315124512464124,0.0993034583557516
1983,8,"NM","rw_drift",77.0345865754125,75.83,1.20458657541252,1.45102881766406
1983,8,"NY","rw_drift",75.5216841685014,74.82,0.701684168501359,0.492360672325443
1983,8,"NC","rw_drift",75.6475967713945,74.76,0.887596771394456,0.787828028589862
1983,8,"ND","rw_drift",78.4317136294872,77.83,0.601713629487165,0.362059291910617
1983,8,"OH","rw_drift",75.5352419910545,75.39,0.145241991054533,0.0210952359654851
1983,8,"OK","rw_drift",75.2642431891707,75.1,0.164243189170747,0.0269758251889779
1983,8,"OR","rw_drift",77.3195603915029,76.91,0.409560391502922,0.167739714288026
1983,8,"PA","rw_drift",75.9289334775176,75.61,0.318933477517561,0.101718563081445
1983,8,"RI","rw_drift",77.1671830503591,76.87,0.297183050359109,0.0883177654207449
1983,8,"SC","rw_drift",74.6772662690016,73.88,0.797266269001639,0.635633503687794
1983,8,"SD","rw_drift",77.0071122850412,77.01,-0.00288771495884532,8.33889768353904e-06
1983,8,"TN","rw_drift",75.2237643082891,74.5,0.723764308289091,0.523834773953187
1983,8,"TX","rw_drift",75.543036697631,75.38,0.163036697630986,0.0265809647744175
1983,8,"UT","rw_drift",78.1021289489092,77.94,0.162128948909199,0.0262857960744017
1983,8,"VT","rw_drift",76.7882168155186,77.25,-0.461783184481405,0.213243709469787
1983,8,"VA","rw_drift",76.0085069020777,75.4,0.60850690207765,0.370280649876139
1983,8,"WA","rw_drift",77.7112085610941,77.17,0.541208561094066,0.29290670660151
1983,8,"WV","rw_drift",74.968242703893,74.21,0.758242703893046,0.574931998007038
1983,8,"WI","rw_drift",77.5529583904426,77.04,0.512958390442606,0.263126310325469
1983,8,"WY","rw_drift",76.9321737041303,76.67,0.262173704130291,0.0687350511373972
1983,9,"USA","rw_drift",76.223440952348,75.8,0.423440952348017,0.179302240125395
1983,9,"AL","rw_drift",75.2359624592262,74.2,1.03596245922616,1.0732182169259
1983,9,"AK","rw_drift",75.5209378721405,75.39,0.130937872140493,0.01714472636068
1983,9,"AZ","rw_drift",77.6704457846077,76.32,1.35044578460766,1.82370381716459
1983,9,"AR","rw_drift",75.3863524507237,74.6,0.786352450723683,0.618350176759143
1983,9,"CA","rw_drift",76.8474086124584,76.32,0.527408612458416,0.278159844495312
1983,9,"CO","rw_drift",78.1395616042641,77.53,0.609561604264087,0.371565349393007
1983,9,"CT","rw_drift",77.6119722205956,77.32,0.291972220595611,0.0852477775995319
1983,9,"DE","rw_drift",76.1835293670076,75.49,0.693529367007585,0.480982982901942
1983,9,"FL","rw_drift",76.5553001091658,76.16,0.395300109165802,0.156262176306495
1983,9,"GA","rw_drift",74.8282295612847,74.35,0.478229561284735,0.22870351328659
1983,9,"HI","rw_drift",79.743974015097,78.74,1.003974015097,1.00796382298999
1983,9,"ID","rw_drift",77.2164338296344,77.36,-0.143566170365631,0.0206112452734533
1983,9,"IL","rw_drift",75.6677896897781,75.41,0.257789689778093,0.0664555241558855
1983,9,"IN","rw_drift",75.9687550535,75.79,0.178755053500012,0.0319533691517922
1983,9,"IA","rw_drift",77.8889357612263,77.87,0.0189357612262455,0.000358563053217383
1983,9,"KS","rw_drift",77.2888425687439,77.22,0.0688425687438752,0.00473929927125518
1983,9,"KY","rw_drift",74.7523452461088,74.84,-0.0876547538911723,0.00768335587972198
1983,9,"LA","rw_drift",73.9899979876544,73.52,0.469997987654438,0.220898108399221
1983,9,"ME","rw_drift",77.0866184362845,77.01,0.0766184362844626,0.00587038477867626
1983,9,"MD","rw_drift",75.9066687892445,75.25,0.656668789244463,0.431213898767789
1983,9,"MA","rw_drift",77.1725775808115,76.95,0.222577580811546,0.0495407794799202
1983,9,"MI","rw_drift",75.5206069202887,75.59,-0.0693930797113325,0.00481539951182334
1983,9,"MN","rw_drift",78.5959106260791,78.15,0.445910626079112,0.198836286450265
1983,9,"MS","rw_drift",74.3993682503068,73.22,1.17936825030685,1.39090946983184
1983,9,"MO","rw_drift",75.9494898035128,75.51,0.439489803512828,0.193151287391744
1983,9,"MT","rw_drift",77.0031410079678,76.63,0.373141007967803,0.139234211827228
1983,9,"NE","rw_drift",77.6781704110407,77.48,0.198170411040664,0.0392715118120257
1983,9,"NV","rw_drift",76.24649776593,75.13,1.11649776593003,1.24656726132676
1983,9,"NH","rw_drift",77.5129674089577,77.59,-0.0770325910423395,0.00593402008269632
1983,9,"NJ","rw_drift",76.1374011203232,75.79,0.347401120323198,0.120687538401813
1983,9,"NM","rw_drift",77.2595744651159,76.38,0.879574465115866,0.773651239683861
1983,9,"NY","rw_drift",75.7026443415397,75.1,0.60264434153973,0.363180202389854
1983,9,"NC","rw_drift",75.8608498864371,75,0.86084988643708,0.741062526978734
1983,9,"ND","rw_drift",78.637219701645,77.95,0.687219701644992,0.472270918329031
1983,9,"OH","rw_drift",75.6987349608658,75.73,-0.031265039134226,0.000977502672064681
1983,9,"OK","rw_drift",75.3895229286676,75.25,0.139522928667603,0.019466647623985
1983,9,"OR","rw_drift",77.5210625749144,76.99,0.531062574914429,0.282027458474744
1983,9,"PA","rw_drift",76.1270829710338,75.73,0.397082971033782,0.157674885885016
1983,9,"RI","rw_drift",77.3698246924107,77.01,0.359824692410655,0.129473809268422
1983,9,"SC","rw_drift",74.9290030115265,74.09,0.839003011526501,0.703926053350537
1983,9,"SD","rw_drift",77.1894407851104,76.93,0.259440785110414,0.0673095209787078
1983,9,"TN","rw_drift",75.3963022792238,74.74,0.656302279223794,0.430732681714347
1983,9,"TX","rw_drift",75.6982805784357,75.53,0.168280578435713,0.0283183530786581
1983,9,"UT","rw_drift",78.298556933623,78.27,0.0285569336230367,0.000815498457950523
1983,9,"VT","rw_drift",76.9830110516348,76.85,0.133011051634796,0.0176919398569943
1983,9,"VA","rw_drift",76.2269461609186,75.79,0.436946160918552,0.190921947541461
1983,9,"WA","rw_drift",77.9206391279459,77.19,0.730639127945935,0.533833535285596
1983,9,"WV","rw_drift",75.1381893542959,74.45,0.688189354295872,0.473604587366169
1983,9,"WI","rw_drift",77.7460781011112,77.57,0.17607810111123,0.0310034976909365
1983,9,"WY","rw_drift",77.1419553137547,76.44,0.701955313754681,0.492741262508432
1983,10,"USA","rw_drift",76.4082484869139,75.59,0.81824848691393,0.669530586336936
1983,10,"AL","rw_drift",75.4414324765566,73.83,1.61143247655664,2.59671462650148
1983,10,"AK","rw_drift",75.7221419660699,75.54,0.182141966069864,0.0331756958037954
1983,10,"AZ","rw_drift",77.9128124073181,76.07,1.84281240731811,3.39595756856556
1983,10,"AR","rw_drift",75.5338919156542,74.17,1.36389191565424,1.86020115758698
1983,10,"CA","rw_drift",77.0140969961527,76.25,0.764096996152716,0.583844219529604
1983,10,"CO","rw_drift",78.3530776642793,77.27,1.08307766427927,1.17305722686065
1983,10,"CT","rw_drift",77.8037968276581,77.08,0.723796827658092,0.523881847727917
1983,10,"DE","rw_drift",76.3756918326707,75.42,0.955691832670652,0.91334687903339
1983,10,"FL","rw_drift",76.7381030500313,75.88,0.858103050031303,0.736340844473026
1983,10,"GA","rw_drift",75.0317075330083,74.06,0.971707533008313,0.944215529705102
1983,10,"HI","rw_drift",79.9858553519932,78.62,1.36585535199318,1.8655608425684
1983,10,"ID","rw_drift",77.3972094377006,77.17,0.227209437700623,0.0516241285802331
1983,10,"IL","rw_drift",75.8471364864882,75.08,0.767136486488198,0.588498388901457
1983,10,"IN","rw_drift",76.1298953451791,75.51,0.619895345179117,0.384270238974736
1983,10,"IA","rw_drift",78.0671395631126,77.58,0.487139563112649,0.237304953949582
1983,10,"KS","rw_drift",77.4464559977694,76.79,0.656455997769356,0.430934477007361
1983,10,"KY","rw_drift",74.8982966422705,74.52,0.378296642270499,0.143108349553134
1983,10,"LA","rw_drift",74.160879636417,73.02,1.14087963641703,1.30160634479104
1983,10,"ME","rw_drift",77.297111518651,76.68,0.617111518650972,0.380826626451709
1983,10,"MD","rw_drift",76.1165706173963,75.04,1.07657061739629,1.15900429424102
1983,10,"MA","rw_drift",77.3603000368817,76.88,0.480300036881715,0.230688125428577
1983,10,"MI","rw_drift",75.679154859522,75.35,0.329154859522021,0.108342921546961
1983,10,"MN","rw_drift",78.795496495436,78,0.795496495435984,0.632814674250932
1983,10,"MS","rw_drift",74.5925851458577,72.95,1.64258514585769,2.69808596139234
1983,10,"MO","rw_drift",76.1109455855828,75.18,0.930945585582791,0.866659683316085
1983,10,"MT","rw_drift",77.2311807463352,76.41,0.821180746335202,0.674337818151639
1983,10,"NE","rw_drift",77.8481166052942,77.14,0.708116605294208,0.501429126693393
1983,10,"NV","rw_drift",76.4925698363174,74.9,1.59256983631742,2.5362786835481
1983,10,"NH","rw_drift",77.7204073478346,77.53,0.190407347834636,0.0362549581094201
1983,10,"NJ","rw_drift",76.3196777281823,75.71,0.609677728182291,0.371706932241519
1983,10,"NM","rw_drift",77.4845623548192,76.14,1.3445623548192,1.80784792599696
1983,10,"NY","rw_drift",75.8836045145781,74.97,0.913604514578097,0.83467320905748
1983,10,"NC","rw_drift",76.0741030014797,74.79,1.28410300147969,1.64892051840916
1983,10,"ND","rw_drift",78.8427257738028,77.95,0.892725773802823,0.796959307211849
1983,10,"OH","rw_drift",75.862227930677,75.62,0.242227930677018,0.0586743704000702
1983,10,"OK","rw_drift",75.5148026681645,74.71,0.80480266816447,0.64770733468465
1983,10,"OR","rw_drift",77.7225647583259,76.53,1.19256475832593,1.42221070280098
1983,10,"PA","rw_drift",76.32523246455,75.64,0.685232464550012,0.469543530473283
1983,10,"RI","rw_drift",77.5724663344622,76.69,0.882466334462208,0.778746831459166
1983,10,"SC","rw_drift",75.1807397540514,73.92,1.26073975405137,1.58946472744551
1983,10,"SD","rw_drift",77.3717692851797,76.86,0.511769285179682,0.261907801253322
1983,10,"TN","rw_drift",75.5688402501585,74.34,1.22884025015848,1.51004836040957
1983,10,"TX","rw_drift",75.8535244592404,75.44,0.413524459240449,0.171002478390106
1983,10,"UT","rw_drift",78.4949849183369,77.92,0.574984918336867,0.330607656314853
1983,10,"VT","rw_drift",77.177805287751,76.63,0.54780528775099,0.300090633287944
1983,10,"VA","rw_drift",76.4453854197595,75.63,0.815385419759465,0.66485338275632
1983,10,"WA","rw_drift",78.1300696947978,76.96,1.1700696947978,1.36906309068422
1983,10,"WV","rw_drift",75.3081360046987,74.3,1.00813600469871,1.01633820396988
1983,10,"WI","rw_drift",77.9391978117798,77.12,0.81919781177983,0.671085054824862
1983,10,"WY","rw_drift",77.3517369233791,76.47,0.881736923379066,0.77746000204998
1983,1,"USA","unpooled",74.7449804756512,74.69,0.0549804756511776,0.00302285270282973
1983,1,"AL","unpooled",73.5992934705739,73.29,0.309293470573849,0.0956624509396161
1983,1,"AK","unpooled",73.8671703629417,74.16,-0.292829637058247,0.0857491963396648
1983,1,"AZ","unpooled",75.7267770463565,75.29,0.436777046356454,0.190774188223868
1983,1,"AR","unpooled",74.228221042836,73.99,0.238221042836059,0.0567492652498996
1983,1,"CA","unpooled",75.5139016743629,75.23,0.283901674362923,0.0806001607060712
1983,1,"CO","unpooled",76.3898850730343,76.14,0.249885073034321,0.0624425497253678
1983,1,"CT","unpooled",76.0773730136993,75.86,0.217373013699273,0.0472510270847044
1983,1,"DE","unpooled",74.6214648644324,74.61,0.0114648644323694,0.000131443116452609
1983,1,"FL","unpooled",75.0928766081715,75.17,-0.0771233918285077,0.00594801756713353
1983,1,"GA","unpooled",73.2234289645003,73.17,0.053428964500327,0.0028546542475772
1983,1,"HI","unpooled",77.8089249628,77.66,0.148924962799981,0.0221786445449758
1983,1,"ID","unpooled",75.7702304881178,75.75,0.0202304881178321,0.000409272649485747
1983,1,"IL","unpooled",74.2330156912504,74.42,-0.186984308749643,0.034963131718582
1983,1,"IN","unpooled",74.6796306115139,74.74,-0.0603693884860661,0.00364446306618157
1983,1,"IA","unpooled",76.463305297438,76.66,-0.196694702561985,0.0386888060159476
1983,1,"KS","unpooled",76.0279325851214,75.88,0.147932585121424,0.0218840497407074
1983,1,"KY","unpooled",73.6030749678855,73.82,-0.216925032114489,0.0470564695578719
1983,1,"LA","unpooled",72.6133892330486,72.96,-0.346610766951443,0.120139023766667
1983,1,"ME","unpooled",75.4026675342314,75.55,-0.147332465768628,0.0217068554694639
1983,1,"MD","unpooled",74.2553021810796,74.18,0.0753021810796071,0.00567041847534593
1983,1,"MA","unpooled",75.7321077282937,75.47,0.262107728293657,0.0687004612312614
1983,1,"MI","unpooled",74.252222479725,74.28,-0.0277775202750092,0.000771590632628549
1983,1,"MN","unpooled",77.0138141753732,76.94,0.0738141753731867,0.00544853248602356
1983,1,"MS","unpooled",72.861460714728,72.81,0.0514607147279946,0.00264820516031604
1983,1,"MO","unpooled",74.6578432720705,74.73,-0.0721567279295101,0.00520659338549334
1983,1,"MT","unpooled",75.1788711977851,75.28,-0.101128802214944,0.0102270346374293
1983,1,"NE","unpooled",76.3185997054524,76.33,-0.011400294547613,0.000129966715772336
1983,1,"NV","unpooled",74.2494157308147,74.05,0.199415730814678,0.0397666336963522
1983,1,"NH","unpooled",75.8534482971663,75.72,0.133448297166268,0.0178084480165766
1983,1,"NJ","unpooled",74.6791891798868,74.67,0.00918917988681756,8.44410269922923e-05
1983,1,"NM","unpooled",75.4368356302022,75.26,0.17683563020222,0.0312708401090162
1983,1,"NY","unpooled",74.2549627715424,74.13,0.124962771542357,0.0156156942715473
1983,1,"NC","unpooled",74.1548347530748,74.06,0.094834753074835,0.00899363039076493
1983,1,"ND","unpooled",76.9361120718145,76.79,0.146112071814457,0.0213487375299131
1983,1,"OH","unpooled",74.3916212196447,74.48,-0.0883787803552849,0.00781080881708769
1983,1,"OK","unpooled",74.277508596855,74.58,-0.302491403145027,0.091501048976647
1983,1,"OR","unpooled",75.9123108711887,75.53,0.382310871188707,0.146161602229068
1983,1,"PA","unpooled",74.5527905880515,74.49,0.0627905880514703,0.00394265794784945
1983,1,"RI","unpooled",75.7633701363584,75.66,0.103370136358421,0.0106853850907586
1983,1,"SC","unpooled",72.9654761341258,72.94,0.0254761341257534,0.000649033409993379
1983,1,"SD","unpooled",75.7403431841167,75.95,-0.209656815883335,0.0439559804463386
1983,1,"TN","unpooled",74.0285903054216,73.82,0.208590305421623,0.043509915515886
1983,1,"TX","unpooled",74.4604166008308,74.43,0.030416600830776,0.000925169606098764
1983,1,"UT","unpooled",76.6634360509249,76.31,0.35343605092487,0.124917042093367
1983,1,"VT","unpooled",75.4591849541922,75.58,-0.120815045807845,0.0145962752935517
1983,1,"VA","unpooled",74.4878261903389,74.33,0.157826190338938,0.0249091063569025
1983,1,"WA","unpooled",76.2395036841608,75.86,0.379503684160795,0.144023046291617
1983,1,"WV","unpooled",73.7786144232974,73.78,-0.00138557670258876,1.91982279875675e-06
1983,1,"WI","unpooled",76.215142174169,76.13,0.0851421741689649,0.00724918982221835
1983,1,"WY","unpooled",75.4636689421078,75.5,-0.0363310578921556,0.00131994576756316
1983,2,"USA","unpooled",74.9297878074159,74.66,0.269787807415923,0.0727854610302914
1983,2,"AL","unpooled",73.8050359240674,73.3,0.505035924067428,0.255061284598641
1983,2,"AK","unpooled",74.0666782049328,73.92,0.146678204932797,0.0215144958023077
1983,2,"AZ","unpooled",75.9689856311597,75.53,0.43898563115971,0.192708384364689
1983,2,"AR","unpooled",74.3766139844575,73.85,0.526613984457484,0.277322288626187
1983,2,"CA","unpooled",75.6805901740055,75.14,0.540590174005473,0.292237736231268
1983,2,"CO","unpooled",76.6018040922832,76.53,0.0718040922832444,0.00515582766862067
1983,2,"CT","unpooled",76.2691950630097,75.91,0.359195063009707,0.129021093290548
1983,2,"DE","unpooled",74.8126749409285,73.93,0.882674940928538,0.779115051343199
1983,2,"FL","unpooled",75.2756795750644,74.96,0.31567957506438,0.0996535941128272
1983,2,"GA","unpooled",73.4277914309284,73.03,0.397791430928422,0.158238022520081
1983,2,"HI","unpooled",78.0508060836011,77.85,0.200806083601066,0.0403230832111982
1983,2,"ID","unpooled",75.9510085841137,76.37,-0.418991415886282,0.175553806586391
1983,2,"IL","unpooled",74.412362714972,74.42,-0.00763728502796823,5.83281225984277e-05
1983,2,"IN","unpooled",74.8407687843369,74.76,0.0807687843368825,0.00652359652325784
1983,2,"IA","unpooled",76.6415094063414,76.38,0.261509406341389,0.0683871696050258
1983,2,"KS","unpooled",76.1855437917894,76.16,0.0255437917893602,0.000652485298978184
1983,2,"KY","unpooled",73.7497316419327,73.71,0.0397316419326614,0.00157860337066522
1983,2,"LA","unpooled",72.7839034633941,72.75,0.0339034633941111,0.00114944483011583
1983,2,"ME","unpooled",75.6131532370352,75.09,0.523153237035203,0.273689309420411
1983,2,"MD","unpooled",74.4662749479507,74.02,0.446274947950712,0.199161329168411
1983,2,"MA","unpooled",75.9221882031625,75.56,0.362188203162475,0.131180294510062
1983,2,"MI","unpooled",74.4107696022728,74.13,0.280769602272812,0.0788315695604332
1983,2,"MN","unpooled",77.2139609519133,76.89,0.323960951913264,0.104950698364548
1983,2,"MS","unpooled",73.0549788831854,72.67,0.384978883185397,0.148208740498676
1983,2,"MO","unpooled",74.8192988189829,74.69,0.129298818982875,0.0167181845903662
1983,2,"MT","unpooled",75.4069614483654,75.56,-0.153038551634566,0.0234207982864057
1983,2,"NE","unpooled",76.4885451794463,76.38,0.108545179446338,0.0117820559810377
1983,2,"NV","unpooled",74.494398740527,74,0.494398740526947,0.244430114634631
1983,2,"NH","unpooled",76.0608886198684,75.43,0.630888619868358,0.398020450679402
1983,2,"NJ","unpooled",74.8614667247029,74.53,0.331466724702906,0.109870189585272
1983,2,"NM","unpooled",75.660944893009,75.23,0.430944893008942,0.185713500810488
1983,2,"NY","unpooled",74.435922800737,74.08,0.355922800736977,0.126681040084454
1983,2,"NC","unpooled",74.3680973757784,74.01,0.358097375778385,0.128233730539366
1983,2,"ND","unpooled",77.1394244283302,77.06,0.0794244283302277,0.00630823981558347
1983,2,"OH","unpooled",74.5551445305101,74.53,0.0251445305100759,0.000632247414572139
1983,2,"OK","unpooled",74.3985689932853,74.54,-0.141431006714754,0.0200027296603488
1983,2,"OR","unpooled",76.1139406108889,75.58,0.533940610888891,0.285092575956402
1983,2,"PA","unpooled",74.7513590954701,74.43,0.321359095470058,0.103271668241334
1983,2,"RI","unpooled",75.9665712421448,75.61,0.35657124214481,0.127143050724693
1983,2,"SC","unpooled",73.2191481530061,73,0.219148153006088,0.0480259129659799
1983,2,"SD","unpooled",75.9230484623927,76.11,-0.1869515376073,0.0349508774137336
1983,2,"TN","unpooled",74.2016130040014,73.85,0.351613004001365,0.123631704582864
1983,2,"TX","unpooled",74.6158172472498,74.57,0.0458172472497722,0.00209922014554676
1983,2,"UT","unpooled",76.8574124729569,76.53,0.327412472956937,0.107198927447777
1983,2,"VT","unpooled",75.6553068937047,75.5,0.155306893704719,0.0241202312322088
1983,2,"VA","unpooled",74.7065900079405,74.47,0.236590007940549,0.0559748318573091
1983,2,"WA","unpooled",76.4487153755992,75.86,0.588715375599179,0.346585793466882
1983,2,"WV","unpooled",73.9485595493708,73.79,0.158559549370793,0.0251411306966689
1983,2,"WI","unpooled",76.4088014235002,76.36,0.0488014235001941,0.0023815789356453
1983,2,"WY","unpooled",75.6734266759066,75.21,0.463426675906632,0.214764283941871
1983,3,"USA","unpooled",75.1145951391807,74.74,0.37459513918067,0.140321518297785
1983,3,"AL","unpooled",74.010778377561,73.28,0.730778377560995,0.53403703711068
1983,3,"AK","unpooled",74.2661860469238,73.88,0.386186046923854,0.149139662838673
1983,3,"AZ","unpooled",76.211194215963,75.54,0.671194215962956,0.450501675542127
1983,3,"AR","unpooled",74.5250069260789,74.15,0.375006926078896,0.140630194607143
1983,3,"CA","unpooled",75.847278673648,75.29,0.557278673648014,0.31055952010289
1983,3,"CO","unpooled",76.8137231115322,76.43,0.383723111532163,0.147243426323925
1983,3,"CT","unpooled",76.4610171123201,76.11,0.351017112320136,0.123213013141567
1983,3,"DE","unpooled",75.0038850174247,74.11,0.893885017424722,0.799030424376396
1983,3,"FL","unpooled",75.4584825419573,75.17,0.288482541957251,0.083222177014117
1983,3,"GA","unpooled",73.6321538973565,73.18,0.45215389735651,0.204443146894681
1983,3,"HI","unpooled",78.2926872044021,78.06,0.23268720440214,0.0541433350924833
1983,3,"ID","unpooled",76.1317866801096,75.99,0.141786680109618,0.0201034626565072
1983,3,"IL","unpooled",74.5917097386937,74.34,0.251709738693705,0.0633577925532534
1983,3,"IN","unpooled",75.0019069571598,74.59,0.411906957159843,0.169667341356681
1983,3,"IA","unpooled",76.8197135152448,76.88,-0.0602864847552382,0.00363446024414357
1983,3,"KS","unpooled",76.3431549984573,76.22,0.123154998457295,0.0151671536450163
1983,3,"KY","unpooled",73.8963883159798,73.77,0.12638831597981,0.0159740064162123
1983,3,"LA","unpooled",72.9544176937397,73.09,-0.135582306260332,0.0183825617708705
1983,3,"ME","unpooled",75.823638939839,75.62,0.203638939839038,0.0414688178187675
1983,3,"MD","unpooled",74.6772477148218,74.08,0.597247714821805,0.356704832859868
1983,3,"MA","unpooled",76.1122686780313,75.72,0.3922686780313,0.153874715764424
1983,3,"MI","unpooled",74.5693167248206,74.17,0.399316724820622,0.159453846721468
1983,3,"MN","unpooled",77.4141077284533,76.89,0.524107728453345,0.274688911024525
1983,3,"MS","unpooled",73.2484970516428,72.91,0.338497051642804,0.114580253970871
1983,3,"MO","unpooled",74.9807543658953,74.76,0.220754365895246,0.0487324900618121
1983,3,"MT","unpooled",75.6350516989458,75.58,0.0550516989458174,0.00303068955682091
1983,3,"NE","unpooled",76.6584906534403,76.38,0.278490653440286,0.0775570440535977
1983,3,"NV","unpooled",74.7393817502392,74.24,0.499381750239223,0.24938213247199
1983,3,"NH","unpooled",76.2683289425705,75.76,0.508328942570458,0.2583983138548
1983,3,"NJ","unpooled",75.043744269519,74.66,0.383744269518999,0.14725966438867
1983,3,"NM","unpooled",75.8850541558157,75.2,0.685054155815664,0.469299196400311
1983,3,"NY","unpooled",74.6168828299316,73.97,0.646882829931599,0.418457395660314
1983,3,"NC","unpooled",74.5813599984819,73.93,0.651359998481936,0.424269847622388
1983,3,"ND","unpooled",77.342736784846,77.9,-0.557263215154009,0.310542290963783
1983,3,"OH","unpooled",74.7186678413754,74.54,0.178667841375429,0.0319221975417554
1983,3,"OK","unpooled",74.5196293897155,74.62,-0.100370610284472,0.0100742594088773
1983,3,"OR","unpooled",76.3155703505891,75.94,0.375570350589072,0.141053088241599
1983,3,"PA","unpooled",74.9499276028887,74.59,0.359927602888661,0.129547879321177
1983,3,"RI","unpooled",76.1697723479312,75.59,0.579772347931197,0.336135975425653
1983,3,"SC","unpooled",73.4728201718864,72.83,0.642820171886427,0.413217773384096
1983,3,"SD","unpooled",76.1057537406687,75.75,0.355753740668732,0.126560723999795
1983,3,"TN","unpooled",74.3746357025811,73.87,0.504635702581098,0.254657192319518
1983,3,"TX","unpooled",74.7712178936687,74.79,-0.0187821063312583,0.000352767518238694
1983,3,"UT","unpooled",77.051388894989,77,0.0513888949890031,0.00264081852819079
1983,3,"VT","unpooled",75.8514288332173,75.37,0.481428833217279,0.231773721452951
1983,3,"VA","unpooled",74.9253538255422,74.48,0.445353825542156,0.198340029925033
1983,3,"WA","unpooled",76.6579270670376,76.26,0.397927067037557,0.158345950681112
1983,3,"WV","unpooled",74.1185046754442,73.58,0.538504675444187,0.28998728547525
1983,3,"WI","unpooled",76.6024606728314,76.3,0.30246067283143,0.0914824586096411
1983,3,"WY","unpooled",75.8831844097054,75.63,0.253184409705412,0.0641023453178779
1983,4,"USA","unpooled",75.2994024709454,74.88,0.419402470945414,0.175898432635119
1983,4,"AL","unpooled",74.2165208310546,73.6,0.616520831054572,0.38009793512422
1983,4,"AK","unpooled",74.4656938889149,74.5,-0.0343061110851011,0.00117690925778329
1983,4,"AZ","unpooled",76.4534028007662,75.46,0.993402800766219,0.986849124570169
1983,4,"AR","unpooled",74.6733998677003,74.06,0.613399867700323,0.376259397694774
1983,4,"CA","unpooled",76.0139671732906,75.3,0.71396717329057,0.509749124536526
1983,4,"CO","unpooled",77.0256421307811,76.59,0.43564213078109,0.189784066111489
1983,4,"CT","unpooled",76.6528391616306,76.26,0.392839161630562,0.154322606910603
1983,4,"DE","unpooled",75.1950950939209,74.39,0.805095093920897,0.648178110255499
1983,4,"FL","unpooled",75.6412855088501,75.24,0.401285508850137,0.161030059613113
1983,4,"GA","unpooled",73.8365163637846,73.25,0.586516363784611,0.344001444987122
1983,4,"HI","unpooled",78.5345683252032,77.83,0.704568325203226,0.496416524879679
1983,4,"ID","unpooled",76.3125647761055,76.38,-0.067435223894492,0.00454750942170026
1983,4,"IL","unpooled",74.7710567624154,74.61,0.161056762415384,0.0259392807197256
1983,4,"IN","unpooled",75.1630451299828,74.99,0.17304512998281,0.0299446170107678
1983,4,"IA","unpooled",76.9979176241481,76.79,0.207917624148124,0.0432297384314004
1983,4,"KS","unpooled",76.5007662051252,76.51,-0.00923379487477405,8.52629677894035e-05
1983,4,"KY","unpooled",74.043044990027,73.99,0.0530449900269616,0.00281377096696046
1983,4,"LA","unpooled",73.1249319240852,73.27,-0.145068075914764,0.0210447466496119
1983,4,"ME","unpooled",76.0341246426429,75.69,0.344124642642882,0.118421769674091
1983,4,"MD","unpooled",74.8882204816929,74.1,0.788220481692903,0.621291527760192
1983,4,"MA","unpooled",76.3023491529001,75.91,0.392349152900124,0.153937857781445
1983,4,"MI","unpooled",74.7278638473684,74.4,0.327863847368434,0.107494702411232
1983,4,"MN","unpooled",77.6142545049934,77.33,0.284254504993427,0.0808006236090584
1983,4,"MS","unpooled",73.4420152201002,72.87,0.572015220100198,0.327201412026278
1983,4,"MO","unpooled",75.1422099128076,74.84,0.302209912807626,0.0913308313991931
1983,4,"MT","unpooled",75.8631419495262,76,-0.136858050473805,0.0187301259794905
1983,4,"NE","unpooled",76.8284361274342,76.5,0.32843612743423,0.107870289803994
1983,4,"NV","unpooled",74.9843647599515,74.27,0.714364759951494,0.510317010260555
1983,4,"NH","unpooled",76.4757692652726,76.19,0.285769265272563,0.0816640729744206
1983,4,"NJ","unpooled",75.2260218143351,74.65,0.576021814335078,0.331801130589875
1983,4,"NM","unpooled",76.1091634186224,75.34,0.769163418622384,0.591612364546872
1983,4,"NY","unpooled",74.7978428591262,73.99,0.807842859126225,0.652610085041234
1983,4,"NC","unpooled",74.7946226211855,74.11,0.684622621185497,0.4687081334389
1983,4,"ND","unpooled",77.5460491413618,77.41,0.136049141361767,0.018509368865274
1983,4,"OH","unpooled",74.8821911522408,74.79,0.0921911522407868,0.00849920855148393
1983,4,"OK","unpooled",74.6406897861458,75.05,-0.409310213854184,0.167534851165358
1983,4,"OR","unpooled",76.5172000902893,75.78,0.73720009028925,0.543463973122478
1983,4,"PA","unpooled",75.1484961103073,74.59,0.55849611030726,0.311917905228339
1983,4,"RI","unpooled",76.3729734537176,75.72,0.652973453717593,0.426374331259881
1983,4,"SC","unpooled",73.7264921907668,73.02,0.706492190766767,0.499131215614426
1983,4,"SD","unpooled",76.2884590189448,76.19,0.0984590189447658,0.00969417841156576
1983,4,"TN","unpooled",74.5476584011608,73.91,0.637658401160849,0.40660823657101
1983,4,"TX","unpooled",74.9266185400877,75.01,-0.0833814599122746,0.00695246785710226
1983,4,"UT","unpooled",77.2453653170211,76.98,0.265365317021065,0.0704187514776901
1983,4,"VT","unpooled",76.0475507727298,75.52,0.527550772729853,0.278309817807865
1983,4,"VA","unpooled",75.1441176431438,74.79,0.354117643143766,0.125399305185696
1983,4,"WA","unpooled",76.867138758476,76.29,0.57713875847594,0.333089146535149
1983,4,"WV","unpooled",74.2884498015176,73.77,0.518449801517576,0.268790196693614
1983,4,"WI","unpooled",76.7961199221627,76.49,0.306119922162665,0.0937094067448762
1983,4,"WY","unpooled",76.0929421435042,76.61,-0.517057856495811,0.267348826964042
1983,5,"USA","unpooled",75.4842098027102,74.85,0.63420980271016,0.40222207385366
1983,5,"AL","unpooled",74.4222632845481,73.35,1.07226328454814,1.14974855138997
1983,5,"AK","unpooled",74.665201730906,74.79,-0.124798269094057,0.0155746079688728
1983,5,"AZ","unpooled",76.6956113855695,75.66,1.03561138556947,1.07249094192111
1983,5,"AR","unpooled",74.8217928093217,73.98,0.841792809321745,0.708615133825797
1983,5,"CA","unpooled",76.1806556729331,75.27,0.910655672933117,0.829293754645269
1983,5,"CO","unpooled",77.23756115003,76.77,0.467561150030022,0.218613429017397
1983,5,"CT","unpooled",76.844661210941,76.28,0.564661210940997,0.318842283141353
1983,5,"DE","unpooled",75.3863051704171,74.26,1.12630517041707,1.26856333690822
1983,5,"FL","unpooled",75.824088475743,75.13,0.694088475743015,0.481758812159263
1983,5,"GA","unpooled",74.0408788302127,73.16,0.880878830212708,0.77594751351691
1983,5,"HI","unpooled",78.7764494460043,78.66,0.11644944600431,0.0135604734747108
1983,5,"ID","unpooled",76.4933428721014,76.18,0.313342872101387,0.0981837554967462
1983,5,"IL","unpooled",74.9504037861371,74.39,0.560403786137059,0.31405240351675
1983,5,"IN","unpooled",75.3241833028058,74.85,0.47418330280577,0.224849804659788
1983,5,"IA","unpooled",77.1761217330515,76.79,0.386121733051496,0.149089992734691
1983,5,"KS","unpooled",76.6583774117932,76.32,0.338377411793175,0.114499272811848
1983,5,"KY","unpooled",74.1897016640741,73.87,0.319701664074103,0.10220915401175
1983,5,"LA","unpooled",73.2954461544308,72.99,0.305446154430797,0.0932973532565622
1983,5,"ME","unpooled",76.2446103454467,75.59,0.654610345446713,0.428514704365865
1983,5,"MD","unpooled",75.099193248564,74.2,0.899193248563989,0.80854849826306
1983,5,"MA","unpooled",76.4924296277689,75.78,0.712429627768941,0.507555974522992
1983,5,"MI","unpooled",74.8864109699163,74.59,0.296410969916252,0.0878594630866933
1983,5,"MN","unpooled",77.8144012815335,77.27,0.54440128153351,0.296372755335328
1983,5,"MS","unpooled",73.6355333885576,73.14,0.495533388557604,0.245553339175381
1983,5,"MO","unpooled",75.30366545972,74.98,0.323665459720004,0.104759329815762
1983,5,"MT","unpooled",76.0912322001066,76.28,-0.188767799893427,0.0356332822766047
1983,5,"NE","unpooled",76.9983816014282,76.57,0.428381601428185,0.183510796442177
1983,5,"NV","unpooled",75.2293477696638,74.12,1.10934776966376,1.23065247405795
1983,5,"NH","unpooled",76.6832095879747,76.06,0.623209587974657,0.388390190543541
1983,5,"NJ","unpooled",75.4082993591512,74.56,0.84829935915117,0.719611802736286
1983,5,"NM","unpooled",76.3332726814291,75.5,0.833272681429108,0.694343361616055
1983,5,"NY","unpooled",74.9788028883208,73.88,1.09880288832085,1.20736778738224
1983,5,"NC","unpooled",75.007885243889,73.93,1.07788524388904,1.16183659899374
1983,5,"ND","unpooled",77.7493614978775,77.19,0.559361497877532,0.312885285307796
1983,5,"OH","unpooled",75.0457144631062,74.83,0.215714463106153,0.0465327295931757
1983,5,"OK","unpooled",74.7617501825761,74.88,-0.118249817423902,0.013983019320786
1983,5,"OR","unpooled",76.7188298299894,75.88,0.838829829989436,0.703635483680106
1983,5,"PA","unpooled",75.3470646177259,74.74,0.607064617725868,0.368527450094654
1983,5,"RI","unpooled",76.576174559504,76.06,0.51617455950398,0.266436175879128
1983,5,"SC","unpooled",73.9801642096471,73.03,0.950164209647099,0.902812025294296
1983,5,"SD","unpooled",76.4711642972208,76.55,-0.0788357027792017,0.00621506803269063
1983,5,"TN","unpooled",74.7206810997406,73.95,0.770681099740585,0.593949357497358
1983,5,"TX","unpooled",75.0820191865067,74.94,0.142019186506715,0.0201694493360292
1983,5,"UT","unpooled",77.4393417390531,77.24,0.199341739053139,0.0397371289287298
1983,5,"VT","unpooled",76.2436727122424,76.37,-0.12632728775759,0.015958583632189
1983,5,"VA","unpooled",75.3628814607454,74.83,0.532881460745386,0.283962651206137
1983,5,"WA","unpooled",77.0763504499143,76.27,0.806350449914333,0.650201048077048
1983,5,"WV","unpooled",74.458394927591,73.88,0.578394927590963,0.334540692262956
1983,5,"WI","unpooled",76.9897791714939,76.51,0.479779171493888,0.230188053399362
1983,5,"WY","unpooled",76.302699877303,75.86,0.442699877302971,0.195983181364065
1983,6,"USA","unpooled",75.6690171344749,75.13,0.539017134474904,0.290539471257536
1983,6,"AL","unpooled",74.6280057380417,73.53,1.09800573804171,1.20561660077251
1983,6,"AK","unpooled",74.864709572897,75.01,-0.145290427103006,0.021109308207774
1983,6,"AZ","unpooled",76.9378199703727,75.93,1.00781997037271,1.01570109268205
1983,6,"AR","unpooled",74.9701857509432,74.22,0.750185750943174,0.562778660918175
1983,6,"CA","unpooled",76.3473441725757,75.43,0.917344172575653,0.84152033095851
1983,6,"CO","unpooled",77.4494801692789,77.16,0.289480169278946,0.0837987684057671
1983,6,"CT","unpooled",77.0364832602514,76.47,0.566483260251431,0.32090328414509
1983,6,"DE","unpooled",75.5775152469133,74.37,1.20751524691325,1.45809307152796
1983,6,"FL","unpooled",76.0068914426359,75.41,0.596891442635894,0.356279394291958
1983,6,"GA","unpooled",74.2452412966408,73.34,0.905241296640796,0.819461805143909
1983,6,"HI","unpooled",79.0183305668054,78.18,0.838330566805382,0.702798139240233
1983,6,"ID","unpooled",76.6741209680973,76.75,-0.0758790319027156,0.00575762748249333
1983,6,"IL","unpooled",75.1297508098587,74.64,0.489750809858734,0.239855855757286
1983,6,"IN","unpooled",75.4853214756287,75.33,0.155321475628725,0.0241247607914845
1983,6,"IA","unpooled",77.3543258419549,77.07,0.284325841954882,0.0808411844033524
1983,6,"KS","unpooled",76.8159886184611,76.73,0.0859886184611014,0.00739404250484887
1983,6,"KY","unpooled",74.3363583381213,74.05,0.286358338121261,0.0820010978115703
1983,6,"LA","unpooled",73.4659603847764,72.88,0.585960384776357,0.343349572527256
1983,6,"ME","unpooled",76.4550960482506,76.21,0.245096048250559,0.0600720728680405
1983,6,"MD","unpooled",75.3101660154351,74.54,0.77016601543508,0.593155691331149
1983,6,"MA","unpooled",76.6825101026378,76.38,0.302510102637768,0.0915123621979131
1983,6,"MI","unpooled",75.0449580924641,74.84,0.204958092464068,0.0420078196665094
1983,6,"MN","unpooled",78.0145480580736,77.84,0.174548058073583,0.0304670245772589
1983,6,"MS","unpooled",73.829051557015,72.85,0.979051557015012,0.958541951293519
1983,6,"MO","unpooled",75.4651210066324,75.17,0.295121006632385,0.0870964085557124
1983,6,"MT","unpooled",76.319322450687,76.23,0.0893224506869501,0.00797850019672263
1983,6,"NE","unpooled",77.1683270754221,76.83,0.338327075422129,0.114465209963691
1983,6,"NV","unpooled",75.474330779376,74.62,0.854330779376028,0.729881080589251
1983,6,"NH","unpooled",76.8906499106768,76.52,0.370649910676761,0.137381356284691
1983,6,"NJ","unpooled",75.5905769039673,75.02,0.570576903967265,0.325558003340869
1983,6,"NM","unpooled",76.5573819442358,75.77,0.787381944235833,0.6199703261086
1983,6,"NY","unpooled",75.1597629175155,74.22,0.939762917515466,0.883154341137181
1983,6,"NC","unpooled",75.2211478665926,74.26,0.961147866592597,0.923805221455501
1983,6,"ND","unpooled",77.9526738543933,77.75,0.202673854393296,0.0410766912546351
1983,6,"OH","unpooled",75.2092377739715,75.23,-0.020762226028495,0.000431070029658314
1983,6,"OK","unpooled",74.8828105790064,75.12,-0.23718942099363,0.0562588214312935
1983,6,"OR","unpooled",76.9204595696896,76.15,0.770459569689606,0.593607948526293
1983,6,"PA","unpooled",75.5456331251445,75.08,0.465633125144464,0.2168142072318
1983,6,"RI","unpooled",76.7793756652904,76.22,0.559375665290375,0.31290113491905
1983,6,"SC","unpooled",74.2338362285274,73.23,1.00383622852743,1.00768717370418
1983,6,"SD","unpooled",76.6538695754968,76.69,-0.0361304245031704,0.0013054075747793
1983,6,"TN","unpooled",74.8937037983203,74.32,0.573703798320338,0.329136048207183
1983,6,"TX","unpooled",75.2374198329257,74.96,0.277419832925702,0.0769617637005243
1983,6,"UT","unpooled",77.6333181610852,77.55,0.0833181610852023,0.00694191596661972
1983,6,"VT","unpooled",76.439794651755,76.42,0.0197946517549781,0.000391828238100857
1983,6,"VA","unpooled",75.581645278347,75.22,0.361645278346998,0.130787307350678
1983,6,"WA","unpooled",77.2855621413527,76.77,0.515562141352717,0.265804321596199
1983,6,"WV","unpooled",74.6283400536643,74.01,0.61834005366434,0.382344421965619
1983,6,"WI","unpooled",77.1834384208251,76.82,0.363438420825133,0.132087485731867
1983,6,"WY","unpooled",76.5124576111018,75.96,0.552457611101758,0.305209412064261
1983,7,"USA","unpooled",75.8538244662396,75.39,0.463824466239643,0.21513313548249
1983,7,"AL","unpooled",74.8337481915353,73.66,1.17374819153528,1.37768481713234
1983,7,"AK","unpooled",75.064217414888,74.96,0.104217414888055,0.0108612695659489
1983,7,"AZ","unpooled",77.180028555176,76.23,0.950028555175962,0.902554255649725
1983,7,"AR","unpooled",75.1185786925646,74.35,0.768578692564603,0.590713206664314
1983,7,"CA","unpooled",76.5140326722182,75.82,0.694032672218214,0.481681350106354
1983,7,"CO","unpooled",77.6613991885279,77.21,0.451399188527873,0.203761227403622
1983,7,"CT","unpooled",77.2283053095619,77.12,0.108305309561857,0.0117300400792896
1983,7,"DE","unpooled",75.7687253234094,75.03,0.738725323409426,0.545715103446361
1983,7,"FL","unpooled",76.1896944095288,75.66,0.529694409528773,0.280576167486035
1983,7,"GA","unpooled",74.4496037630689,73.78,0.669603763068892,0.448369199516021
1983,7,"HI","unpooled",79.2602116876065,78.16,1.10021168760647,1.21046575754589
1983,7,"ID","unpooled",76.8548990640932,77.21,-0.355100935906819,0.126096674681899
1983,7,"IL","unpooled",75.3090978335804,74.92,0.389097833580408,0.151397124096967
1983,7,"IN","unpooled",75.6464596484517,75.4,0.246459648451676,0.0607423583149238
1983,7,"IA","unpooled",77.5325299508582,77.53,0.00252995085824637,6.40065134514152e-06
1983,7,"KS","unpooled",76.973599825129,76.95,0.0235998251290397,0.000556951746121253
1983,7,"KY","unpooled",74.4830150121684,74.44,0.0430150121684107,0.00185029127184852
1983,7,"LA","unpooled",73.6364746151219,73.08,0.556474615121914,0.309663997275082
1983,7,"ME","unpooled",76.6655817510544,76.57,0.0955817510543966,0.00913587113462464
1983,7,"MD","unpooled",75.5211387823062,74.87,0.651138782306177,0.423981713823171
1983,7,"MA","unpooled",76.8725905775066,76.81,0.0625905775065831,0.00391758039260759
1983,7,"MI","unpooled",75.2035052150119,75.14,0.0635052150118867,0.00403291233370595
1983,7,"MN","unpooled",78.2146948346137,77.84,0.374694834613663,0.140396219086161
1983,7,"MS","unpooled",74.0225697254724,73.07,0.952569725472415,0.907389081886592
1983,7,"MO","unpooled",75.6265765535448,75.29,0.336576553544759,0.113283776396068
1983,7,"MT","unpooled",76.5474127012673,76.36,0.187412701267334,0.035123520596319
1983,7,"NE","unpooled",77.3382725494161,76.91,0.428272549416079,0.183417376583348
1983,7,"NV","unpooled",75.7193137890883,74.52,1.19931378908831,1.43835356469735
1983,7,"NH","unpooled",77.0980902333789,76.95,0.148090233378852,0.0219307172222029
1983,7,"NJ","unpooled",75.7728544487833,75.43,0.342854448783342,0.117549173050529
1983,7,"NM","unpooled",76.7814912070425,76.02,0.761491207042553,0.579868858403125
1983,7,"NY","unpooled",75.3407229467101,74.59,0.750722946710084,0.563584942717072
1983,7,"NC","unpooled",75.4344104892962,74.7,0.734410489296152,0.539358766788214
1983,7,"ND","unpooled",78.1559862109091,77.49,0.665986210909068,0.443537633121018
1983,7,"OH","unpooled",75.3727610848369,75.32,0.0527610848368738,0.0027837320731638
1983,7,"OK","unpooled",75.0038709754367,74.97,0.0338709754366562,0.00114724297703057
1983,7,"OR","unpooled",77.1220893093898,76.47,0.652089309389794,0.425220467420458
1983,7,"PA","unpooled",75.7442016325631,75.42,0.32420163256306,0.105106698556553
1983,7,"RI","unpooled",76.9825767710768,76.39,0.592576771076764,0.351147229619764
1983,7,"SC","unpooled",74.4875082474078,73.62,0.86750824740777,0.7525705593205
1983,7,"SD","unpooled",76.8365748537729,77.14,-0.303425146227141,0.0920668193629621
1983,7,"TN","unpooled",75.0667264969001,74.18,0.886726496900067,0.786283880304665
1983,7,"TX","unpooled",75.3928204793447,75.18,0.212820479344671,0.0452925564284957
1983,7,"UT","unpooled",77.8272945831173,78,-0.172705416882735,0.0298271610206393
1983,7,"VT","unpooled",76.6359165912675,76.7,-0.0640834087324578,0.00410668327477124
1983,7,"VA","unpooled",75.8004090959486,75.33,0.470409095948611,0.221284717551189
1983,7,"WA","unpooled",77.4947738327911,76.79,0.704773832791091,0.496706155387044
1983,7,"WV","unpooled",74.7982851797377,74.43,0.368285179737725,0.135633973614449
1983,7,"WI","unpooled",77.3770976701564,76.87,0.507097670156355,0.257148047078004
1983,7,"WY","unpooled",76.7222153449005,76.42,0.302215344900532,0.0913341146933473
1983,8,"USA","unpooled",76.0386317980044,75.54,0.498631798004382,0.248633669981083
1983,8,"AL","unpooled",75.0394906450288,73.64,1.39949064502885,1.95857406552326
1983,8,"AK","unpooled",75.2637252568791,75.42,-0.156274743120903,0.0244217953375043
1983,8,"AZ","unpooled",77.4222371399792,76.37,1.05223713997921,1.10720299875163
1983,8,"AR","unpooled",75.266971634186,74.3,0.966971634186024,0.935034141320389
1983,8,"CA","unpooled",76.6807211718608,76.07,0.61072117186076,0.37298034975898
1983,8,"CO","unpooled",77.8733182077768,77.01,0.863318207776786,0.745318327878921
1983,8,"CT","unpooled",77.4201273588723,77.19,0.230127358872295,0.052958601301538
1983,8,"DE","unpooled",75.9599353999056,75.1,0.859935399905609,0.73948889201082
1983,8,"FL","unpooled",76.3724973764216,75.96,0.412497376421655,0.170154085554748
1983,8,"GA","unpooled",74.653966229497,73.99,0.663966229496992,0.440851153912453
1983,8,"HI","unpooled",79.5020928084076,78.66,0.842092808407557,0.709120297971726
1983,8,"ID","unpooled",77.0356771600891,77.19,-0.154322839910932,0.0238155389181753
1983,8,"IL","unpooled",75.4884448573021,74.95,0.538444857302082,0.289922864355059
1983,8,"IN","unpooled",75.8075978212746,75.45,0.357597821274638,0.127876201780368
1983,8,"IA","unpooled",77.7107340597616,77.35,0.360734059761626,0.130129061872104
1983,8,"KS","unpooled",77.131211031797,76.73,0.401211031796976,0.160970292035594
1983,8,"KY","unpooled",74.6296716862156,74.46,0.169671686215565,0.0287884811032333
1983,8,"LA","unpooled",73.8069888454675,73.1,0.706988845467478,0.499833227615438
1983,8,"ME","unpooled",76.8760674538582,76.59,0.286067453858223,0.0818345881569266
1983,8,"MD","unpooled",75.7321115491773,75.14,0.592111549177275,0.350596086669113
1983,8,"MA","unpooled",77.0626710523754,77.04,0.0226710523754008,0.000513976615808166
1983,8,"MI","unpooled",75.3620523375597,75.18,0.182052337559696,0.0331430536109496
1983,8,"MN","unpooled",78.4148416111537,77.87,0.544841611153743,0.296852381244606
1983,8,"MS","unpooled",74.2160878939298,73.07,1.14608789392982,1.31351746061248
1983,8,"MO","unpooled",75.7880321004571,75.25,0.538032100457144,0.289478541122327
1983,8,"MT","unpooled",76.7755029518477,76.47,0.305502951847714,0.0933320535876667
1983,8,"NE","unpooled",77.50821802341,77.17,0.338218023410022,0.114391431359382
1983,8,"NV","unpooled",75.9642967988006,74.53,1.43429679880057,2.05720730704957
1983,8,"NH","unpooled",77.305530556081,77.24,0.065530556080958,0.00429425378027959
1983,8,"NJ","unpooled",75.9551319935994,75.64,0.315131993599437,0.0993081733899553
1983,8,"NM","unpooled",77.0056004698493,75.83,1.17560046984927,1.38203646470983
1983,8,"NY","unpooled",75.5216829759047,74.82,0.701682975904717,0.4923589986745
1983,8,"NC","unpooled",75.6476731119997,74.76,0.887673111999703,0.787963553767238
1983,8,"ND","unpooled",78.3592985674248,77.83,0.529298567424831,0.280156973477979
1983,8,"OH","unpooled",75.5362843957022,75.39,0.146284395702224,0.021399124425965
1983,8,"OK","unpooled",75.1249313718669,75.1,0.0249313718669413,0.000621573303167711
1983,8,"OR","unpooled",77.32371904909,76.91,0.413719049089977,0.171163451579915
1983,8,"PA","unpooled",75.9427701399817,75.61,0.332770139981662,0.110735966063415
1983,8,"RI","unpooled",77.1857778768632,76.87,0.315777876863152,0.0997156675161997
1983,8,"SC","unpooled",74.7411802662881,73.88,0.861180266288116,0.74163145104407
1983,8,"SD","unpooled",77.0192801320489,77.01,0.009280132048886,8.61208508447611e-05
1983,8,"TN","unpooled",75.2397491954798,74.5,0.739749195479817,0.547228872213037
1983,8,"TX","unpooled",75.5482211257637,75.38,0.168221125763665,0.0282983471531949
1983,8,"UT","unpooled",78.0212710051493,77.94,0.0812710051493326,0.00660497627798285
1983,8,"VT","unpooled",76.8320385307801,77.25,-0.41796146921989,0.174691789752449
1983,8,"VA","unpooled",76.0191729135502,75.4,0.619172913550216,0.383375096874263
1983,8,"WA","unpooled",77.7039855242295,77.17,0.533985524229479,0.285140540086631
1983,8,"WV","unpooled",74.9682303058111,74.21,0.758230305811125,0.574913196650432
1983,8,"WI","unpooled",77.5707569194876,77.04,0.530756919487587,0.281702907583953
1983,8,"WY","unpooled",76.9319730786993,76.67,0.261973078699313,0.0686298939631965
1983,9,"USA","unpooled",76.2234391297691,75.8,0.423439129769136,0.179300696619643
1983,9,"AL","unpooled",75.2452330985224,74.2,1.04523309852242,1.09251223024677
1983,9,"AK","unpooled",75.4632330988701,75.39,0.0732330988701477,0.00536308677012483
1983,9,"AZ","unpooled",77.6644457247825,76.32,1.34444572478247,1.80753430688587
1983,9,"AR","unpooled",75.4153645758074,74.6,0.81536457580745,0.664819391481663
1983,9,"CA","unpooled",76.8474096715033,76.32,0.527409671503307,0.278160961595226
1983,9,"CO","unpooled",78.0852372270257,77.53,0.555237227025714,0.308288378275204
1983,9,"CT","unpooled",77.6119494081827,77.32,0.291949408182731,0.0852344569382469
1983,9,"DE","unpooled",76.1511454764018,75.49,0.661145476401785,0.437113340966543
1983,9,"FL","unpooled",76.5553003433145,76.16,0.395300343314531,0.156262361424586
1983,9,"GA","unpooled",74.8583286959251,74.35,0.508328695925087,0.2583980631009
1983,9,"HI","unpooled",79.7439739292086,78.74,1.00397392920864,1.00796365053064
1983,9,"ID","unpooled",77.216455256085,77.36,-0.143544743915044,0.0206050935056355
1983,9,"IL","unpooled",75.6677918810238,75.41,0.257791881023763,0.0664566539217702
1983,9,"IN","unpooled",75.9687359940976,75.79,0.178735994097593,0.0319465555860549
1983,9,"IA","unpooled",77.888938168665,77.87,0.0189381686649881,0.000358654232383537
1983,9,"KS","unpooled",77.2888222384649,77.22,0.068822238464918,0.00473650050732204
1983,9,"KY","unpooled",74.7763283602627,74.84,-0.0636716397372936,0.00405407770683571
1983,9,"LA","unpooled",73.977503075813,73.52,0.457503075813037,0.209309064378389
1983,9,"ME","unpooled",77.0865531566621,77.01,0.0765531566620581,0.00586038579492561
1983,9,"MD","unpooled",75.9430843160484,75.25,0.69308431604837,0.480365869152237
1983,9,"MA","unpooled",77.2527515272442,76.95,0.302751527244226,0.0916584872487112
1983,9,"MI","unpooled",75.5205994601075,75.59,-0.0694005398924844,0.00481643493736832
1983,9,"MN","unpooled",78.6149883876938,78.15,0.464988387693822,0.2162142006901
1983,9,"MS","unpooled",74.4096060623872,73.22,1.18960606238721,1.41516258366841
1983,9,"MO","unpooled",75.9494876473695,75.51,0.439487647369518,0.193149392190394
1983,9,"MT","unpooled",77.0035932024281,76.63,0.373593202428097,0.139571880900481
1983,9,"NE","unpooled",77.678163497404,77.48,0.198163497403968,0.0392687717033724
1983,9,"NV","unpooled",76.2092798085128,75.13,1.07927980851285,1.16484490506354
1983,9,"NH","unpooled",77.512970878783,77.59,-0.0770291212169525,0.00593348551545596
1983,9,"NJ","unpooled",76.1374095384155,75.79,0.347409538415519,0.120693387382084
1983,9,"NM","unpooled",77.229709732656,76.38,0.849709732655995,0.722006629770323
1983,9,"NY","unpooled",75.7026430050993,75.1,0.602643005099338,0.363178591595161
1983,9,"NC","unpooled",75.8609357347033,75,0.860935734703261,0.741210339289044
1983,9,"ND","unpooled",78.5626109239406,77.95,0.612610923940593,0.375292144131348
1983,9,"OH","unpooled",75.6998077065676,75.73,-0.030192293432421,0.000911574582709414
1983,9,"OK","unpooled",75.2459917682972,75.25,-0.00400823170278386,1.60659213832016e-05
1983,9,"OR","unpooled",77.5253487887902,76.99,0.535348788790159,0.286598325659091
1983,9,"PA","unpooled",76.1413386474003,75.73,0.411338647400257,0.169199482845073
1983,9,"RI","unpooled",77.3889789826495,77.01,0.378978982649542,0.143625069290082
1983,9,"SC","unpooled",74.9948522851684,74.09,0.904852285168445,0.818757657974557
1983,9,"SD","unpooled",77.2019854103249,76.93,0.271985410324916,0.073976063429613
1983,9,"TN","unpooled",75.4127718940596,74.74,0.672771894059565,0.452622021436495
1983,9,"TX","unpooled",75.7036217721826,75.53,0.173621772182642,0.0301445197758413
1983,9,"UT","unpooled",78.2152474271814,78.27,-0.0547525728186002,0.00299784423025612
1983,9,"VT","unpooled",77.0281604702927,76.85,0.178160470292681,0.0317411531749094
1983,9,"VA","unpooled",76.2379367311518,75.79,0.447936731151827,0.200647315114985
1983,9,"WA","unpooled",77.9131972156679,77.19,0.723197215667867,0.523014212749755
1983,9,"WV","unpooled",75.1381754318845,74.45,0.688175431884503,0.473585425049422
1983,9,"WI","unpooled",77.7644161688188,77.57,0.194416168818833,0.037797646698193
1983,9,"WY","unpooled",77.1417308124981,76.44,0.701730812498099,0.492426133209242
1983,10,"USA","unpooled",76.4082464615339,75.59,0.818246461533874,0.669527271812706
1983,10,"AL","unpooled",75.450975552016,73.83,1.62097555201599,2.62756174023355
1983,10,"AK","unpooled",75.6627409408612,75.54,0.122740940861192,0.0150653385634906
1983,10,"AZ","unpooled",77.9066543095857,76.07,1.83665430958573,3.37329905291982
1983,10,"AR","unpooled",75.5637575174289,74.17,1.39375751742887,1.94256001738948
1983,10,"CA","unpooled",77.0140981711458,76.25,0.764098171145847,0.583846015148427
1983,10,"CO","unpooled",78.2971562462746,77.27,1.02715624627464,1.05504995426102
1983,10,"CT","unpooled",77.8037714574932,77.08,0.723771457493157,0.523845122681769
1983,10,"DE","unpooled",76.342355552898,75.42,0.922355552897955,0.850739765961691
1983,10,"FL","unpooled",76.7381033102074,75.88,0.858103310207412,0.736341290988917
1983,10,"GA","unpooled",75.0626911623532,74.06,1.00269116235317,1.00538956706116
1983,10,"HI","unpooled",79.9858550500097,78.62,1.36585505000971,1.86556001763704
1983,10,"ID","unpooled",77.3972333520808,77.17,0.227233352080844,0.051634996297897
1983,10,"IL","unpooled",75.8471389047454,75.08,0.767138904745437,0.588502099174029
1983,10,"IN","unpooled",76.1298741669206,75.51,0.619874166920553,0.38424398281545
1983,10,"IA","unpooled",78.0671422775684,77.58,0.487142277568367,0.237307598594496
1983,10,"KS","unpooled",77.4464334451329,76.79,0.656433445132848,0.430904867888979
1983,10,"KY","unpooled",74.9229850343099,74.52,0.402985034309864,0.162396937877723
1983,10,"LA","unpooled",74.1480173061586,73.02,1.1280173061586,1.2724230429933
1983,10,"ME","unpooled",77.2970388594659,76.68,0.617038859465893,0.38073695409097
1983,10,"MD","unpooled",76.1540570829195,75.04,1.11405708291946,1.24112318400301
1983,10,"MA","unpooled",77.442832002113,76.88,0.562832002113055,0.31677986260259
1983,10,"MI","unpooled",75.6791465826553,75.35,0.329146582655341,0.108337472873689
1983,10,"MN","unpooled",78.8151351642339,78,0.815135164233908,0.66444533597064
1983,10,"MS","unpooled",74.6031242308446,72.95,1.65312423084461,2.73281972260559
1983,10,"MO","unpooled",76.1109431942819,75.18,0.930943194281895,0.866655230979777
1983,10,"MT","unpooled",77.2316834530085,76.41,0.821683453008475,0.675163696947931
1983,10,"NE","unpooled",77.8481089713979,77.14,0.70810897139792,0.50141831537422
1983,10,"NV","unpooled",76.4542628182251,74.9,1.55426281822511,2.41573290811707
1983,10,"NH","unpooled",77.7204112014851,77.53,0.190411201485148,0.0362564256510175
1983,10,"NJ","unpooled",76.3196870832316,75.71,0.60968708323162,0.37171833945948
1983,10,"NM","unpooled",77.4538189954627,76.14,1.31381899546271,1.72612035283865
1983,10,"NY","unpooled",75.883603034294,74.97,0.913603034293956,0.834670504271124
1983,10,"NC","unpooled",76.0741983574068,74.79,1.28419835740681,1.64916542116634
1983,10,"ND","unpooled",78.7659232804564,77.95,0.81592328045636,0.665730799590668
1983,10,"OH","unpooled",75.8633310174329,75.62,0.243331017432936,0.059209984044948
1983,10,"OK","unpooled",75.3670521647275,74.71,0.657052164727503,0.431717547173098
1983,10,"OR","unpooled",77.7269785284903,76.53,1.19697852849033,1.43275759766688
1983,10,"PA","unpooled",76.3399071548189,75.64,0.69990715481886,0.489870025366631
1983,10,"RI","unpooled",77.5921800884359,76.69,0.902180088435941,0.813928911970282
1983,10,"SC","unpooled",75.2485243040488,73.92,1.32852430404878,1.76497682644831
1983,10,"SD","unpooled",77.384690688601,76.86,0.524690688600955,0.275300318704545
1983,10,"TN","unpooled",75.5857945926393,74.34,1.2457945926393,1.55200416704932
1983,10,"TX","unpooled",75.8590224186016,75.44,0.419022418601628,0.175579787290758
1983,10,"UT","unpooled",78.4092238492135,77.92,0.48922384921346,0.239339974639234
1983,10,"VT","unpooled",77.2242824098052,76.63,0.594282409805245,0.35317158260393
1983,10,"VA","unpooled",76.4567005487534,75.63,0.82670054875345,0.683433797309256
1983,10,"WA","unpooled",78.1224089071062,76.96,1.16240890710625,1.35119446731996
1983,10,"WV","unpooled",75.3081205579579,74.3,1.00812055795789,1.01630705937734
1983,10,"WI","unpooled",77.9580754181501,77.12,0.838075418150055,0.70237040650739
1983,10,"WY","unpooled",77.3514885462969,76.47,0.881488546296879,0.777022057252585
1983,1,"USA","ratio_unpooled_3",74.7508529511634,74.69,0.0608529511633691,0.00370308166529138
1983,1,"AL","ratio_unpooled_3",73.5980153769462,73.29,0.30801537694623,0.0948734724353281
1983,1,"AK","ratio_unpooled_3",73.9025956807229,74.16,-0.2574043192771,0.0662569835825073
1983,1,"AZ","ratio_unpooled_3",75.7283644816796,75.29,0.438364481679571,0.192163418798199
1983,1,"AR","ratio_unpooled_3",74.2213616297597,73.99,0.231361629759746,0.0535282037250859
1983,1,"CA","ratio_unpooled_3",75.5013019993473,75.23,0.271301999347301,0.073604774849843
1983,1,"CO","ratio_unpooled_3",76.4190047294171,76.14,0.279004729417125,0.0778436390371229
1983,1,"CT","ratio_unpooled_3",76.07066530722,75.86,0.21066530722004,0.0443798716661139
1983,1,"DE","ratio_unpooled_3",74.6151218046316,74.61,0.00512180463162792,2.62328826845653e-05
1983,1,"FL","ratio_unpooled_3",75.0901112077875,75.17,-0.0798887922124578,0.00638221912116526
1983,1,"GA","ratio_unpooled_3",73.2165829247109,73.17,0.04658292471089,0.00216996887462044
1983,1,"HI","ratio_unpooled_3",77.8321219583362,77.66,0.17212195833622,0.0296259685414954
1983,1,"ID","ratio_unpooled_3",75.7797408001734,75.75,0.0297408001734141,0.000884515194954946
1983,1,"IL","ratio_unpooled_3",74.2394519059732,74.42,-0.180548094026804,0.0325976142567117
1983,1,"IN","ratio_unpooled_3",74.6886900979772,74.74,-0.0513099020227514,0.00263270604558435
1983,1,"IA","ratio_unpooled_3",76.4732574662318,76.66,-0.186742533768168,0.0348727739181554
1983,1,"KS","ratio_unpooled_3",76.026219252842,75.88,0.146219252842059,0.0213800699016899
1983,1,"KY","ratio_unpooled_3",73.6002840612765,73.82,-0.21971593872351,0.0482750937291534
1983,1,"LA","ratio_unpooled_3",72.6239438852622,72.96,-0.336056114737829,0.112933712252685
1983,1,"ME","ratio_unpooled_3",75.4230575958302,75.55,-0.126942404169768,0.0161143739764006
1983,1,"MD","ratio_unpooled_3",74.2360425063361,74.18,0.0560425063360981,0.00314076251643159
1983,1,"MA","ratio_unpooled_3",75.6856427099322,75.47,0.21564270993224,0.0465017783469202
1983,1,"MI","ratio_unpooled_3",74.2562302746181,74.28,-0.0237697253819391,0.0005649998447328
1983,1,"MN","ratio_unpooled_3",77.012154647235,76.94,0.0721546472349672,0.00520629311760256
1983,1,"MS","ratio_unpooled_3",72.8624339248212,72.81,0.0524339248212158,0.00274931647215691
1983,1,"MO","ratio_unpooled_3",74.6632591999004,74.73,-0.0667408000996375,0.00445433439793977
1983,1,"MT","ratio_unpooled_3",75.1675833796467,75.28,-0.112416620353301,0.0126374965316582
1983,1,"NE","ratio_unpooled_3",76.314970887011,76.33,-0.0150291129889553,0.000225874237234784
1983,1,"NV","ratio_unpooled_3",74.2539237153324,74.05,0.203923715332394,0.0415848816749672
1983,1,"NH","ratio_unpooled_3",75.8587910444903,75.72,0.138791044490276,0.0192629540307017
1983,1,"NJ","ratio_unpooled_3",74.6864369825799,74.67,0.0164369825798616,0.000270174396330673
1983,1,"NM","ratio_unpooled_3",75.4438599372844,75.26,0.183859937284396,0.033804476538222
1983,1,"NY","ratio_unpooled_3",74.2648903039221,74.13,0.134890303922134,0.0181953940922057
1983,1,"NC","ratio_unpooled_3",74.1563175892202,74.06,0.0963175892202344,0.00927707799319781
1983,1,"ND","ratio_unpooled_3",76.9853454886709,76.79,0.195345488670853,0.0381598599440543
1983,1,"OH","ratio_unpooled_3",74.403952404379,74.48,-0.0760475956210485,0.00578323679974251
1983,1,"OK","ratio_unpooled_3",74.3589037390765,74.58,-0.221096260923531,0.0488835565943661
1983,1,"OR","ratio_unpooled_3",75.9219783589592,75.53,0.391978358959207,0.153647033892353
1983,1,"PA","ratio_unpooled_3",74.5491611607854,74.49,0.0591611607853793,0.0035000429454735
1983,1,"RI","ratio_unpooled_3",75.7551761529343,75.66,0.0951761529343145,0.00905850008737602
1983,1,"SC","ratio_unpooled_3",72.93531693389,72.94,-0.00468306610996194,2.19311081902741e-05
1983,1,"SD","ratio_unpooled_3",75.7362659154075,75.95,-0.213734084592531,0.0456822589166071
1983,1,"TN","ratio_unpooled_3",74.0315417256483,73.82,0.211541725648289,0.0447499016902558
1983,1,"TX","ratio_unpooled_3",74.459810550443,74.43,0.0298105504429458,0.000888668917711415
1983,1,"UT","ratio_unpooled_3",76.7130045506131,76.31,0.403004550613062,0.162412667814836
1983,1,"VT","ratio_unpooled_3",75.432799257506,75.58,-0.147200742493979,0.0216680585907787
1983,1,"VA","ratio_unpooled_3",74.4945055495333,74.33,0.16450554953326,0.0270620758272398
1983,1,"WA","ratio_unpooled_3",76.2396138661926,75.86,0.379613866192628,0.144106687405714
1983,1,"WV","ratio_unpooled_3",73.775883012881,73.78,-0.00411698711900499,1.6949582938053e-05
1983,1,"WI","ratio_unpooled_3",76.2072497268293,76.13,0.0772497268293222,0.0059675202952049
1983,1,"WY","ratio_unpooled_3",75.4404464868961,75.5,-0.0595535131038645,0.00354662092301216
1983,2,"USA","ratio_unpooled_3",74.9358857840766,74.66,0.275885784076578,0.0761129658555485
1983,2,"AL","ratio_unpooled_3",73.8038475636382,73.3,0.503847563638189,0.253862367384139
1983,2,"AK","ratio_unpooled_3",74.1034361276205,73.92,0.183436127620539,0.0336488129164185
1983,2,"AZ","ratio_unpooled_3",75.9706060973981,75.53,0.440606097398089,0.194133733064374
1983,2,"AR","ratio_unpooled_3",74.3694903004426,73.85,0.519490300442655,0.269870172254
1983,2,"CA","ratio_unpooled_3",75.6675059228248,75.14,0.527505922824773,0.278262498615215
1983,2,"CO","ratio_unpooled_3",76.6320096638744,76.53,0.102009663874398,0.0104059715237676
1983,2,"CT","ratio_unpooled_3",76.2623685697173,75.91,0.352368569717285,0.124163608924605
1983,2,"DE","ratio_unpooled_3",74.8060860924096,73.93,0.87608609240958,0.767526841313486
1983,2,"FL","ratio_unpooled_3",75.2728187352238,74.96,0.312818735223786,0.0978555611070091
1983,2,"GA","ratio_unpooled_3",73.4207044838298,73.03,0.390704483829779,0.152649993684694
1983,2,"HI","ratio_unpooled_3",78.0748710868204,77.85,0.224871086820414,0.0505670056877943
1983,2,"ID","ratio_unpooled_3",75.960876402408,76.37,-0.409123597592028,0.167382118106644
1983,2,"IL","ratio_unpooled_3",74.4199828460544,74.42,-1.71539456061964e-05,2.94257849860346e-10
1983,2,"IN","ratio_unpooled_3",74.8501144192189,74.76,0.0901144192189207,0.00812060855116339
1983,2,"IA","ratio_unpooled_3",76.6518442918621,76.38,0.271844291862124,0.0738993190180194
1983,2,"KS","ratio_unpooled_3",76.1837505616476,76.16,0.0237505616476028,0.000564089178576581
1983,2,"KY","ratio_unpooled_3",73.7468195419519,73.71,0.0368195419518713,0.00135567866954561
1983,2,"LA","ratio_unpooled_3",72.7948717606424,72.75,0.0448717606423799,0.00201347490314703
1983,2,"ME","ratio_unpooled_3",75.6343564520545,75.09,0.544356452054458,0.296323946893318
1983,2,"MD","ratio_unpooled_3",74.4461120866709,74.02,0.426112086670869,0.181571510407003
1983,2,"MA","ratio_unpooled_3",75.8737116667355,75.56,0.313711666735543,0.0984150098459923
1983,2,"MI","ratio_unpooled_3",74.4149314392568,74.13,0.284931439256781,0.0811859250769404
1983,2,"MN","ratio_unpooled_3",77.2122545929895,76.89,0.322254592989538,0.103848022702852
1983,2,"MS","ratio_unpooled_3",73.055995113857,72.67,0.385995113857035,0.148992227921506
1983,2,"MO","ratio_unpooled_3",74.8248046724583,74.69,0.13480467245833,0.0181722997165976
1983,2,"MT","ratio_unpooled_3",75.3951779806029,75.56,-0.164822019397121,0.027166298078145
1983,2,"NE","ratio_unpooled_3",76.4847772443078,76.38,0.10477724430784,0.0109782709247448
1983,2,"NV","ratio_unpooled_3",74.4990737819224,74,0.499073781922363,0.24907463980229
1983,2,"NH","ratio_unpooled_3",76.0664452649452,75.43,0.636445264945237,0.405062575271213
1983,2,"NJ","ratio_unpooled_3",74.8689922587008,74.53,0.338992258700785,0.11491575145906
1983,2,"NM","ratio_unpooled_3",75.6682261841284,75.23,0.438226184128396,0.192042188455735
1983,2,"NY","ratio_unpooled_3",74.4462319991363,74.08,0.366231999136318,0.134125877191384
1983,2,"NC","ratio_unpooled_3",74.3698593183074,74.01,0.359859318307386,0.129498728972657
1983,2,"ND","ratio_unpooled_3",77.1905543787385,77.06,0.130554378738509,0.0170444458077981
1983,2,"OH","ratio_unpooled_3",74.5679508067703,74.53,0.0379508067702972,0.00144026373451643
1983,2,"OK","ratio_unpooled_3",74.4830935966436,74.54,-0.0569064033564075,0.00323833874296215
1983,2,"OR","ratio_unpooled_3",76.1240321603962,75.58,0.544032160396242,0.295970991545402
1983,2,"PA","ratio_unpooled_3",74.7475916110971,74.43,0.317591611097072,0.100864431439234
1983,2,"RI","ratio_unpooled_3",75.9580646788087,75.61,0.34806467880874,0.121149020634231
1983,2,"SC","ratio_unpooled_3",73.1878027470952,73,0.187802747095247,0.0352698718165215
1983,2,"SD","ratio_unpooled_3",75.9188156000819,76.11,-0.1911843999181,0.0365514747720441
1983,2,"TN","ratio_unpooled_3",74.204469995019,73.85,0.354469995019016,0.125648977368782
1983,2,"TX","ratio_unpooled_3",74.6151878384505,74.57,0.0451878384504596,0.00204194074382483
1983,2,"UT","ratio_unpooled_3",76.9088895617128,76.53,0.378889561712782,0.143557299974904
1983,2,"VT","ratio_unpooled_3",75.6279108125989,75.5,0.127910812598941,0.0163611759797214
1983,2,"VA","ratio_unpooled_3",74.7135169708959,74.47,0.243516970895854,0.0593005151142922
1983,2,"WA","ratio_unpooled_3",76.4488380252099,75.86,0.588838025209867,0.346730219933056
1983,2,"WV","ratio_unpooled_3",73.9457148609815,73.79,0.155714860981504,0.0242471179304893
1983,2,"WI","ratio_unpooled_3",76.4006056170159,76.36,0.0406056170158706,0.00164881613323956
1983,2,"WY","ratio_unpooled_3",75.6493181300888,75.21,0.439318130088822,0.193000419424739
1983,3,"USA","ratio_unpooled_3",75.1209186169898,74.74,0.380918616989788,0.145098992769413
1983,3,"AL","ratio_unpooled_3",74.0096797503301,73.28,0.729679750330135,0.532432538041848
1983,3,"AK","ratio_unpooled_3",74.3042765745182,73.88,0.424276574518188,0.180010611684888
1983,3,"AZ","ratio_unpooled_3",76.2128477131166,75.54,0.672847713116596,0.452724045046233
1983,3,"AR","ratio_unpooled_3",74.5176189711256,74.15,0.367618971125552,0.135143707931409
1983,3,"CA","ratio_unpooled_3",75.8337098463022,75.29,0.543709846302235,0.295620396966
1983,3,"CO","ratio_unpooled_3",76.8450145983317,76.43,0.415014598331666,0.172237116828394
1983,3,"CT","ratio_unpooled_3",76.4540718322145,76.11,0.344071832214524,0.11838542572346
1983,3,"DE","ratio_unpooled_3",74.9970503801875,74.11,0.887050380187546,0.78685837699087
1983,3,"FL","ratio_unpooled_3",75.45552626266,75.17,0.285526262660014,0.0815252466685951
1983,3,"GA","ratio_unpooled_3",73.6248260429487,73.18,0.444826042948662,0.197870208485365
1983,3,"HI","ratio_unpooled_3",78.3176202153046,78.06,0.257620215304598,0.0663681753335876
1983,3,"ID","ratio_unpooled_3",76.1420120046425,75.99,0.152012004642543,0.0231076495554446
1983,3,"IL","ratio_unpooled_3",74.6005137861356,74.34,0.26051378613559,0.0678674327666999
1983,3,"IN","ratio_unpooled_3",75.0115387404606,74.59,0.421538740460605,0.177694909709113
1983,3,"IA","ratio_unpooled_3",76.8304311174924,76.88,-0.049568882507586,0.00245707411305086
1983,3,"KS","ratio_unpooled_3",76.3412818704531,76.22,0.121281870453146,0.0147092921006136
1983,3,"KY","ratio_unpooled_3",73.8933550226272,73.77,0.123355022627251,0.0152164616073697
1983,3,"LA","ratio_unpooled_3",72.9657996360226,73.09,-0.124200363977408,0.0154257304121207
1983,3,"ME","ratio_unpooled_3",75.8456553082787,75.62,0.225655308278689,0.0509203181543504
1983,3,"MD","ratio_unpooled_3",74.6561816670056,74.08,0.576181667005628,0.331985313393384
1983,3,"MA","ratio_unpooled_3",76.0617806235389,75.72,0.341780623538853,0.116813994626607
1983,3,"MI","ratio_unpooled_3",74.5736326038955,74.17,0.403632603895488,0.162919278927452
1983,3,"MN","ratio_unpooled_3",77.4123545387441,76.89,0.522354538744111,0.272854264146573
1983,3,"MS","ratio_unpooled_3",73.2495563028929,72.91,0.339556302892859,0.115298482834267
1983,3,"MO","ratio_unpooled_3",74.9863501450163,74.76,0.226350145016283,0.0512343881488926
1983,3,"MT","ratio_unpooled_3",75.6227725815591,75.58,0.0427725815590634,0.00182949373322673
1983,3,"NE","ratio_unpooled_3",76.6545836016046,76.38,0.274583601604633,0.0753961542701716
1983,3,"NV","ratio_unpooled_3",74.7442238485123,74.24,0.504223848512339,0.254241689408594
1983,3,"NH","ratio_unpooled_3",76.2740994854002,75.76,0.514099485400209,0.264298280888759
1983,3,"NJ","ratio_unpooled_3",75.0515475348217,74.66,0.391547534821711,0.153309472024959
1983,3,"NM","ratio_unpooled_3",75.8925924309724,75.2,0.692592430972397,0.479684275440254
1983,3,"NY","ratio_unpooled_3",74.6275736943505,73.97,0.657573694350504,0.432403163501769
1983,3,"NC","ratio_unpooled_3",74.5834010473945,73.93,0.653401047394539,0.42693292873628
1983,3,"ND","ratio_unpooled_3",77.3957632688062,77.9,-0.504236731193842,0.254254681085051
1983,3,"OH","ratio_unpooled_3",74.7319492091616,74.54,0.191949209161635,0.036844498897777
1983,3,"OK","ratio_unpooled_3",74.6072834542107,74.62,-0.0127165457892744,0.000161710536810712
1983,3,"OR","ratio_unpooled_3",76.3260859618333,75.94,0.386085961833274,0.149062369924724
1983,3,"PA","ratio_unpooled_3",74.9460220614088,74.59,0.35602206140878,0.126751708209757
1983,3,"RI","ratio_unpooled_3",76.1609532046832,75.59,0.570953204683164,0.325987561937975
1983,3,"SC","ratio_unpooled_3",73.4402885603005,72.83,0.610288560300461,0.372452126833609
1983,3,"SD","ratio_unpooled_3",76.1013652847563,75.75,0.351365284756326,0.123457563331894
1983,3,"TN","ratio_unpooled_3",74.3773982643897,73.87,0.507398264389735,0.257452998705716
1983,3,"TX","ratio_unpooled_3",74.770565126458,74.79,-0.0194348735420533,0.000377714309595604
1983,3,"UT","ratio_unpooled_3",77.1047745728125,77,0.104774572812502,0.0109777111080423
1983,3,"VT","ratio_unpooled_3",75.8230223676919,75.37,0.453022367691858,0.205229265629137
1983,3,"VA","ratio_unpooled_3",74.9325283922584,74.48,0.452528392258444,0.204781945800012
1983,3,"WA","ratio_unpooled_3",76.6580621842271,76.26,0.398062184227101,0.15845350251165
1983,3,"WV","ratio_unpooled_3",74.115546709082,73.58,0.535546709082027,0.286810277608589
1983,3,"WI","ratio_unpooled_3",76.5939615072024,76.3,0.293961507202425,0.0864133677167215
1983,3,"WY","ratio_unpooled_3",75.8581897732815,75.63,0.2281897732815,0.0520705726302622
1983,4,"USA","ratio_unpooled_3",75.305951449903,74.88,0.425951449902996,0.181434637674465
1983,4,"AL","ratio_unpooled_3",74.2155119370221,73.6,0.615511937022092,0.378854944616687
1983,4,"AK","ratio_unpooled_3",74.5051170214158,74.5,0.00511702141582759,2.61839081700382e-05
1983,4,"AZ","ratio_unpooled_3",76.4550893288351,75.46,0.995089328835121,0.990202772361532
1983,4,"AR","ratio_unpooled_3",74.6657476418085,74.06,0.605747641808463,0.366930205556514
1983,4,"CA","ratio_unpooled_3",75.9999137697797,75.3,0.699913769779712,0.489879285127248
1983,4,"CO","ratio_unpooled_3",77.058019532789,76.59,0.468019532788944,0.219042283071981
1983,4,"CT","ratio_unpooled_3",76.6457750947118,76.26,0.385775094711761,0.148822423699868
1983,4,"DE","ratio_unpooled_3",75.1880146679655,74.39,0.798014667965504,0.636827410288093
1983,4,"FL","ratio_unpooled_3",75.6382337900963,75.24,0.398233790096256,0.158590151574429
1983,4,"GA","ratio_unpooled_3",73.8289476020676,73.25,0.578947602067558,0.335180325939775
1983,4,"HI","ratio_unpooled_3",78.5603693437888,77.83,0.730369343788794,0.533439378346474
1983,4,"ID","ratio_unpooled_3",76.3231476068771,76.38,-0.0568523931228953,0.00323219460380023
1983,4,"IL","ratio_unpooled_3",74.7810447262168,74.61,0.171044726216792,0.0292562983665773
1983,4,"IN","ratio_unpooled_3",75.1729630617023,74.99,0.182963061702296,0.0334754819474781
1983,4,"IA","ratio_unpooled_3",77.0090179431227,76.79,0.219017943122694,0.0479688594096955
1983,4,"KS","ratio_unpooled_3",76.4988131792587,76.51,-0.0111868207413153,0.000125144958298322
1983,4,"KY","ratio_unpooled_3",74.0398905033026,73.99,0.0498905033026347,0.0024890623197902
1983,4,"LA","ratio_unpooled_3",73.1367275114028,73.27,-0.133272488597186,0.017761556216887
1983,4,"ME","ratio_unpooled_3",76.0569541645029,75.69,0.366954164502928,0.134655358846042
1983,4,"MD","ratio_unpooled_3",74.8662512473404,74.1,0.766251247340392,0.587140974050707
1983,4,"MA","ratio_unpooled_3",76.2498495803422,75.91,0.339849580342161,0.115497737258743
1983,4,"MI","ratio_unpooled_3",74.7323337685342,74.4,0.332333768534198,0.110445733708142
1983,4,"MN","ratio_unpooled_3",77.6124544844987,77.33,0.282454484498686,0.0797805358134185
1983,4,"MS","ratio_unpooled_3",73.4431174919287,72.87,0.57311749192867,0.328463659554609
1983,4,"MO","ratio_unpooled_3",75.1478956175742,74.84,0.307895617574246,0.0947997113214265
1983,4,"MT","ratio_unpooled_3",75.8503671825152,76,-0.149632817484758,0.0223899800684268
1983,4,"NE","ratio_unpooled_3",76.8243899589014,76.5,0.32438995890142,0.105228845436065
1983,4,"NV","ratio_unpooled_3",74.9893739151023,74.27,0.71937391510231,0.517498829729625
1983,4,"NH","ratio_unpooled_3",76.4817537058552,76.19,0.291753705855186,0.0851202248802343
1983,4,"NJ","ratio_unpooled_3",75.2341028109426,74.65,0.584102810942625,0.341176093751076
1983,4,"NM","ratio_unpooled_3",76.1169586778164,75.34,0.776958677816395,0.603664787034201
1983,4,"NY","ratio_unpooled_3",74.8089153895647,73.99,0.818915389564694,0.670622415265894
1983,4,"NC","ratio_unpooled_3",74.7969427764817,74.11,0.6869427764817,0.471890378160387
1983,4,"ND","ratio_unpooled_3",77.6009721588738,77.41,0.190972158873819,0.0364703654649273
1983,4,"OH","ratio_unpooled_3",74.895947611553,74.79,0.105947611552978,0.0112248963937806
1983,4,"OK","ratio_unpooled_3",74.7314733117779,75.05,-0.318526688222136,0.101459251109762
1983,4,"OR","ratio_unpooled_3",76.5281397632703,75.78,0.748139763270302,0.559713105386144
1983,4,"PA","ratio_unpooled_3",75.1444525117205,74.59,0.554452511720484,0.307417587753154
1983,4,"RI","ratio_unpooled_3",76.3638417305576,75.72,0.643841730557597,0.414532174007401
1983,4,"SC","ratio_unpooled_3",73.6927743735057,73.02,0.672774373505675,0.452625357645953
1983,4,"SD","ratio_unpooled_3",76.2839149694308,76.19,0.093914969430756,0.00882002148317982
1983,4,"TN","ratio_unpooled_3",74.5503265337605,73.91,0.640326533760472,0.410018069837701
1983,4,"TX","ratio_unpooled_3",74.9259424144655,75.01,-0.084057585534552,0.00706567768589853
1983,4,"UT","ratio_unpooled_3",77.3006595839122,76.98,0.320659583912217,0.102822568754756
1983,4,"VT","ratio_unpooled_3",76.0181339227848,75.52,0.498133922784788,0.248137405028961
1983,4,"VA","ratio_unpooled_3",75.151539813621,74.79,0.361539813621036,0.130711036833133
1983,4,"WA","ratio_unpooled_3",76.8672863432443,76.29,0.577286343244339,0.33325952209642
1983,4,"WV","ratio_unpooled_3",74.2853785571825,73.77,0.515378557182544,0.265615057203561
1983,4,"WI","ratio_unpooled_3",76.787317397389,76.49,0.29731739738898,0.0883976347901567
1983,4,"WY","ratio_unpooled_3",76.0670614164742,76.61,-0.542938583525824,0.294782305481029
1983,5,"USA","ratio_unpooled_3",75.4909842828162,74.85,0.640984282816206,0.410860850817405
1983,5,"AL","ratio_unpooled_3",74.421344123714,73.35,1.07134412371404,1.14777823141661
1983,5,"AK","ratio_unpooled_3",74.7059574683135,74.79,-0.084042531686535,0.00706314713228223
1983,5,"AZ","ratio_unpooled_3",76.6973309445536,75.66,1.03733094455363,1.07605548852853
1983,5,"AR","ratio_unpooled_3",74.8138763124914,73.98,0.83387631249137,0.695349704534205
1983,5,"CA","ratio_unpooled_3",76.1661176932572,75.27,0.896117693257182,0.803026920168572
1983,5,"CO","ratio_unpooled_3",77.2710244672462,76.77,0.501024467246225,0.251025516779364
1983,5,"CT","ratio_unpooled_3",76.837478357209,76.28,0.557478357209007,0.310782118756453
1983,5,"DE","ratio_unpooled_3",75.3789789557435,74.26,1.11897895574346,1.25211390339672
1983,5,"FL","ratio_unpooled_3",75.8209413175325,75.13,0.690941317532491,0.477399904273535
1983,5,"GA","ratio_unpooled_3",74.0330691611864,73.16,0.87306916118645,0.762249760214812
1983,5,"HI","ratio_unpooled_3",78.803118472273,78.66,0.143118472272988,0.0204828971057541
1983,5,"ID","ratio_unpooled_3",76.5042832091117,76.18,0.324283209111655,0.105159599711754
1983,5,"IL","ratio_unpooled_3",74.961575666298,74.39,0.571575666297989,0.32669874230399
1983,5,"IN","ratio_unpooled_3",75.334387382944,74.85,0.484387382943979,0.234631136755317
1983,5,"IA","ratio_unpooled_3",77.187604768753,76.79,0.397604768752984,0.158089552135114
1983,5,"KS","ratio_unpooled_3",76.6563444880642,76.32,0.336344488064242,0.113127614651197
1983,5,"KY","ratio_unpooled_3",74.186425983978,73.87,0.316425983978007,0.10012540333645
1983,5,"LA","ratio_unpooled_3",73.307655386783,72.99,0.317655386783031,0.100904944752277
1983,5,"ME","ratio_unpooled_3",76.2682530207272,75.59,0.678253020727155,0.46002716012551
1983,5,"MD","ratio_unpooled_3",75.0763208276751,74.2,0.876320827675144,0.76793819301725
1983,5,"MA","ratio_unpooled_3",76.4379185371455,75.78,0.657918537145463,0.432856801519626
1983,5,"MI","ratio_unpooled_3",74.8910349331729,74.59,0.301034933172915,0.0906220309904211
1983,5,"MN","ratio_unpooled_3",77.8125544302533,77.27,0.542554430253261,0.294365309787441
1983,5,"MS","ratio_unpooled_3",73.6366786809645,73.14,0.496678680964493,0.246689712124629
1983,5,"MO","ratio_unpooled_3",75.3094410901322,74.98,0.329441090132207,0.108531431867497
1983,5,"MT","ratio_unpooled_3",76.0779617834714,76.28,-0.202038216528578,0.0408194409380486
1983,5,"NE","ratio_unpooled_3",76.9941963161982,76.57,0.42419631619822,0.17994251467614
1983,5,"NV","ratio_unpooled_3",75.2345239816923,74.12,1.11452398169227,1.2421637057672
1983,5,"NH","ratio_unpooled_3",76.6894079263102,76.06,0.629407926310151,0.396154337702044
1983,5,"NJ","ratio_unpooled_3",75.4166580870636,74.56,0.85665808706355,0.733863078131382
1983,5,"NM","ratio_unpooled_3",76.3413249246604,75.5,0.841324924660398,0.707827628854825
1983,5,"NY","ratio_unpooled_3",74.9902570847789,73.88,1.11025708477888,1.2326707943017
1983,5,"NC","ratio_unpooled_3",75.0104845055689,73.93,1.08048450556885,1.16744676677436
1983,5,"ND","ratio_unpooled_3",77.8061810489415,77.19,0.61618104894147,0.379679085074611
1983,5,"OH","ratio_unpooled_3",75.0599460139443,74.83,0.229946013944328,0.0528751693288852
1983,5,"OK","ratio_unpooled_3",74.855663169345,74.88,-0.0243368306550025,0.000592281326330268
1983,5,"OR","ratio_unpooled_3",76.7301935647073,75.88,0.85019356470734,0.722829097469773
1983,5,"PA","ratio_unpooled_3",75.3428829620322,74.74,0.602882962032197,0.363467865908716
1983,5,"RI","ratio_unpooled_3",76.566730256432,76.06,0.506730256432022,0.256775552783662
1983,5,"SC","ratio_unpooled_3",73.9452601867109,73.03,0.915260186710881,0.837701209378037
1983,5,"SD","ratio_unpooled_3",76.4664646541052,76.55,-0.0835353458948163,0.0069781540137666
1983,5,"TN","ratio_unpooled_3",74.7232548031312,73.95,0.773254803131195,0.597922990565463
1983,5,"TX","ratio_unpooled_3",75.081319702473,74.94,0.141319702472956,0.0199712583070447
1983,5,"UT","ratio_unpooled_3",77.4965445950119,77.24,0.256544595011945,0.0658151292298431
1983,5,"VT","ratio_unpooled_3",76.2132454778777,76.37,-0.156754522122299,0.0245719802057902
1983,5,"VA","ratio_unpooled_3",75.3705512349836,74.83,0.540551234983639,0.292195637642337
1983,5,"WA","ratio_unpooled_3",77.0765105022616,76.27,0.806510502261588,0.650459190258239
1983,5,"WV","ratio_unpooled_3",74.455210405283,73.88,0.575210405283059,0.330867010345901
1983,5,"WI","ratio_unpooled_3",76.9806732875755,76.51,0.470673287575522,0.22153334363715
1983,5,"WY","ratio_unpooled_3",76.2759330596669,75.86,0.415933059666855,0.173000310123832
1983,6,"USA","ratio_unpooled_3",75.6760171157294,75.13,0.546017115729413,0.298134690669467
1983,6,"AL","ratio_unpooled_3",74.627176310406,73.53,1.09717631040598,1.20379585611609
1983,6,"AK","ratio_unpooled_3",74.9067979152111,75.01,-0.10320208478889,0.0106506703047733
1983,6,"AZ","ratio_unpooled_3",76.9395725602721,75.93,1.00957256027213,1.01923675445443
1983,6,"AR","ratio_unpooled_3",74.9620049831743,74.22,0.742004983174283,0.550571395055468
1983,6,"CA","ratio_unpooled_3",76.3323216167346,75.43,0.902321616734639,0.814184300026613
1983,6,"CO","ratio_unpooled_3",77.4840294017035,77.16,0.324029401703498,0.104995053168327
1983,6,"CT","ratio_unpooled_3",77.0291816197063,76.47,0.559181619706251,0.312684083817307
1983,6,"DE","ratio_unpooled_3",75.5699432435214,74.37,1.19994324352142,1.4398637876727
1983,6,"FL","ratio_unpooled_3",76.0036488449687,75.41,0.593648844968726,0.352418951132703
1983,6,"GA","ratio_unpooled_3",74.2371907203053,73.34,0.897190720305332,0.804951188602
1983,6,"HI","ratio_unpooled_3",79.0458676007572,78.18,0.86586760075717,0.749726702040978
1983,6,"ID","ratio_unpooled_3",76.6854188113462,76.75,-0.0645811886537757,0.00417072992793457
1983,6,"IL","ratio_unpooled_3",75.1421066063792,74.64,0.502106606379186,0.252111044169623
1983,6,"IN","ratio_unpooled_3",75.4958117041857,75.33,0.165811704185657,0.0274935212449518
1983,6,"IA","ratio_unpooled_3",77.3661915943833,77.07,0.296191594383288,0.0877294605833141
1983,6,"KS","ratio_unpooled_3",76.8138757968698,76.73,0.0838757968697763,0.00703514930053998
1983,6,"KY","ratio_unpooled_3",74.3329614646534,74.05,0.282961464653397,0.0800671904787956
1983,6,"LA","ratio_unpooled_3",73.4785832621632,72.88,0.598583262163245,0.358301921741993
1983,6,"ME","ratio_unpooled_3",76.4795518769514,76.21,0.269551876951397,0.0726582143680209
1983,6,"MD","ratio_unpooled_3",75.2863904080099,74.54,0.746390408009901,0.557098641169187
1983,6,"MA","ratio_unpooled_3",76.6259874939488,76.38,0.245987493948775,0.0605098471791985
1983,6,"MI","ratio_unpooled_3",75.0497360978116,74.84,0.209736097811628,0.043989230725249
1983,6,"MN","ratio_unpooled_3",78.0126543760078,77.84,0.172654376007827,0.0298095335546522
1983,6,"MS","ratio_unpooled_3",73.8302398700003,72.85,0.980239870000318,0.96087020273824
1983,6,"MO","ratio_unpooled_3",75.4709865626902,75.17,0.30098656269017,0.0905929109200436
1983,6,"MT","ratio_unpooled_3",76.3055563844276,76.23,0.0755563844275997,0.00570876722777123
1983,6,"NE","ratio_unpooled_3",77.164002673495,76.83,0.334002673495007,0.111557785901812
1983,6,"NV","ratio_unpooled_3",75.4796740482822,74.62,0.859674048282244,0.739039469289982
1983,6,"NH","ratio_unpooled_3",76.8970621467651,76.52,0.377062146765127,0.142175862523126
1983,6,"NJ","ratio_unpooled_3",75.5992133631845,75.02,0.579213363184479,0.335488120091475
1983,6,"NM","ratio_unpooled_3",76.5656911715044,75.77,0.795691171504401,0.633124440410047
1983,6,"NY","ratio_unpooled_3",75.1715987799931,74.22,0.951598779993063,0.905540238084285
1983,6,"NC","ratio_unpooled_3",75.224026234656,74.26,0.964026234656004,0.929346581105032
1983,6,"ND","ratio_unpooled_3",78.0113899390091,77.75,0.261389939009121,0.0683247002151918
1983,6,"OH","ratio_unpooled_3",75.2239444163357,75.23,-0.00605558366433456,3.66700935157556e-05
1983,6,"OK","ratio_unpooled_3",74.9798530269121,75.12,-0.14014697308788,0.019641174065695
1983,6,"OR","ratio_unpooled_3",76.9322473661444,76.15,0.782247366144361,0.61191094183979
1983,6,"PA","ratio_unpooled_3",75.5413134123439,75.08,0.461313412343898,0.212810064408371
1983,6,"RI","ratio_unpooled_3",76.7696187823065,76.22,0.549618782306453,0.302080805864028
1983,6,"SC","ratio_unpooled_3",74.1977459999161,73.23,0.96774599991609,0.936532320353593
1983,6,"SD","ratio_unpooled_3",76.6490143387796,76.69,-0.0409856612203896,0.00167982442567255
1983,6,"TN","ratio_unpooled_3",74.8961830725019,74.32,0.576183072501934,0.331986933037769
1983,6,"TX","ratio_unpooled_3",75.2366969904805,74.96,0.27669699048046,0.0765612245409436
1983,6,"UT","ratio_unpooled_3",77.6924296061117,77.55,0.142429606111662,0.0202861926971232
1983,6,"VT","ratio_unpooled_3",76.4083570329706,76.42,-0.0116429670293741,0.000135558681247091
1983,6,"VA","ratio_unpooled_3",75.5895626563462,75.22,0.369562656346233,0.136576556965684
1983,6,"WA","ratio_unpooled_3",77.2857346612788,76.77,0.515734661278827,0.265982240844387
1983,6,"WV","ratio_unpooled_3",74.6250422533836,74.01,0.615042253383564,0.378276973447132
1983,6,"WI","ratio_unpooled_3",77.1740291777621,76.82,0.354029177762087,0.125336658706899
1983,6,"WY","ratio_unpooled_3",76.4848047028595,75.96,0.524804702859541,0.275419976143491
1983,7,"USA","ratio_unpooled_3",75.8610499486426,75.39,0.471049948642616,0.221888054116211
1983,7,"AL","ratio_unpooled_3",74.8330084970979,73.66,1.17300849709794,1.37594893426397
1983,7,"AK","ratio_unpooled_3",75.1076383621088,74.96,0.147638362108765,0.0217970859661588
1983,7,"AZ","ratio_unpooled_3",77.1818141759907,76.23,0.951814175990648,0.905950225616757
1983,7,"AR","ratio_unpooled_3",75.1101336538572,74.35,0.760133653857196,0.577803171726291
1983,7,"CA","ratio_unpooled_3",76.4985255402121,75.82,0.678525540212121,0.46039690872015
1983,7,"CO","ratio_unpooled_3",77.6970343361608,77.21,0.487034336160775,0.237202444599567
1983,7,"CT","ratio_unpooled_3",77.2208848822035,77.12,0.100884882203488,0.0101777594572116
1983,7,"DE","ratio_unpooled_3",75.7609075312994,75.03,0.73090753129938,0.534225819310154
1983,7,"FL","ratio_unpooled_3",76.186356372405,75.66,0.526356372404962,0.277051030771311
1983,7,"GA","ratio_unpooled_3",74.4413122794242,73.78,0.661312279424223,0.437333930917262
1983,7,"HI","ratio_unpooled_3",79.2886167292414,78.16,1.12861672924137,1.27377572152349
1983,7,"ID","ratio_unpooled_3",76.8665544135808,77.21,-0.343445586419207,0.117954870830833
1983,7,"IL","ratio_unpooled_3",75.3226375464604,74.92,0.402637546460383,0.162116993819637
1983,7,"IN","ratio_unpooled_3",75.6572360254273,75.4,0.257236025427332,0.066170372777651
1983,7,"IA","ratio_unpooled_3",77.5447784200136,77.53,0.0147784200135703,0.000218401698097496
1983,7,"KS","ratio_unpooled_3",76.9714071056753,76.95,0.0214071056753227,0.000458264173394432
1983,7,"KY","ratio_unpooled_3",74.4794969453288,74.44,0.0394969453287786,0.00156000869030452
1983,7,"LA","ratio_unpooled_3",73.6495111375435,73.08,0.569511137543458,0.324342935786043
1983,7,"ME","ratio_unpooled_3",76.6908507331756,76.57,0.120850733175629,0.0146048997090872
1983,7,"MD","ratio_unpooled_3",75.4964599883447,74.87,0.626459988344664,0.392452116996796
1983,7,"MA","ratio_unpooled_3",76.8140564507521,76.81,0.00405645075207417,1.64547927040031e-05
1983,7,"MI","ratio_unpooled_3",75.2084372624503,75.14,0.0684372624503453,0.00468365889169744
1983,7,"MN","ratio_unpooled_3",78.2127543217624,77.84,0.3727543217624,0.138945784392547
1983,7,"MS","ratio_unpooled_3",74.0238010590361,73.07,0.953801059036138,0.909736460218459
1983,7,"MO","ratio_unpooled_3",75.6325320352481,75.29,0.342532035248126,0.117328195171224
1983,7,"MT","ratio_unpooled_3",76.5331509853838,76.36,0.173150985383785,0.0299812637393757
1983,7,"NE","ratio_unpooled_3",77.3338090307918,76.91,0.423809030791801,0.179614094580686
1983,7,"NV","ratio_unpooled_3",75.7248241148722,74.52,1.20482411487222,1.45160114777764
1983,7,"NH","ratio_unpooled_3",77.1047163672201,76.95,0.15471636722009,0.0239371542857816
1983,7,"NJ","ratio_unpooled_3",75.7817686393054,75.43,0.351768639305391,0.123741175598766
1983,7,"NM","ratio_unpooled_3",76.7900574183484,76.02,0.770057418348401,0.592988427553404
1983,7,"NY","ratio_unpooled_3",75.3529404752072,74.59,0.762940475207245,0.582078168709456
1983,7,"NC","ratio_unpooled_3",75.4375679637432,74.7,0.73756796374316,0.544006501140232
1983,7,"ND","ratio_unpooled_3",78.2165988290768,77.49,0.726598829076778,0.527945858415745
1983,7,"OH","ratio_unpooled_3",75.387942818727,75.32,0.067942818727019,0.00461622661657257
1983,7,"OK","ratio_unpooled_3",75.1040428844793,74.97,0.134042884479257,0.0179674948795194
1983,7,"OR","ratio_unpooled_3",77.1343011675814,76.47,0.6643011675814,0.441296041250011
1983,7,"PA","ratio_unpooled_3",75.7397438626556,75.42,0.319743862655599,0.102236137705923
1983,7,"RI","ratio_unpooled_3",76.9725073081809,76.39,0.58250730818088,0.339314764084134
1983,7,"SC","ratio_unpooled_3",74.4502318131213,73.62,0.830231813121301,0.689284863518683
1983,7,"SD","ratio_unpooled_3",76.831564023454,77.14,-0.308435976545965,0.0951327516278632
1983,7,"TN","ratio_unpooled_3",75.0691113418727,74.18,0.889111341872649,0.790518978246583
1983,7,"TX","ratio_unpooled_3",75.392074278488,75.18,0.212074278487947,0.0449754995961832
1983,7,"UT","ratio_unpooled_3",77.8883146172114,78,-0.111685382788622,0.012473624728641
1983,7,"VT","ratio_unpooled_3",76.6034685880635,76.7,-0.0965314119364535,0.00931831349044529
1983,7,"VA","ratio_unpooled_3",75.8085740777088,75.33,0.478574077708828,0.229033147854855
1983,7,"WA","ratio_unpooled_3",77.4949588202961,76.79,0.704958820296056,0.496966938313208
1983,7,"WV","ratio_unpooled_3",74.7948741014841,74.43,0.364874101484077,0.133133109933812
1983,7,"WI","ratio_unpooled_3",77.3673850679486,76.87,0.497385067948628,0.247391905818261
1983,7,"WY","ratio_unpooled_3",76.6936763460522,76.42,0.273676346052213,0.0748987423884905
1983,8,"USA","ratio_unpooled_3",76.0460827815558,75.54,0.506082781555818,0.256119781787274
1983,8,"AL","ratio_unpooled_3",75.0388406837899,73.64,1.39884068378989,1.95675525862575
1983,8,"AK","ratio_unpooled_3",75.3084788090064,75.42,-0.111521190993599,0.0124369760406309
1983,8,"AZ","ratio_unpooled_3",77.4240557917092,76.37,1.05405579170916,1.11103361203563
1983,8,"AR","ratio_unpooled_3",75.2582623245401,74.3,0.958262324540101,0.918266682632998
1983,8,"CA","ratio_unpooled_3",76.6647294636896,76.07,0.594729463689589,0.353703134980506
1983,8,"CO","ratio_unpooled_3",77.910039270618,77.01,0.900039270618038,0.81007068865465
1983,8,"CT","ratio_unpooled_3",77.4125881447007,77.19,0.222588144700737,0.0495454821613161
1983,8,"DE","ratio_unpooled_3",75.9518718190773,75.1,0.851871819077346,0.725685596138146
1983,8,"FL","ratio_unpooled_3",76.3690638998412,75.96,0.4090638998412,0.167333274153292
1983,8,"GA","ratio_unpooled_3",74.6454338385431,73.99,0.655433838543118,0.429593516707366
1983,8,"HI","ratio_unpooled_3",79.5313658577256,78.66,0.871365857725564,0.759278458009808
1983,8,"ID","ratio_unpooled_3",77.0476900158153,77.19,-0.142309984184649,0.0202521315986351
1983,8,"IL","ratio_unpooled_3",75.5031684865416,74.95,0.55316848654158,0.305995374502702
1983,8,"IN","ratio_unpooled_3",75.818660346669,75.45,0.368660346669017,0.13591045120612
1983,8,"IA","ratio_unpooled_3",77.7233652456439,77.35,0.373365245643868,0.139401606654706
1983,8,"KS","ratio_unpooled_3",77.1289384144809,76.73,0.398938414480867,0.159151858548508
1983,8,"KY","ratio_unpooled_3",74.6260324260042,74.46,0.166032426004165,0.0275667664848285
1983,8,"LA","ratio_unpooled_3",73.8204390129237,73.1,0.720439012923677,0.519032371342442
1983,8,"ME","ratio_unpooled_3",76.9021495893999,76.59,0.312149589399851,0.0974373661624958
1983,8,"MD","ratio_unpooled_3",75.7065295686794,75.14,0.566529568679428,0.320955752188099
1983,8,"MA","ratio_unpooled_3",77.0021254075554,77.04,-0.0378745924446235,0.00143448475284633
1983,8,"MI","ratio_unpooled_3",75.3671384270891,75.18,0.187138427089053,0.0350207908933648
1983,8,"MN","ratio_unpooled_3",78.412854267517,77.87,0.542854267516972,0.294690755761389
1983,8,"MS","ratio_unpooled_3",74.217362248072,73.07,1.14736224807196,1.31644012830073
1983,8,"MO","ratio_unpooled_3",75.7940775078061,75.25,0.544077507806094,0.29602033450049
1983,8,"MT","ratio_unpooled_3",76.76074558634,76.47,0.290745586339966,0.0845329959761707
1983,8,"NE","ratio_unpooled_3",77.5036153880886,77.17,0.333615388088589,0.1112992271695
1983,8,"NV","ratio_unpooled_3",75.9699741814622,74.53,1.43997418146219,2.07352564327771
1983,8,"NH","ratio_unpooled_3",77.3123705876751,77.24,0.0723705876750671,0.00523750196043457
1983,8,"NJ","ratio_unpooled_3",75.9643239154263,75.64,0.324323915426319,0.105186002117458
1983,8,"NM","ratio_unpooled_3",77.0144236651924,75.83,1.1844236651924,1.40285941866779
1983,8,"NY","ratio_unpooled_3",75.5342821704214,74.82,0.714282170421441,0.510199018981965
1983,8,"NC","ratio_unpooled_3",75.6511096928303,74.76,0.891109692830312,0.794076484656134
1983,8,"ND","ratio_unpooled_3",78.4218077191444,77.83,0.591807719144427,0.350236376438929
1983,8,"OH","ratio_unpooled_3",75.5519412211184,75.39,0.161941221118354,0.0262249590973038
1983,8,"OK","ratio_unpooled_3",75.2282327420464,75.1,0.128232742046393,0.0164436361327367
1983,8,"OR","ratio_unpooled_3",77.3363549690184,76.91,0.426354969018433,0.181778559606709
1983,8,"PA","ratio_unpooled_3",75.9381743129673,75.61,0.328174312967306,0.107698379691563
1983,8,"RI","ratio_unpooled_3",77.1753958340553,76.87,0.305395834055304,0.0932666154583347
1983,8,"SC","ratio_unpooled_3",74.7027176263265,73.88,0.822717626326522,0.676864292668347
1983,8,"SD","ratio_unpooled_3",77.0141137081285,77.01,0.00411370812845746,1.6922594566137e-05
1983,8,"TN","ratio_unpooled_3",75.2420396112434,74.5,0.742039611243385,0.550622784654234
1983,8,"TX","ratio_unpooled_3",75.5474515664955,75.38,0.167451566495458,0.0280400271217829
1983,8,"UT","ratio_unpooled_3",78.0841996283111,77.94,0.1441996283111,0.0207935328050593
1983,8,"VT","ratio_unpooled_3",76.7985801431565,77.25,-0.451419856843529,0.203779887152632
1983,8,"VA","ratio_unpooled_3",76.0275854990714,75.4,0.627585499071415,0.393863558644717
1983,8,"WA","ratio_unpooled_3",77.7041829793133,77.17,0.5341829793133,0.285351455388034
1983,8,"WV","ratio_unpooled_3",74.9647059495846,74.21,0.754705949584604,0.569581070338399
1983,8,"WI","ratio_unpooled_3",77.5607409581352,77.04,0.520740958135178,0.271171145479544
1983,8,"WY","ratio_unpooled_3",76.9025479892449,76.67,0.232547989244893,0.0540785673018426
1983,9,"USA","ratio_unpooled_3",76.231115614469,75.8,0.431115614469036,0.185860673039014
1983,9,"AL","ratio_unpooled_3",75.2446728704818,74.2,1.04467287048183,1.09134140632075
1983,9,"AK","ratio_unpooled_3",75.509319255904,75.39,0.119319255904045,0.0142370848294951
1983,9,"AZ","ratio_unpooled_3",77.6662974074277,76.32,1.34629740742768,1.8125167092465
1983,9,"AR","ratio_unpooled_3",75.406390995223,74.6,0.806390995223012,0.65026643717676
1983,9,"CA","ratio_unpooled_3",76.830933387167,76.32,0.510933387167057,0.261052926122002
1983,9,"CO","ratio_unpooled_3",78.1230442050753,77.53,0.593044205075316,0.351701429173413
1983,9,"CT","ratio_unpooled_3",77.604291407198,77.32,0.284291407197983,0.0808216042066096
1983,9,"DE","ratio_unpooled_3",76.1428361068553,75.49,0.652836106855304,0.42619498241399
1983,9,"FL","ratio_unpooled_3",76.5517714272774,76.16,0.391771427277433,0.153484851230997
1983,9,"GA","ratio_unpooled_3",74.849555397662,74.35,0.499555397662007,0.249555595333246
1983,9,"HI","ratio_unpooled_3",79.7741149862098,78.74,1.03411498620976,1.06939380470361
1983,9,"ID","ratio_unpooled_3",77.2288256180499,77.36,-0.131174381950089,0.0172067184799878
1983,9,"IL","ratio_unpooled_3",75.6836994266228,75.41,0.273699426622784,0.0749113761336407
1983,9,"IN","ratio_unpooled_3",75.9800846679107,75.79,0.190084667910696,0.0361321809747197
1983,9,"IA","ratio_unpooled_3",77.9019520712742,77.87,0.0319520712741479,0.00102093485870823
1983,9,"KS","ratio_unpooled_3",77.2864697232864,77.22,0.0664697232864171,0.00441822411377286
1983,9,"KY","ratio_unpooled_3",74.7725679066795,74.84,-0.0674320933204626,0.00454708720957958
1983,9,"LA","ratio_unpooled_3",73.9913668883039,73.52,0.471366888303891,0.222186743389293
1983,9,"ME","ratio_unpooled_3",77.1134484456241,77.01,0.103448445624082,0.0107015809020386
1983,9,"MD","ratio_unpooled_3",75.9165991490142,75.25,0.666599149014189,0.444354425466441
1983,9,"MA","ratio_unpooled_3",77.1901943643587,76.95,0.240194364358686,0.0576933326696733
1983,9,"MI","ratio_unpooled_3",75.5258395917278,75.59,-0.0641604082722296,0.00411655798965919
1983,9,"MN","ratio_unpooled_3",78.6129542132715,78.15,0.462954213271544,0.214326603585875
1983,9,"MS","ratio_unpooled_3",74.4109234371078,73.22,1.19092343710777,1.41829863305259
1983,9,"MO","ratio_unpooled_3",75.955622980364,75.51,0.44562298036405,0.198579840628538
1983,9,"MT","ratio_unpooled_3",76.9883401872961,76.63,0.35834018729615,0.12840768983144
1983,9,"NE","ratio_unpooled_3",77.6734217453854,77.48,0.193421745385379,0.0374119715879264
1983,9,"NV","ratio_unpooled_3",76.2151242480522,75.13,1.08512424805217,1.17749463371078
1983,9,"NH","ratio_unpooled_3",77.52002480813,77.59,-0.0699751918699718,0.00489652747723937
1983,9,"NJ","ratio_unpooled_3",76.1468791915472,75.79,0.356879191547236,0.127362757359409
1983,9,"NM","ratio_unpooled_3",77.2387899120364,76.38,0.8587899120364,0.737520113015488
1983,9,"NY","ratio_unpooled_3",75.7156238656356,75.1,0.615623865635627,0.378992743940152
1983,9,"NC","ratio_unpooled_3",75.8646514219175,75,0.864651421917472,0.747622081423906
1983,9,"ND","ratio_unpooled_3",78.6270166092121,77.95,0.677016609212075,0.458351489149015
1983,9,"OH","ratio_unpooled_3",75.7159396235097,75.73,-0.0140603764903062,0.000197694187049156
1983,9,"OK","ratio_unpooled_3",75.3524225996135,75.25,0.102422599613519,0.0104903889115911
1983,9,"OR","ratio_unpooled_3",77.5384087704555,76.99,0.548408770455467,0.300752179512477
1983,9,"PA","ratio_unpooled_3",76.136604763279,75.73,0.406604763279006,0.165327433521176
1983,9,"RI","ratio_unpooled_3",77.3782843599297,77.01,0.368284359929731,0.135633369768852
1983,9,"SC","ratio_unpooled_3",74.9552034395317,74.09,0.865203439531726,0.748576991777529
1983,9,"SD","ratio_unpooled_3",77.1966633928029,76.93,0.266663392802883,0.0711093650611447
1983,9,"TN","ratio_unpooled_3",75.4149678806141,74.74,0.674967880614119,0.455581639860716
1983,9,"TX","ratio_unpooled_3",75.702828854503,75.53,0.172828854502953,0.0298698129488028
1983,9,"UT","ratio_unpooled_3",78.2800846394108,78.27,0.0100846394108203,0.000101699952046269
1983,9,"VT","ratio_unpooled_3",76.9936916982494,76.85,0.143691698249398,0.0206473041457961
1983,9,"VA","ratio_unpooled_3",76.246596920434,75.79,0.456596920434009,0.208480747749821
1983,9,"WA","ratio_unpooled_3",77.9134071383305,77.19,0.723407138330543,0.523317887787586
1983,9,"WV","ratio_unpooled_3",75.1345377976851,74.45,0.68453779768511,0.46859199645958
1983,9,"WI","ratio_unpooled_3",77.7540968483217,77.57,0.184096848321744,0.0338916495619991
1983,9,"WY","ratio_unpooled_3",77.1114196324376,76.44,0.671419632437576,0.45080432282261
1983,10,"USA","ratio_unpooled_3",76.4161484473822,75.59,0.826148447382238,0.682521257112082
1983,10,"AL","ratio_unpooled_3",75.4505050571738,73.83,1.62050505717379,2.62603664032582
1983,10,"AK","ratio_unpooled_3",75.7101597028017,75.54,0.170159702801683,0.0289543244575572
1983,10,"AZ","ratio_unpooled_3",77.9085390231462,76.07,1.8385390231462,3.38022573963137
1983,10,"AR","ratio_unpooled_3",75.5545196659059,74.17,1.38451966590591,1.91689470528022
1983,10,"CA","ratio_unpooled_3",76.9971373106445,76.25,0.747137310644518,0.558214160957124
1983,10,"CO","ratio_unpooled_3",78.3360491395326,77.27,1.06604913953259,1.13646076789819
1983,10,"CT","ratio_unpooled_3",77.7959946696952,77.08,0.71599466969522,0.512648367031968
1983,10,"DE","ratio_unpooled_3",76.3338003946333,75.42,0.913800394633256,0.835031161231894
1983,10,"FL","ratio_unpooled_3",76.7344789547137,75.88,0.85447895471367,0.730134284048566
1983,10,"GA","ratio_unpooled_3",75.0536769567809,74.06,0.993676956780888,0.987393894437327
1983,10,"HI","ratio_unpooled_3",80.016864114694,78.62,1.39686411469394,1.95122935491969
1983,10,"ID","ratio_unpooled_3",77.4099612202845,77.17,0.239961220284471,0.0575813872404123
1983,10,"IL","ratio_unpooled_3",75.864230366704,75.08,0.78423036670398,0.615017268060659
1983,10,"IN","ratio_unpooled_3",76.1415089891524,75.51,0.63150898915238,0.39880360338026
1983,10,"IA","ratio_unpooled_3",78.0805388969044,77.58,0.500538896904445,0.250539187314318
1983,10,"KS","ratio_unpooled_3",77.444001032092,76.79,0.654001032091955,0.427717349977342
1983,10,"KY","ratio_unpooled_3",74.9191033873549,74.52,0.399103387354927,0.159283513798177
1983,10,"LA","ratio_unpooled_3",74.1622947636841,73.02,1.14229476368411,1.30483732714013
1983,10,"ME","ratio_unpooled_3",77.3247473018483,76.68,0.644747301848312,0.415699083240679
1983,10,"MD","ratio_unpooled_3",76.126668729349,75.04,1.08666872934894,1.18084892734485
1983,10,"MA","ratio_unpooled_3",77.378263321162,76.88,0.498263321162,0.248266337215386
1983,10,"MI","ratio_unpooled_3",75.6845407563665,75.35,0.334540756366493,0.111917517670266
1983,10,"MN","ratio_unpooled_3",78.8130541590261,78,0.813054159026123,0.661057065509676
1983,10,"MS","ratio_unpooled_3",74.6044846261436,72.95,1.65448462614359,2.73731937814548
1983,10,"MO","ratio_unpooled_3",76.117168452922,75.18,0.937168452922009,0.878284709152232
1983,10,"MT","ratio_unpooled_3",77.2159347882523,76.41,0.80593478825233,0.649530882915328
1983,10,"NE","ratio_unpooled_3",77.8432281026822,77.14,0.703228102682175,0.494529764401972
1983,10,"NV","ratio_unpooled_3",76.4602743146421,74.9,1.56027431464213,2.43445593693197
1983,10,"NH","ratio_unpooled_3",77.727679028585,77.53,0.197679028585,0.0390769983423093
1983,10,"NJ","ratio_unpooled_3",76.3294344676682,75.71,0.619434467668171,0.38369905973535
1983,10,"NM","ratio_unpooled_3",77.4631561588804,76.14,1.32315615888039,1.75074222078312
1983,10,"NY","ratio_unpooled_3",75.8969655608498,74.97,0.926965560849808,0.8592651510016
1983,10,"NC","ratio_unpooled_3",76.0781931510046,74.79,1.28819315100462,1.65944159429521
1983,10,"ND","ratio_unpooled_3",78.8322254992797,77.95,0.882225499279727,0.778321831579364
1983,10,"OH","ratio_unpooled_3",75.879938025901,75.62,0.259938025901036,0.0675677773093277
1983,10,"OK","ratio_unpooled_3",75.4766124571807,74.71,0.766612457180656,0.587694659504564
1983,10,"OR","ratio_unpooled_3",77.7404625718925,76.53,1.21046257189249,1.46521963795259
1983,10,"PA","ratio_unpooled_3",76.3350352135907,75.64,0.695035213590714,0.483073948131089
1983,10,"RI","ratio_unpooled_3",77.5811728858042,76.69,0.891172885804167,0.794189112392527
1983,10,"SC","ratio_unpooled_3",75.2076892527369,73.92,1.28768925273694,1.65814361161422
1983,10,"SD","ratio_unpooled_3",77.3792130774773,76.86,0.519213077477318,0.269582219823467
1983,10,"TN","ratio_unpooled_3",75.5878961499848,74.34,1.24789614998484,1.55724480114699
1983,10,"TX","ratio_unpooled_3",75.8582061425105,75.44,0.418206142510456,0.174896377633476
1983,10,"UT","ratio_unpooled_3",78.4759696505105,77.92,0.555969650510534,0.309102252288805
1983,10,"VT","ratio_unpooled_3",77.1888032533423,76.63,0.558803253342319,0.31226107594596
1983,10,"VA","ratio_unpooled_3",76.4656083417966,75.63,0.835608341796615,0.698241300880088
1983,10,"WA","ratio_unpooled_3",78.1226312973478,76.96,1.16263129734779,1.3517115335726
1983,10,"WV","ratio_unpooled_3",75.3043696457856,74.3,1.00436964578563,1.00875838537555
1983,10,"WI","ratio_unpooled_3",77.9474527385083,77.12,0.827452738508285,0.68467803446486
1983,10,"WY","ratio_unpooled_3",77.3202912756303,76.47,0.850291275630255,0.722995253412926
1983,1,"USA","pooled_3",74.7512542852283,74.69,0.0612542852282871,0.00375208745882835
1983,1,"AL","pooled_3",73.5981033006904,73.29,0.308103300690405,0.0949276438963221
1983,1,"AK","pooled_3",73.8690613226725,74.16,-0.290938677327532,0.0846453139650935
1983,1,"AZ","pooled_3",75.7278422193095,75.29,0.437842219309502,0.19170580900987
1983,1,"AR","pooled_3",74.2275135128455,73.99,0.237513512845467,0.056412668784194
1983,1,"CA","pooled_3",75.5026918650015,75.23,0.272691865001491,0.0743608532379913
1983,1,"CO","pooled_3",76.4189753999411,76.14,0.278975399941061,0.0778272737722748
1983,1,"CT","pooled_3",76.076757708429,75.86,0.216757708429029,0.0469839041634038
1983,1,"DE","pooled_3",74.5768194459399,74.61,-0.0331805540601238,0.0011009491677368
1983,1,"FL","pooled_3",75.0895678181056,75.17,-0.0804321818944231,0.00646933588429757
1983,1,"GA","pooled_3",73.2191278245763,73.17,0.0491278245762601,0.00241354314759578
1983,1,"HI","pooled_3",77.8325184354973,77.66,0.172518435497338,0.0297626105864491
1983,1,"ID","pooled_3",75.7620058159597,75.75,0.0120058159597249,0.000144139616858786
1983,1,"IL","pooled_3",74.2375850854697,74.42,-0.182414914530327,0.0332752010431064
1983,1,"IN","pooled_3",74.6880755357206,74.74,-0.0519244642793524,0.00269614999069774
1983,1,"IA","pooled_3",76.4658810564167,76.66,-0.194118943583305,0.0376821642578985
1983,1,"KS","pooled_3",76.0278561322224,75.88,0.147856132222444,0.0218614358357807
1983,1,"KY","pooled_3",73.5985892348957,73.82,-0.221410765104309,0.0490227269040757
1983,1,"LA","pooled_3",72.623616655317,72.96,-0.336383344682986,0.113153754580112
1983,1,"ME","pooled_3",75.4216574008767,75.55,-0.128342599123314,0.0164718227497278
1983,1,"MD","pooled_3",74.2357055180193,74.18,0.0557055180192805,0.00310310473779638
1983,1,"MA","pooled_3",75.6898234694854,75.47,0.219823469485419,0.0483223577366071
1983,1,"MI","pooled_3",74.2550445673026,74.28,-0.0249554326973964,0.000622773621114282
1983,1,"MN","pooled_3",77.0057888653852,76.94,0.0657888653852154,0.004328174808674
1983,1,"MS","pooled_3",72.8654736455927,72.81,0.0554736455926559,0.00307732535533959
1983,1,"MO","pooled_3",74.6629398128087,74.73,-0.0670601871912737,0.00449706870612867
1983,1,"MT","pooled_3",75.1590761551101,75.28,-0.120923844889873,0.0146225762629501
1983,1,"NE","pooled_3",76.3228963718567,76.33,-0.00710362814331233,5.0461532798459e-05
1983,1,"NV","pooled_3",74.241453871073,74.05,0.191453871072952,0.0366545847488184
1983,1,"NH","pooled_3",75.8570122975122,75.72,0.137012297512186,0.0187723696695677
1983,1,"NJ","pooled_3",74.683474339671,74.67,0.013474339670978,0.000181557829568891
1983,1,"NM","pooled_3",75.435844731545,75.26,0.175844731544984,0.0309213696121276
1983,1,"NY","pooled_3",74.2634782862943,74.13,0.133478286294263,0.0178164529120533
1983,1,"NC","pooled_3",74.1557944028518,74.06,0.0957944028518369,0.00917656761774002
1983,1,"ND","pooled_3",76.9841185594307,76.79,0.19411855943072,0.037682015115458
1983,1,"OH","pooled_3",74.4024136213851,74.48,-0.0775863786148818,0.00601964614657179
1983,1,"OK","pooled_3",74.3625960564107,74.58,-0.217403943589346,0.0472644746881996
1983,1,"OR","pooled_3",75.9072153869182,75.53,0.377215386918223,0.142291448127865
1983,1,"PA","pooled_3",74.5484480306937,74.49,0.0584480306936683,0.003416172291968
1983,1,"RI","pooled_3",75.7528518295185,75.66,0.0928518295184944,0.00862146224493154
1983,1,"SC","pooled_3",72.942921829634,72.94,0.00292182963404741,8.53708841039764e-06
1983,1,"SD","pooled_3",75.741861201467,75.95,-0.208138798532957,0.0433217594547429
1983,1,"TN","pooled_3",74.0316662405709,73.82,0.211666240570921,0.0448025973974269
1983,1,"TX","pooled_3",74.4598527977963,74.43,0.0298527977962664,0.000891189536264766
1983,1,"UT","pooled_3",76.7153700204102,76.31,0.405370020410246,0.164324853447403
1983,1,"VT","pooled_3",75.4342482159015,75.58,-0.145751784098536,0.0212435825679063
1983,1,"VA","pooled_3",74.4937399030533,74.33,0.16373990305334,0.0268107558519172
1983,1,"WA","pooled_3",76.2404292098001,75.86,0.380429209800084,0.144726383669117
1983,1,"WV","pooled_3",73.7764860547183,73.78,-0.00351394528166793,1.23478114425563e-05
1983,1,"WI","pooled_3",76.2053498776126,76.13,0.075349877612652,0.00567760405624163
1983,1,"WY","pooled_3",75.3771725336802,75.5,-0.122827466319819,0.0150865864825463
1983,2,"USA","pooled_3",74.9366972237087,74.66,0.276697223708709,0.0765613536081073
1983,2,"AL","pooled_3",73.8036909181676,73.3,0.503690918167564,0.253704541044484
1983,2,"AK","pooled_3",74.0687077446231,73.92,0.148707744623124,0.0221139933108963
1983,2,"AZ","pooled_3",75.9698337819816,75.53,0.439833781981562,0.193453755772204
1983,2,"AR","pooled_3",74.3761234585851,73.85,0.526123458585133,0.276805893673582
1983,2,"CA","pooled_3",75.669199236704,75.14,0.529199236703946,0.280051832128039
1983,2,"CO","pooled_3",76.6316843408494,76.53,0.101684340849403,0.0103397051739775
1983,2,"CT","pooled_3",76.2683095250266,75.91,0.35830952502657,0.128385715724766
1983,2,"DE","pooled_3",74.7665367695925,73.93,0.83653676959247,0.699793766880206
1983,2,"FL","pooled_3",75.2722463361764,74.96,0.312246336176415,0.0974977744555946
1983,2,"GA","pooled_3",73.4231835130735,73.03,0.393183513073524,0.154593274952838
1983,2,"HI","pooled_3",78.075792420142,77.85,0.225792420141957,0.050982216993562
1983,2,"ID","pooled_3",75.9427471010617,76.37,-0.427252898938335,0.182545039651211
1983,2,"IL","pooled_3",74.4170333039934,74.42,-0.00296669600658106,8.80128519546401e-06
1983,2,"IN","pooled_3",74.8494292168716,74.76,0.0894292168716362,0.00799758483027414
1983,2,"IA","pooled_3",76.6442856966739,76.38,0.264285696673923,0.0698469294664209
1983,2,"KS","pooled_3",76.1853661093239,76.16,0.0253661093239259,0.000643439502233361
1983,2,"KY","pooled_3",73.745138314686,73.71,0.0351383146859661,0.00123470115896998
1983,2,"LA","pooled_3",72.7943815053251,72.75,0.0443815053251058,0.00196971801492239
1983,2,"ME","pooled_3",75.6333467505952,75.09,0.543346750595219,0.295225691382384
1983,2,"MD","pooled_3",74.4458036139018,74.02,0.425803613901778,0.181308717611814
1983,2,"MA","pooled_3",75.878132921395,75.56,0.318132921394977,0.101208555675302
1983,2,"MI","pooled_3",74.4136075044784,74.13,0.283607504478439,0.080433216596488
1983,2,"MN","pooled_3",77.2055370859488,76.89,0.315537085948776,0.0995636526090453
1983,2,"MS","pooled_3",73.059215140971,72.67,0.389215140970975,0.151488425961056
1983,2,"MO","pooled_3",74.8244812941254,74.69,0.134481294125436,0.018085218469652
1983,2,"MT","pooled_3",75.38620901618,75.56,-0.173790983820012,0.0302033060571278
1983,2,"NE","pooled_3",76.4929074936802,76.38,0.112907493680169,0.0127481021291373
1983,2,"NV","pooled_3",74.4857475183559,74,0.485747518355907,0.235950651588923
1983,2,"NH","pooled_3",76.0647370619979,75.43,0.63473706199791,0.402891137873739
1983,2,"NJ","pooled_3",74.8657810847479,74.53,0.335781084747865,0.112748936874453
1983,2,"NM","pooled_3",75.6596238237269,75.23,0.429623823726914,0.184576629913734
1983,2,"NY","pooled_3",74.4447460569002,74.08,0.364746056900174,0.133039686024225
1983,2,"NC","pooled_3",74.3689333454444,74.01,0.358933345444441,0.128833146471939
1983,2,"ND","pooled_3",77.189211088768,77.06,0.129211088768045,0.0166955054606236
1983,2,"OH","pooled_3",74.5662428332719,74.53,0.0362428332718565,0.00131354296357159
1983,2,"OK","pooled_3",74.4864094742974,74.54,-0.0535905257025888,0.00287194444507983
1983,2,"OR","pooled_3",76.1088576171045,75.58,0.528857617104507,0.279690379169457
1983,2,"PA","pooled_3",74.7467871864843,74.43,0.316787186484291,0.100354121520633
1983,2,"RI","pooled_3",75.9558073085973,75.61,0.345807308597344,0.119582694679339
1983,2,"SC","pooled_3",73.1958110325134,73,0.195811032513433,0.0383419604539766
1983,2,"SD","pooled_3",75.9245598739988,76.11,-0.18544012600124,0.0343880403313556
1983,2,"TN","pooled_3",74.2047475008569,73.85,0.354747500856931,0.125845789364238
1983,2,"TX","pooled_3",74.6152521834204,74.57,0.045252183420402,0.00204776010431371
1983,2,"UT","pooled_3",76.9109911825387,76.53,0.380991182538679,0.145154281172221
1983,2,"VT","pooled_3",75.6290652179952,75.5,0.129065217995191,0.0166578304961461
1983,2,"VA","pooled_3",74.7125702855811,74.47,0.24257028558111,0.0588403434469011
1983,2,"WA","pooled_3",76.4494690951959,75.86,0.589469095195909,0.347473814191084
1983,2,"WV","pooled_3",73.9462488219695,73.79,0.156248821969498,0.024413694366856
1983,2,"WI","pooled_3",76.3984962512255,76.36,0.0384962512254674,0.0014819613584143
1983,2,"WY","pooled_3",75.5836043778814,75.21,0.373604377881435,0.139580231172174
1983,3,"USA","pooled_3",75.1221401621891,74.74,0.382140162189131,0.146031103557935
1983,3,"AL","pooled_3",74.0092785356447,73.28,0.72927853564471,0.531847182552092
1983,3,"AK","pooled_3",74.2683541665738,73.88,0.388354166573791,0.150818958695224
1983,3,"AZ","pooled_3",76.2118253446536,75.54,0.671825344653612,0.451349293718945
1983,3,"AR","pooled_3",74.5247334043248,74.15,0.374733404324786,0.140425124316844
1983,3,"CA","pooled_3",75.8357066084064,75.29,0.545706608406391,0.297795702458406
1983,3,"CO","pooled_3",76.8443932817577,76.43,0.414393281757739,0.171721791965949
1983,3,"CT","pooled_3",76.4598613416241,76.11,0.349861341624106,0.122402958363019
1983,3,"DE","pooled_3",74.9562540932451,74.11,0.846254093245079,0.716145990334051
1983,3,"FL","pooled_3",75.4549248542472,75.17,0.284924854247237,0.0811821725678091
1983,3,"GA","pooled_3",73.6272392015708,73.18,0.447239201570781,0.20002290342167
1983,3,"HI","pooled_3",78.3190664047866,78.06,0.259066404786566,0.0671154020890368
1983,3,"ID","pooled_3",76.1234883861636,75.99,0.13348838616362,0.0178191492405677
1983,3,"IL","pooled_3",74.5964815225172,74.34,0.256481522517163,0.0657827713927219
1983,3,"IN","pooled_3",75.0107828980226,74.59,0.420782898022637,0.177058247268329
1983,3,"IA","pooled_3",76.8226903369311,76.88,-0.0573096630688497,0.00328439748106507
1983,3,"KS","pooled_3",76.3428760864254,76.22,0.122876086425407,0.0150985326152241
1983,3,"KY","pooled_3",73.8916873944762,73.77,0.12168739447624,0.014807821974416
1983,3,"LA","pooled_3",72.9651463553332,73.09,-0.1248536446668,0.0155884325865835
1983,3,"ME","pooled_3",75.8450361003138,75.62,0.225036100313758,0.0506412464444239
1983,3,"MD","pooled_3",74.6559017097843,74.08,0.575901709784262,0.331662779332436
1983,3,"MA","pooled_3",76.0664423733045,75.72,0.346442373304541,0.120022318020883
1983,3,"MI","pooled_3",74.5721704416543,74.17,0.402170441654263,0.161741064140385
1983,3,"MN","pooled_3",77.4052853065123,76.89,0.51528530651234,0.265518947107516
1983,3,"MS","pooled_3",73.2529566363493,72.91,0.3429566363493,0.117619254416026
1983,3,"MO","pooled_3",74.9860227754421,74.76,0.226022775442132,0.0510862950185645
1983,3,"MT","pooled_3",75.6133418772499,75.58,0.0333418772498533,0.00111168077854428
1983,3,"NE","pooled_3",76.6629186155036,76.38,0.282918615503647,0.0800429429985003
1983,3,"NV","pooled_3",74.7300411656389,74.24,0.490041165638871,0.240140344020704
1983,3,"NH","pooled_3",76.2724618264836,75.76,0.512461826483644,0.262617123602953
1983,3,"NJ","pooled_3",75.0480878298248,74.66,0.388087829824755,0.150612163658088
1983,3,"NM","pooled_3",75.8834029159088,75.2,0.683402915908843,0.467039545472709
1983,3,"NY","pooled_3",74.6260138275061,73.97,0.656013827506086,0.430354141879185
1983,3,"NC","pooled_3",74.582072288037,73.93,0.652072288037047,0.42519826882587
1983,3,"ND","pooled_3",77.3943036181054,77.9,-0.505696381894637,0.255728830661327
1983,3,"OH","pooled_3",74.7300720451586,74.54,0.190072045158587,0.0361273823507679
1983,3,"OK","pooled_3",74.6102228921842,74.62,-0.00977710781582175,9.55918372422028e-05
1983,3,"OR","pooled_3",76.3104998472908,75.94,0.370499847290787,0.137270136842497
1983,3,"PA","pooled_3",74.9451263422749,74.59,0.355126342274929,0.12611471897757
1983,3,"RI","pooled_3",76.1587627876762,75.59,0.568762787676192,0.323491108645193
1983,3,"SC","pooled_3",73.4487002353928,72.83,0.618700235392822,0.382789981275134
1983,3,"SD","pooled_3",76.1072585465305,75.75,0.357258546530474,0.127633669069067
1983,3,"TN","pooled_3",74.3778287611429,73.87,0.507828761142932,0.257890050643965
1983,3,"TX","pooled_3",74.7706515690445,74.79,-0.019348430955489,0.000374361780439325
1983,3,"UT","pooled_3",77.1066123446671,77,0.106612344667113,0.0113661920354193
1983,3,"VT","pooled_3",75.8238822200889,75.37,0.453882220088914,0.206009069712842
1983,3,"VA","pooled_3",74.9314006681089,74.48,0.451400668108874,0.203762563169138
1983,3,"WA","pooled_3",76.6585089805917,76.26,0.398508980591728,0.158809407612259
1983,3,"WV","pooled_3",74.1160115892207,73.58,0.536011589220678,0.287308423778877
1983,3,"WI","pooled_3",76.5916426248383,76.3,0.291642624838289,0.085055420622567
1983,3,"WY","pooled_3",75.7900362220827,75.63,0.160036222082681,0.0256115923784972
1983,4,"USA","pooled_3",75.3075831006695,74.88,0.427583100669551,0.182827307978188
1983,4,"AL","pooled_3",74.2148661531219,73.6,0.614866153121866,0.378060386254882
1983,4,"AK","pooled_3",74.4680005885244,74.5,-0.0319994114755531,0.00102396233478176
1983,4,"AZ","pooled_3",76.4538169073257,75.46,0.99381690732568,0.98767204528638
1983,4,"AR","pooled_3",74.6733433500645,74.06,0.613343350064454,0.376190065068288
1983,4,"CA","pooled_3",76.0022139801088,75.3,0.702213980108851,0.493104473860314
1983,4,"CO","pooled_3",77.0571022226661,76.59,0.467102222666085,0.218184486419597
1983,4,"CT","pooled_3",76.6514131582216,76.26,0.391413158221638,0.153204260429037
1983,4,"DE","pooled_3",75.1459714168977,74.39,0.75597141689768,0.571492783166285
1983,4,"FL","pooled_3",75.6376033723181,75.24,0.397603372318073,0.158088441678705
1983,4,"GA","pooled_3",73.831294890068,73.25,0.581294890068051,0.337903749219228
1983,4,"HI","pooled_3",78.5623403894312,77.83,0.732340389431187,0.536322445992222
1983,4,"ID","pooled_3",76.3042296712656,76.38,-0.0757703287344356,0.00574114271652443
1983,4,"IL","pooled_3",74.7759297410409,74.61,0.165929741040912,0.0275326789619042
1983,4,"IN","pooled_3",75.1721365791736,74.99,0.182136579173644,0.0331737334730771
1983,4,"IA","pooled_3",77.0010949771884,76.79,0.211094977188367,0.0445610893941571
1983,4,"KS","pooled_3",76.5003860635269,76.51,-0.00961393647311581,9.24277745091065e-05
1983,4,"KY","pooled_3",74.0382364742665,73.99,0.0482364742665169,0.00232675744966435
1983,4,"LA","pooled_3",73.1359112053413,73.27,-0.134088794658695,0.0179798048530216
1983,4,"ME","pooled_3",76.0567254500323,75.69,0.366725450032305,0.134487555701397
1983,4,"MD","pooled_3",74.8659998056667,74.1,0.765999805666752,0.586755702281502
1983,4,"MA","pooled_3",76.2547518252141,75.91,0.344751825214104,0.118853820988456
1983,4,"MI","pooled_3",74.7307333788301,74.4,0.330733378830089,0.109384567872367
1983,4,"MN","pooled_3",77.6050335270759,77.33,0.275033527075905,0.0756434410158127
1983,4,"MS","pooled_3",73.4466981317276,72.87,0.57669813172761,0.332580735138116
1983,4,"MO","pooled_3",75.1475642567588,74.84,0.307564256758837,0.0945957720356161
1983,4,"MT","pooled_3",75.8404747383197,76,-0.159525261680287,0.0254483091141639
1983,4,"NE","pooled_3",76.8329297373271,76.5,0.33292973732712,0.110842209996705
1983,4,"NV","pooled_3",74.9743348129218,74.27,0.704334812921829,0.496087528693627
1983,4,"NH","pooled_3",76.4801865909694,76.19,0.290186590969384,0.0842082575784325
1983,4,"NJ","pooled_3",75.2303945749016,74.65,0.580394574901632,0.336857862575246
1983,4,"NM","pooled_3",76.1071820080908,75.34,0.767182008090771,0.588568233538187
1983,4,"NY","pooled_3",74.807281598112,73.99,0.817281598112004,0.667949210612511
1983,4,"NC","pooled_3",74.7952112306297,74.11,0.685211230629662,0.469514430581016
1983,4,"ND","pooled_3",77.5993961474427,77.41,0.189396147442693,0.0358709006661343
1983,4,"OH","pooled_3",74.8939012570453,74.79,0.103901257045322,0.0107954712155982
1983,4,"OK","pooled_3",74.734036310071,75.05,-0.315963689929049,0.0998330533535802
1983,4,"OR","pooled_3",76.5121420774771,75.78,0.732142077477064,0.536032021612432
1983,4,"PA","pooled_3",75.1434654980656,74.59,0.553465498065563,0.306324057548962
1983,4,"RI","pooled_3",76.361718266755,75.72,0.641718266755049,0.411802333887104
1983,4,"SC","pooled_3",73.7015894382722,73.02,0.681589438272212,0.46456416236423
1983,4,"SD","pooled_3",76.2899572190622,76.19,0.0999572190621905,0.00999144564264673
1983,4,"TN","pooled_3",74.550910021429,73.91,0.640910021428951,0.410765655568058
1983,4,"TX","pooled_3",74.9260509546686,75.01,-0.0839490453313658,0.00704744221204771
1983,4,"UT","pooled_3",77.3022335067955,76.98,0.322233506795541,0.103834432901752
1983,4,"VT","pooled_3",76.0186992221826,75.52,0.498699222182651,0.248700914205581
1983,4,"VA","pooled_3",75.1502310506366,74.79,0.360231050636642,0.129766409842779
1983,4,"WA","pooled_3",76.8675488659876,76.29,0.577548865987552,0.333562692603507
1983,4,"WV","pooled_3",74.2857743564718,73.77,0.515774356471852,0.266023186793953
1983,4,"WI","pooled_3",76.7847889984511,76.49,0.294788998451111,0.086900553607809
1983,4,"WY","pooled_3",75.9964680662839,76.61,-0.613531933716075,0.376421433689386
1983,5,"USA","pooled_3",75.49302603915,74.85,0.643026039149973,0.413482487024902
1983,5,"AL","pooled_3",74.420453770599,73.35,1.07045377059902,1.14587127498965
1983,5,"AK","pooled_3",74.6676470104751,74.79,-0.122352989524899,0.01497025404568
1983,5,"AZ","pooled_3",76.6958084699977,75.66,1.03580846999773,1.07289918651904
1983,5,"AR","pooled_3",74.8219532958041,73.98,0.841953295804117,0.708885352315416
1983,5,"CA","pooled_3",76.1687213518113,75.27,0.898721351811304,0.807700068201537
1983,5,"CO","pooled_3",77.2698111635744,76.77,0.499811163574435,0.249811199233631
1983,5,"CT","pooled_3",76.8429649748192,76.28,0.562964974819181,0.316929562873161
1983,5,"DE","pooled_3",75.3356887405503,74.26,1.07568874055028,1.15710626654664
1983,5,"FL","pooled_3",75.8202818903889,75.13,0.690281890388903,0.476489088198877
1983,5,"GA","pooled_3",74.0353505785653,73.16,0.875350578565318,0.766238635394636
1983,5,"HI","pooled_3",78.8056143740758,78.66,0.145614374075805,0.0212035459374885
1983,5,"ID","pooled_3",76.4849709563675,76.18,0.304970956367498,0.0930072842277064
1983,5,"IL","pooled_3",74.9553779595647,74.39,0.565377959564657,0.319652237161495
1983,5,"IN","pooled_3",75.3334902603246,74.85,0.483490260324643,0.233762831828791
1983,5,"IA","pooled_3",77.1794996174456,76.79,0.389499617445594,0.151709951990264
1983,5,"KS","pooled_3",76.6578960406284,76.32,0.33789604062838,0.114173734272336
1983,5,"KY","pooled_3",74.1847855540568,73.87,0.314785554056783,0.099089945042836
1983,5,"LA","pooled_3",73.3066760553494,72.99,0.316676055349404,0.100283724031659
1983,5,"ME","pooled_3",76.2684147997508,75.59,0.67841479975084,0.460246640520972
1983,5,"MD","pooled_3",75.0760979015492,74.2,0.87609790154923,0.767547533098964
1983,5,"MA","pooled_3",76.4430612771237,75.78,0.66306127712366,0.439650257220859
1983,5,"MI","pooled_3",74.8892963160059,74.59,0.299296316005922,0.0895782847747166
1983,5,"MN","pooled_3",77.8047817476395,77.27,0.534781747639471,0.285991517608327
1983,5,"MS","pooled_3",73.6404396271059,73.14,0.500439627105933,0.250439820377926
1983,5,"MO","pooled_3",75.3091057380755,74.98,0.32910573807554,0.108310586834246
1983,5,"MT","pooled_3",76.0676075993896,76.28,-0.212392400610426,0.0451105318370597
1983,5,"NE","pooled_3",77.0029408591506,76.57,0.432940859150605,0.187437787522064
1983,5,"NV","pooled_3",75.2186284602048,74.12,1.09862846020478,1.20698449357192
1983,5,"NH","pooled_3",76.6879113554551,76.06,0.627911355455112,0.394272670309476
1983,5,"NJ","pooled_3",75.4127013199785,74.56,0.852701319978522,0.727099541093113
1983,5,"NM","pooled_3",76.3309611002727,75.5,0.830961100272702,0.69049635016642
1983,5,"NY","pooled_3",74.9885493687179,73.88,1.10854936871792,1.22888170288489
1983,5,"NC","pooled_3",75.0083501732223,73.93,1.07835017322226,1.16283909608848
1983,5,"ND","pooled_3",77.80448867678,77.19,0.614488676780013,0.377596333890851
1983,5,"OH","pooled_3",75.0577304689321,74.83,0.227730468932066,0.0518611664800186
1983,5,"OK","pooled_3",74.8578497279577,74.88,-0.0221502720422819,0.000490634551547096
1983,5,"OR","pooled_3",76.7137843076633,75.88,0.83378430766335,0.695196271705653
1983,5,"PA","pooled_3",75.3418046538562,74.74,0.601804653856206,0.362168841402988
1983,5,"RI","pooled_3",76.5646737458339,76.06,0.504673745833898,0.254695589734018
1983,5,"SC","pooled_3",73.9544786411516,73.03,0.924478641151595,0.854660757945499
1983,5,"SD","pooled_3",76.4726558915939,76.55,-0.0773441084060948,0.00598211110513375
1983,5,"TN","pooled_3",74.723991281715,73.95,0.773991281714956,0.59906250417076
1983,5,"TX","pooled_3",75.0814503402928,74.94,0.141450340292764,0.0200081987689386
1983,5,"UT","pooled_3",77.497854668924,77.24,0.257854668923983,0.0664890302858968
1983,5,"VT","pooled_3",76.2135162242764,76.37,-0.156483775723629,0.024487172064723
1983,5,"VA","pooled_3",75.3690614331644,74.83,0.53906143316442,0.290587228725279
1983,5,"WA","pooled_3",77.0765887513834,76.27,0.806588751383387,0.650585413858212
1983,5,"WV","pooled_3",74.455537123723,73.88,0.575537123723024,0.331242980783371
1983,5,"WI","pooled_3",76.9779353720639,76.51,0.46793537206392,0.218963512428599
1983,5,"WY","pooled_3",76.2028999104852,75.86,0.342899910485173,0.117580348610739
1983,6,"USA","pooled_3",75.6784689776304,75.13,0.548468977630392,0.300818219422928
1983,6,"AL","pooled_3",74.6260413880762,73.53,1.09604138807616,1.20130672437591
1983,6,"AK","pooled_3",74.8672934324258,75.01,-0.142706567574237,0.0203651644288203
1983,6,"AZ","pooled_3",76.9378000326698,75.93,1.00780003266978,1.0156609058492
1983,6,"AR","pooled_3",74.9705632415438,74.22,0.750563241543787,0.563345179556718
1983,6,"CA","pooled_3",76.3352287235138,75.43,0.905228723513744,0.819439041874323
1983,6,"CO","pooled_3",77.4825201044828,77.16,0.322520104482777,0.104019217795581
1983,6,"CT","pooled_3",77.0345167914167,76.47,0.564516791416722,0.31867920779143
1983,6,"DE","pooled_3",75.5254060642029,74.37,1.15540606420288,1.33496317319679
1983,6,"FL","pooled_3",76.0029604084597,75.41,0.592960408459732,0.351602046000732
1983,6,"GA","pooled_3",74.2394062670626,73.34,0.899406267062574,0.808931633231434
1983,6,"HI","pooled_3",79.0488883587204,78.18,0.868888358720412,0.754966979919851
1983,6,"ID","pooled_3",76.6657122414694,76.75,-0.0842877585305501,0.00710442623810433
1983,6,"IL","pooled_3",75.1348261780884,74.64,0.494826178088402,0.244852946521575
1983,6,"IN","pooled_3",75.4948439414756,75.33,0.164843941475638,0.0271735250412236
1983,6,"IA","pooled_3",77.3579042577028,77.07,0.287904257702834,0.08288886160342
1983,6,"KS","pooled_3",76.8154060177299,76.73,0.0854060177298521,0.00729418786447182
1983,6,"KY","pooled_3",74.3313346338471,74.05,0.281334633847067,0.079149176201863
1983,6,"LA","pooled_3",73.4774409053575,72.88,0.597440905357502,0.356935635394391
1983,6,"ME","pooled_3",76.4801041494694,76.21,0.27010414946939,0.0729562515605824
1983,6,"MD","pooled_3",75.2861959974317,74.54,0.746195997431712,0.556808466583108
1983,6,"MA","pooled_3",76.6313707290332,76.38,0.251370729033226,0.0631872434146957
1983,6,"MI","pooled_3",75.0478592531818,74.84,0.207859253181752,0.0432054691332757
1983,6,"MN","pooled_3",78.004529968203,77.84,0.164529968203027,0.0270701104368891
1983,6,"MS","pooled_3",73.8341811224843,72.85,0.984181122484259,0.968612481854375
1983,6,"MO","pooled_3",75.4706472193922,75.17,0.300647219392246,0.0903887505282895
1983,6,"MT","pooled_3",76.2947404604594,76.23,0.0647404604594328,0.00419132722049939
1983,6,"NE","pooled_3",77.1729519809741,76.83,0.342951980974078,0.117616061254044
1983,6,"NV","pooled_3",75.4629221074877,74.62,0.842922107487738,0.710517679291569
1983,6,"NH","pooled_3",76.8956361199408,76.52,0.37563611994085,0.141102494604217
1983,6,"NJ","pooled_3",75.5950080650554,75.02,0.575008065055414,0.330634274878771
1983,6,"NM","pooled_3",76.5547401924546,75.77,0.784740192454635,0.615817169653737
1983,6,"NY","pooled_3",75.1698171393238,74.22,0.949817139323827,0.902152598153297
1983,6,"NC","pooled_3",75.2214891158149,74.26,0.961489115814871,0.924461319830462
1983,6,"ND","pooled_3",78.0095812061173,77.75,0.259581206117332,0.0673824025693288
1983,6,"OH","pooled_3",75.2215596808188,75.23,-0.00844031918120436,7.12389878806062e-05
1983,6,"OK","pooled_3",74.9816631458445,75.12,-0.138336854155526,0.0191370852176472
1983,6,"OR","pooled_3",76.9154265378496,76.15,0.76542653784962,0.585877784844457
1983,6,"PA","pooled_3",75.5401438096468,75.08,0.460143809646837,0.211732325556305
1983,6,"RI","pooled_3",76.7676292249128,76.22,0.547629224912754,0.299897767978544
1983,6,"SC","pooled_3",74.207367844031,73.23,0.977367844030979,0.955247902545765
1983,6,"SD","pooled_3",76.6553545641256,76.69,-0.0346454358743813,0.00120030622692587
1983,6,"TN","pooled_3",74.897072542001,74.32,0.577072542000977,0.333012718731469
1983,6,"TX","pooled_3",75.2368497259169,74.96,0.27684972591689,0.0766457707402569
1983,6,"UT","pooled_3",77.6934758310524,77.55,0.143475831052413,0.0205853140961806
1983,6,"VT","pooled_3",76.4083332263701,76.42,-0.0116667736298979,0.00013611360693128
1983,6,"VA","pooled_3",75.5878918156922,75.22,0.36789181569219,0.135344388053296
1983,6,"WA","pooled_3",77.2856286367792,76.77,0.515628636779212,0.265872891066789
1983,6,"WV","pooled_3",74.6252998909742,74.01,0.615299890974185,0.378593955832844
1983,6,"WI","pooled_3",77.1710817456767,76.82,0.351081745676751,0.123258392147435
1983,6,"WY","pooled_3",76.4093317546864,75.96,0.449331754686426,0.201899025769583
1983,7,"USA","pooled_3",75.8639119161108,75.39,0.473911916110808,0.224592504231817
1983,7,"AL","pooled_3",74.8316290055533,73.66,1.17162900555331,1.37271452665385
1983,7,"AK","pooled_3",75.0669398543764,74.96,0.106939854376435,0.0114361324540531
1983,7,"AZ","pooled_3",77.1797915953418,76.23,0.949791595341836,0.902104074581989
1983,7,"AR","pooled_3",75.1191731872835,74.35,0.769173187283457,0.591627392035791
1983,7,"CA","pooled_3",76.5017360952162,75.82,0.681736095216209,0.464764103520644
1983,7,"CO","pooled_3",77.6952290453911,77.21,0.485229045391122,0.23544722649118
1983,7,"CT","pooled_3",77.2260686080143,77.12,0.106068608014255,0.0112505496060816
1983,7,"DE","pooled_3",75.7151233878555,75.03,0.685123387855484,0.469394056586576
1983,7,"FL","pooled_3",76.1856389265306,75.66,0.525638926530561,0.276296281084201
1983,7,"GA","pooled_3",74.4434619555598,73.78,0.663461955559839,0.440181766475286
1983,7,"HI","pooled_3",79.292162343365,78.16,1.13216234336504,1.28179157173382
1983,7,"ID","pooled_3",76.8464535265714,77.21,-0.363546473428599,0.132166038342371
1983,7,"IL","pooled_3",75.3142743966121,74.92,0.394274396612147,0.155452299823873
1983,7,"IN","pooled_3",75.6561976226266,75.4,0.25619762262663,0.0656372218395369
1983,7,"IA","pooled_3",77.53630889796,77.53,0.00630889796005363,3.98021934703688e-05
1983,7,"KS","pooled_3",76.9729159948313,76.95,0.0229159948313367,0.000525142819109849
1983,7,"KY","pooled_3",74.4778837136373,74.44,0.037883713637342,0.00143517575895613
1983,7,"LA","pooled_3",73.6482057553656,73.08,0.568205755365597,0.322857780430588
1983,7,"ME","pooled_3",76.6917934991879,76.57,0.12179349918793,0.0148336564444404
1983,7,"MD","pooled_3",75.4962940933142,74.87,0.6262940933142,0.392244291320256
1983,7,"MA","pooled_3",76.8196801809428,76.81,0.00968018094278023,9.37059030849654e-05
1983,7,"MI","pooled_3",75.2064221903576,75.14,0.066422190357585,0.00441190737189926
1983,7,"MN","pooled_3",78.2042781887666,77.84,0.36427818876659,0.132698598811068
1983,7,"MS","pooled_3",74.0279226178626,73.07,0.957922617862579,0.917615741812696
1983,7,"MO","pooled_3",75.632188700709,75.29,0.342188700708945,0.117093106892876
1983,7,"MT","pooled_3",76.5218733215293,76.36,0.161873321529299,0.0262029722229279
1983,7,"NE","pooled_3",77.3429631027976,76.91,0.432963102797558,0.187457048384089
1983,7,"NV","pooled_3",75.7072157547707,74.52,1.1872157547707,1.40948124837577
1983,7,"NH","pooled_3",77.1033608844266,76.95,0.153360884426576,0.0235195608721015
1983,7,"NJ","pooled_3",75.7773148101323,75.43,0.347314810132289,0.120627577337228
1983,7,"NM","pooled_3",76.7785192846366,76.02,0.758519284636563,0.575351505165563
1983,7,"NY","pooled_3",75.3510849099297,74.59,0.761084909929735,0.579250240122754
1983,7,"NC","pooled_3",75.4346280584075,74.7,0.73462805840748,0.539678384199545
1983,7,"ND","pooled_3",78.2146737354547,77.49,0.724673735454658,0.525152022857808
1983,7,"OH","pooled_3",75.3853888927055,75.32,0.0653888927055419,0.00427570728925688
1983,7,"OK","pooled_3",75.1054765637312,74.97,0.135476563731245,0.0183538993204262
1983,7,"OR","pooled_3",77.1170687680359,76.47,0.647068768035908,0.418697990567507
1983,7,"PA","pooled_3",75.7384829654375,75.42,0.318482965437468,0.101431399273844
1983,7,"RI","pooled_3",76.9705847039916,76.39,0.580584703991605,0.337078598509019
1983,7,"SC","pooled_3",74.4602570469104,73.62,0.840257046910367,0.70603190488253
1983,7,"SD","pooled_3",76.8380532366573,77.14,-0.30194676334267,0.0911718478931144
1983,7,"TN","pooled_3",75.070153802287,74.18,0.890153802286974,0.792373791725958
1983,7,"TX","pooled_3",75.392249111541,75.18,0.212249111540999,0.0450496853499433
1983,7,"UT","pooled_3",77.8890969931808,78,-0.110903006819157,0.01229947692153
1983,7,"VT","pooled_3",76.6031502284638,76.7,-0.0968497715361707,0.00937987824660846
1983,7,"VA","pooled_3",75.80672219822,75.33,0.47672219821996,0.227264054275671
1983,7,"WA","pooled_3",77.494668522175,76.79,0.704668522175027,0.496557726144336
1983,7,"WV","pooled_3",74.7950626582254,74.43,0.365062658225355,0.133270744430562
1983,7,"WI","pooled_3",77.3642281192896,76.87,0.494228119289559,0.244261433896495
1983,7,"WY","pooled_3",76.6157635988877,76.42,0.195763598887666,0.038323386649451
1983,8,"USA","pooled_3",76.0493548545912,75.54,0.509354854591223,0.259442367895646
1983,8,"AL","pooled_3",75.0372166230305,73.64,1.39721662303046,1.95221429167264
1983,8,"AK","pooled_3",75.2665862763271,75.42,-0.153413723672912,0.0235357706111887
1983,8,"AZ","pooled_3",77.4217831580139,76.37,1.05178315801389,1.10624781148167
1983,8,"AR","pooled_3",75.2677831330231,74.3,0.967783133023119,0.936604192564043
1983,8,"CA","pooled_3",76.6682434669187,76.07,0.59824346691866,0.357895245710858
1983,8,"CO","pooled_3",77.9079379862995,77.01,0.897937986299453,0.806292627239517
1983,8,"CT","pooled_3",77.4176204246118,77.19,0.2276204246118,0.0518110577004561
1983,8,"DE","pooled_3",75.9048407115081,75.1,0.804840711508092,0.647768570900852
1983,8,"FL","pooled_3",76.3683174446014,75.96,0.408317444601394,0.166723135565813
1983,8,"GA","pooled_3",74.6475176440571,73.99,0.657517644057108,0.43232945224641
1983,8,"HI","pooled_3",79.5354363280097,78.66,0.875436328009656,0.766388764399029
1983,8,"ID","pooled_3",77.0271948116733,77.19,-0.162805188326658,0.0265055293460786
1983,8,"IL","pooled_3",75.4937226151359,74.95,0.543722615135891,0.295634282210213
1983,8,"IN","pooled_3",75.8175513037776,75.45,0.367551303777631,0.135093960908637
1983,8,"IA","pooled_3",77.7147135382173,77.35,0.364713538217288,0.133015964958973
1983,8,"KS","pooled_3",77.1304259719328,76.73,0.400425971932819,0.160340958998343
1983,8,"KY","pooled_3",74.6244327934276,74.46,0.164432793427622,0.027038143554411
1983,8,"LA","pooled_3",73.8189706053737,73.1,0.718970605373698,0.516918731391422
1983,8,"ME","pooled_3",76.9034828489065,76.59,0.31348284890646,0.0982714965585106
1983,8,"MD","pooled_3",75.7063921891967,75.14,0.566392189196691,0.32080011198302
1983,8,"MA","pooled_3",77.0079896328523,77.04,-0.032010367147663,0.00102466360492818
1983,8,"MI","pooled_3",75.3649851275334,75.18,0.184985127533409,0.0342194974085516
1983,8,"MN","pooled_3",78.4040264093302,77.87,0.534026409330153,0.285184205862056
1983,8,"MS","pooled_3",74.2216641132409,73.07,1.1516641132409,1.32633022972694
1983,8,"MO","pooled_3",75.7937301820257,75.25,0.543730182025655,0.295642510845652
1983,8,"MT","pooled_3",76.7490061825992,76.47,0.279006182599161,0.0778444499285566
1983,8,"NE","pooled_3",77.512974224621,77.17,0.342974224621031,0.117631318754397
1983,8,"NV","pooled_3",75.9515094020537,74.53,1.42150940205366,2.02068898012695
1983,8,"NH","pooled_3",77.3110856489123,77.24,0.071085648912316,0.00505316948128505
1983,8,"NJ","pooled_3",75.9596215552092,75.64,0.319621555209181,0.102157938554336
1983,8,"NM","pooled_3",77.0022983768185,75.83,1.17229837681849,1.37428348429126
1983,8,"NY","pooled_3",75.5323526805357,74.82,0.712352680535659,0.507446341466339
1983,8,"NC","pooled_3",75.6477670010001,74.76,0.887767001000086,0.788130248064686
1983,8,"ND","pooled_3",78.419766264792,77.83,0.589766264791976,0.347824247086679
1983,8,"OH","pooled_3",75.5492181045923,75.39,0.15921810459227,0.025350404829955
1983,8,"OK","pooled_3",75.229289981618,75.1,0.129289981618015,0.0167158993467867
1983,8,"OR","pooled_3",77.3187109982222,76.91,0.40871099822219,0.167044680067779
1983,8,"PA","pooled_3",75.9368221212281,75.61,0.326822121228105,0.106812698924038
1983,8,"RI","pooled_3",77.1735401830705,76.87,0.303540183070453,0.0921366427384441
1983,8,"SC","pooled_3",74.7131462497898,73.88,0.833146249789763,0.694132673538747
1983,8,"SD","pooled_3",77.020751909189,77.01,0.0107519091890396,0.000115603551209353
1983,8,"TN","pooled_3",75.243235062573,74.5,0.743235062572992,0.55239835823788
1983,8,"TX","pooled_3",75.5476484971651,75.38,0.167648497165132,0.0281060186017273
1983,8,"UT","pooled_3",78.0847181553093,77.94,0.144718155309278,0.0209433444761202
1983,8,"VT","pooled_3",76.7979672305576,77.25,-0.45203276944244,0.204333624649802
1983,8,"VA","pooled_3",76.0255525807477,75.4,0.625552580747723,0.391316031280136
1983,8,"WA","pooled_3",77.7037084075709,77.17,0.533708407570856,0.284844664311819
1983,8,"WV","pooled_3",74.9648254254765,74.21,0.75482542547654,0.569761422945839
1983,8,"WI","pooled_3",77.5573744929024,77.04,0.517374492902377,0.267676365905992
1983,8,"WY","pooled_3",76.8221954430889,76.67,0.152195443088914,0.0231634528970308
1983,9,"USA","pooled_3",76.2347977930716,75.8,0.434797793071652,0.18904912085998
1983,9,"AL","pooled_3",75.2428042405076,74.2,1.04280424050761,1.08744068402065
1983,9,"AK","pooled_3",75.4662326982778,75.39,0.0762326982777495,0.00581142428670639
1983,9,"AZ","pooled_3",77.663774720686,76.32,1.34377472068596,1.80573049995462
1983,9,"AR","pooled_3",75.4163930787628,74.6,0.816393078762786,0.666497659051781
1983,9,"CA","pooled_3",76.8347508386211,76.32,0.514750838621111,0.264968425861138
1983,9,"CO","pooled_3",78.1206469272078,77.53,0.5906469272078,0.348863792620016
1983,9,"CT","pooled_3",77.6091722412093,77.32,0.289172241209343,0.0836205850860344
1983,9,"DE","pooled_3",76.0945580351607,75.49,0.604558035160693,0.365490417877358
1983,9,"FL","pooled_3",76.5509959626722,76.16,0.390995962672221,0.152877842825977
1983,9,"GA","pooled_3",74.8515733325544,74.35,0.501573332554372,0.251575807929699
1983,9,"HI","pooled_3",79.7787103126543,78.74,1.03871031265427,1.07891911361434
1983,9,"ID","pooled_3",77.2079360967753,77.36,-0.152063903224715,0.0231234306639354
1983,9,"IL","pooled_3",75.6731708336596,75.41,0.263170833659643,0.0692588876891116
1983,9,"IN","pooled_3",75.9789049849286,75.79,0.188904984928627,0.0356850933308846
1983,9,"IA","pooled_3",77.8931181784745,77.87,0.0231181784745047,0.000534450175979053
1983,9,"KS","pooled_3",77.2879359490343,77.22,0.0679359490343074,0.00461529317119202
1983,9,"KY","pooled_3",74.7709818732179,74.84,-0.0690181267821117,0.00476350182451165
1983,9,"LA","pooled_3",73.9897354553818,73.52,0.469735455381795,0.220651398042742
1983,9,"ME","pooled_3",77.115172198625,77.01,0.105172198624999,0.0110611913636162
1983,9,"MD","pooled_3",75.9164902850792,75.25,0.666490285079178,0.444209300104923
1983,9,"MA","pooled_3",77.1962990847619,76.95,0.246299084761901,0.0606632391545501
1983,9,"MI","pooled_3",75.5235480647092,75.59,-0.0664519352907575,0.00441585970388703
1983,9,"MN","pooled_3",78.6037746298937,78.15,0.453774629893715,0.205911414735178
1983,9,"MS","pooled_3",74.4154056086192,73.22,1.19540560861921,1.42899456911827
1983,9,"MO","pooled_3",75.9552716633424,75.51,0.445271663342353,0.198266854175666
1983,9,"MT","pooled_3",76.976139043669,76.63,0.346139043669027,0.119812237552108
1983,9,"NE","pooled_3",77.6829853464445,77.48,0.202985346444507,0.0412030508711965
1983,9,"NV","pooled_3",76.1958030493366,75.13,1.06580304933662,1.13593613997524
1983,9,"NH","pooled_3",77.518810413398,77.59,-0.0711895866019603,0.005067957240558
1983,9,"NJ","pooled_3",76.1419283002861,75.79,0.351928300286062,0.123853528542236
1983,9,"NM","pooled_3",77.2260774690004,76.38,0.84607746900042,0.715847083550157
1983,9,"NY","pooled_3",75.7136204511416,75.1,0.613620451141571,0.376530058059185
1983,9,"NC","pooled_3",75.8609059435927,75,0.860905943592698,0.741159043713234
1983,9,"ND","pooled_3",78.6248587941293,77.95,0.674858794129293,0.455434392013643
1983,9,"OH","pooled_3",75.713047316479,75.73,-0.0169526835209979,0.000287393478563113
1983,9,"OK","pooled_3",75.3531033995048,75.25,0.103103399504775,0.0106303109894412
1983,9,"OR","pooled_3",77.5203532284085,76.99,0.530353228408472,0.281274546883289
1983,9,"PA","pooled_3",76.1351612770187,75.73,0.405161277018735,0.164155660395452
1983,9,"RI","pooled_3",77.3764956621493,77.01,0.366495662149305,0.134319070374257
1983,9,"SC","pooled_3",74.9660354526691,74.09,0.876035452669143,0.76743811433323
1983,9,"SD","pooled_3",77.2034505817208,76.93,0.273450581720752,0.0747752206434177
1983,9,"TN","pooled_3",75.416316322859,74.74,0.676316322859009,0.457403768565531
1983,9,"TX","pooled_3",75.7030478827892,75.53,0.173047882789248,0.0299455697378414
1983,9,"UT","pooled_3",78.2803393174377,78.27,0.0103393174377118,0.000106901485077771
1983,9,"VT","pooled_3",76.9927842326513,76.85,0.142784232651294,0.020387337093819
1983,9,"VA","pooled_3",76.2443829632755,75.79,0.454382963275492,0.206463877315017
1983,9,"WA","pooled_3",77.9127482929667,77.19,0.722748292966685,0.522365094986257
1983,9,"WV","pooled_3",75.1345881927277,74.45,0.684588192727702,0.468660993622181
1983,9,"WI","pooled_3",77.7505208665152,77.57,0.180520866515209,0.032587783247402
1983,9,"WY","pooled_3",77.0286272872902,76.44,0.588627287290166,0.346482083342579
1983,10,"USA","pooled_3",76.4202407315521,75.59,0.830240731552067,0.689299672328111
1983,10,"AL","pooled_3",75.4483918579848,73.83,1.61839185798476,2.61919220599137
1983,10,"AK","pooled_3",75.6658791202284,75.54,0.125879120228404,0.0158455529094771
1983,10,"AZ","pooled_3",77.905766283358,76.07,1.83576628335801,3.37003784711409
1983,10,"AR","pooled_3",75.5650030245024,74.17,1.39500302450244,1.94603343837097
1983,10,"CA","pooled_3",77.0012582103236,76.25,0.751258210323556,0.564388898578552
1983,10,"CO","pooled_3",78.3333558681161,77.27,1.06335586811615,1.13072570225705
1983,10,"CT","pooled_3",77.8007240578069,77.08,0.720724057806876,0.51944316750161
1983,10,"DE","pooled_3",76.2842753588133,75.42,0.864275358813288,0.746971895851837
1983,10,"FL","pooled_3",76.733674480743,75.88,0.853674480743052,0.72876011907192
1983,10,"GA","pooled_3",75.0556290210516,74.06,0.995629021051627,0.991277147560222
1983,10,"HI","pooled_3",80.0219842972989,78.62,1.40198429729888,1.96555996987264
1983,10,"ID","pooled_3",77.3886773818772,77.17,0.218677381877228,0.047819797344679
1983,10,"IL","pooled_3",75.8526190521834,75.08,0.772619052183387,0.596940199796755
1983,10,"IN","pooled_3",76.1402586660796,75.51,0.630258666079627,0.39722598616847
1983,10,"IA","pooled_3",78.0715228187317,77.58,0.491522818731738,0.241594681333993
1983,10,"KS","pooled_3",77.4454459261358,76.79,0.655445926135783,0.429609362087995
1983,10,"KY","pooled_3",74.9175309530082,74.52,0.397530953008172,0.158030858599585
1983,10,"LA","pooled_3",74.1605003053899,73.02,1.14050030538989,1.30074094659444
1983,10,"ME","pooled_3",77.3268615483435,76.68,0.646861548343537,0.418429862725398
1983,10,"MD","pooled_3",76.1265883809617,75.04,1.08658838096166,1.18067430964088
1983,10,"MA","pooled_3",77.3846085366715,76.88,0.504608536671469,0.254629775281721
1983,10,"MI","pooled_3",75.6821110018851,75.35,0.332111001885082,0.110297717573113
1983,10,"MN","pooled_3",78.8035228504573,78,0.803522850457284,0.645648971206999
1983,10,"MS","pooled_3",74.6091471039975,72.95,1.65914710399753,2.75276911270338
1983,10,"MO","pooled_3",76.1168131446591,75.18,0.936813144659055,0.877618868005988
1983,10,"MT","pooled_3",77.2032719047389,76.41,0.793271904738887,0.629280314848062
1983,10,"NE","pooled_3",77.852996468268,77.14,0.712996468267988,0.508363963762624
1983,10,"NV","pooled_3",76.4400966966196,74.9,1.54009669661957,2.37189783493851
1983,10,"NH","pooled_3",77.7265351778838,77.53,0.196535177883774,0.0386260761458068
1983,10,"NJ","pooled_3",76.324235045363,75.71,0.61423504536296,0.377284690952038
1983,10,"NM","pooled_3",77.4498565611823,76.14,1.30985656118234,1.71572421087243
1983,10,"NY","pooled_3",75.8948882217475,74.97,0.92488822174748,0.855418222727216
1983,10,"NC","pooled_3",76.0740448861853,74.79,1.2840448861853,1.64877126973862
1983,10,"ND","pooled_3",78.8299513234666,77.95,0.879951323466614,0.774314331670645
1983,10,"OH","pooled_3",75.8768765283657,75.62,0.256876528365737,0.0659855508252333
1983,10,"OK","pooled_3",75.4769168173915,74.71,0.766916817391547,0.588161404797979
1983,10,"OR","pooled_3",77.7219954585947,76.53,1.19199545859475,1.4208531733105
1983,10,"PA","pooled_3",76.3335004328094,75.64,0.693500432809373,0.480942850306787
1983,10,"RI","pooled_3",77.5794511412282,76.69,0.889451141228164,0.791123332632084
1983,10,"SC","pooled_3",75.2189246555485,73.92,1.29892465554853,1.68720526079187
1983,10,"SD","pooled_3",77.3861492542525,76.86,0.526149254252473,0.276833037750434
1983,10,"TN","pooled_3",75.589397583145,74.34,1.24939758314501,1.5609943207686
1983,10,"TX","pooled_3",75.8584472684134,75.44,0.418447268413374,0.175098116442614
1983,10,"UT","pooled_3",78.4759604795661,77.92,0.555960479566139,0.309092054839411
1983,10,"VT","pooled_3",77.187601234745,76.63,0.557601234745022,0.310919136989173
1983,10,"VA","pooled_3",76.4632133458033,75.63,0.833213345803273,0.694244479624684
1983,10,"WA","pooled_3",78.1217881783625,76.96,1.16178817836251,1.34975177138289
1983,10,"WV","pooled_3",75.3043509599789,74.3,1.00435095997888,1.0087208508105
1983,10,"WI","pooled_3",77.943667240128,77.12,0.823667240128017,0.678427722460105
1983,10,"WY","pooled_3",77.2350591314914,76.47,0.765059131491412,0.585315474678394
1990,1,"USA","rw_drift",75.5601116284752,75.54,0.0201116284751492,0.000404477599922434
1990,1,"AL","rw_drift",73.8316613806068,73.64,0.191661380606831,0.0367340848161166
1990,1,"AK","rw_drift",75.1935792092326,75.42,-0.22642079076742,0.051266374491744
1990,1,"AZ","rw_drift",76.4355735482337,76.37,0.0655735482337292,0.00429989022796121
1990,1,"AR","rw_drift",74.473191149566,74.3,0.173191149565952,0.0299951742879759
1990,1,"CA","rw_drift",75.9606653260857,76.07,-0.109334673914248,0.0119540709199348
1990,1,"CO","rw_drift",77.4189964270009,77.01,0.408996427000929,0.167278077299526
1990,1,"CT","rw_drift",77.2461173106402,77.19,0.0561173106401753,0.00314915255348594
1990,1,"DE","rw_drift",75.1032282811727,75.1,0.0032282811726958,1.04217993299822e-05
1990,1,"FL","rw_drift",75.8246854526127,75.96,-0.135314547387267,0.018310026734621
1990,1,"GA","rw_drift",73.9553862202814,73.99,-0.034613779718569,0.00119811374640562
1990,1,"HI","rw_drift",78.4243948000231,78.66,-0.235605199976888,0.0555098102561494
1990,1,"ID","rw_drift",77.3078735816719,77.19,0.11787358167193,0.0138941812561691
1990,1,"IL","rw_drift",75.0826422378214,74.95,0.132642237821443,0.0175939632542803
1990,1,"IN","rw_drift",75.5571189649823,75.45,0.107118964982334,0.0114744726588865
1990,1,"IA","rw_drift",77.6702086049815,77.35,0.320208604981474,0.102533550704182
1990,1,"KS","rw_drift",77.0899665604559,76.73,0.359966560455874,0.129575924646432
1990,1,"KY","rw_drift",74.5646037803336,74.46,0.104603780333633,0.010941950860087
1990,1,"LA","rw_drift",73.2314834687397,73.1,0.131483468739674,0.0172879025518168
1990,1,"ME","rw_drift",76.742424766212,76.59,0.152424766211979,0.0232333093547765
1990,1,"MD","rw_drift",75.051232862349,75.14,-0.08876713765099,0.0078796047267498
1990,1,"MA","rw_drift",76.9937159577807,77.04,-0.0462840422193551,0.00214221256416305
1990,1,"MI","rw_drift",75.2878122428465,75.18,0.10781224284645,0.0116234797075818
1990,1,"MN","rw_drift",78.0423953625702,77.87,0.172395362570171,0.0297201610357007
1990,1,"MS","rw_drift",73.2319903381825,73.07,0.161990338182505,0.0262408696644825
1990,1,"MO","rw_drift",75.442908402953,75.25,0.192908402953037,0.0372136519298914
1990,1,"MT","rw_drift",76.6153153931754,76.47,0.145315393175423,0.0211165634937278
1990,1,"NE","rw_drift",77.0818771402426,77.17,-0.0881228597574051,0.00776563841182328
1990,1,"NV","rw_drift",74.7721086127716,74.53,0.242108612771645,0.0586165803782103
1990,1,"NH","rw_drift",77.1001970295313,77.24,-0.139802970468722,0.0195448705518783
1990,1,"NJ","rw_drift",75.5858614899753,75.64,-0.0541385100247282,0.0029309782676976
1990,1,"NM","rw_drift",76.2122331951087,75.83,0.382233195108668,0.146102215442981
1990,1,"NY","rw_drift",74.7413688704691,74.82,-0.078631129530919,0.00618285453130816
1990,1,"NC","rw_drift",74.881383584522,74.76,0.12138358452205,0.0147339745914217
1990,1,"ND","rw_drift",77.762864177117,77.83,-0.0671358228830172,0.00450721871417986
1990,1,"OH","rw_drift",75.4843211410588,75.39,0.0943211410587566,0.00889647765062585
1990,1,"OK","rw_drift",75.1151314655171,75.1,0.0151314655171291,0.000228961248696066
1990,1,"OR","rw_drift",76.6281980925796,76.91,-0.28180190742043,0.0794123150257927
1990,1,"PA","rw_drift",75.6030337020976,75.61,-0.00696629790240877,4.85293064651048e-05
1990,1,"RI","rw_drift",76.5779387800847,76.87,-0.292061219915354,0.0852997561784447
1990,1,"SC","rw_drift",73.8385481201,73.88,-0.0414518798999808,0.00171825834724243
1990,1,"SD","rw_drift",77.281592049546,77.01,0.271592049545944,0.0737622413765667
1990,1,"TN","rw_drift",74.3417061531912,74.5,-0.158293846808846,0.0250569419375423
1990,1,"TX","rw_drift",75.327408457179,75.38,-0.0525915428209913,0.00276587037629216
1990,1,"UT","rw_drift",78.1599998988189,77.94,0.219999898818898,0.0483999554803254
1990,1,"VT","rw_drift",76.8731469309085,77.25,-0.376853069091496,0.14201823568368
1990,1,"VA","rw_drift",75.5385824388037,75.4,0.138582438803695,0.0192050923447799
1990,1,"WA","rw_drift",76.9872444812817,77.17,-0.182755518718338,0.0333995796220087
1990,1,"WV","rw_drift",74.5494472608321,74.21,0.339447260832145,0.115224442886446
1990,1,"WI","rw_drift",77.0576872204388,77.04,0.0176872204388161,0.000312837766851274
1990,1,"WY","rw_drift",76.5772374590449,76.67,-0.0927625409550643,0.00860488900443998
1990,2,"USA","rw_drift",75.730417138728,75.8,-0.0695828612720533,0.00484177458280581
1990,2,"AL","rw_drift",74.0008030673553,74.2,-0.199196932644654,0.0396794179750387
1990,2,"AK","rw_drift",75.3909600561626,75.39,0.0009600561625831,9.21707835313789e-07
1990,2,"AZ","rw_drift",76.6478628905255,76.32,0.327862890525481,0.107494074983723
1990,2,"AR","rw_drift",74.5975296625111,74.6,-0.00247033748891567,6.1025673091422e-06
1990,2,"CA","rw_drift",76.1055340037045,76.32,-0.214465996295488,0.0459956635670161
1990,2,"CO","rw_drift",77.6171478590753,77.53,0.0871478590753156,0.00759474934141107
1990,2,"CT","rw_drift",77.4326663031016,77.32,0.112666303101577,0.0126936958545763
1990,2,"DE","rw_drift",75.2684783082889,75.49,-0.221521691711075,0.0490718598985366
1990,2,"FL","rw_drift",75.9908897081768,76.16,-0.169110291823188,0.0285982908005237
1990,2,"GA","rw_drift",74.1385793478226,74.35,-0.211420652177409,0.0446986921671211
1990,2,"HI","rw_drift",78.6336219756752,78.74,-0.106378024324826,0.0113162840592533
1990,2,"ID","rw_drift",77.4968994248062,77.36,0.13689942480616,0.0187414525122574
1990,2,"IL","rw_drift",75.2496928040326,75.41,-0.160307195967377,0.025698397078923
1990,2,"IN","rw_drift",75.7106680258035,75.79,-0.0793319741965206,0.00629356212991741
1990,2,"IA","rw_drift",77.8471849241793,77.87,-0.022815075820688,0.000520527684703741
1990,2,"KS","rw_drift",77.2463290710838,77.22,0.0263290710838504,0.000693219984138448
1990,2,"KY","rw_drift",74.7092891920699,74.84,-0.130710807930129,0.017085315309747
1990,2,"LA","rw_drift",73.3845601429675,73.52,-0.13543985703248,0.0183439548729787
1990,2,"ME","rw_drift",76.9488618714586,77.01,-0.0611381285413586,0.00373787076153968
1990,2,"MD","rw_drift",75.2415732564452,75.25,-0.0084267435548071,7.10100069384831e-05
1990,2,"MA","rw_drift",77.1817062419397,76.95,0.231706241939676,0.0536877825538078
1990,2,"MI","rw_drift",75.4441111757216,75.59,-0.145888824278416,0.0212835490493384
1990,2,"MN","rw_drift",78.2312565147806,78.15,0.0812565147806197,0.00660262119429306
1990,2,"MS","rw_drift",73.3956892709488,73.22,0.175689270948823,0.0308667199265288
1990,2,"MO","rw_drift",75.5939042492324,75.51,0.083904249232404,0.00703992303925337
1990,2,"MT","rw_drift",76.8385116336672,76.63,0.208511633667229,0.0434771013745765
1990,2,"NE","rw_drift",77.2389037132876,77.48,-0.241096286712391,0.0581274194665036
1990,2,"NV","rw_drift",74.9809651783911,75.13,-0.149034821608851,0.0222113780519819
1990,2,"NH","rw_drift",77.3014154400073,77.59,-0.288584559992728,0.0832810482661964
1990,2,"NJ","rw_drift",75.7569481682112,75.79,-0.0330518317888107,0.00109242358459583
1990,2,"NM","rw_drift",76.4123041166774,76.38,0.0323041166773947,0.00104355595430673
1990,2,"NY","rw_drift",74.8986830540815,75.1,-0.201316945918535,0.0405285127139663
1990,2,"NC","rw_drift",75.0714253963481,75,0.0714253963480758,0.00510158724347971
1990,2,"ND","rw_drift",77.9481026238397,77.95,-0.00189737616030072,3.60003629367752e-06
1990,2,"OH","rw_drift",75.6462693664792,75.73,-0.0837306335207728,0.00701081898978996
1990,2,"OK","rw_drift",75.2358931805817,75.25,-0.0141068194183021,0.000199002354100584
1990,2,"OR","rw_drift",76.8087505575204,76.99,-0.181249442479569,0.0328513603991545
1990,2,"PA","rw_drift",75.7913078765688,75.73,0.0613078765688329,0.00375865572937924
1990,2,"RI","rw_drift",76.7627245097543,77.01,-0.247275490245698,0.0611451680762505
1990,2,"SC","rw_drift",74.0648669339073,74.09,-0.0251330660927351,0.000631671011221792
1990,2,"SD","rw_drift",77.4722465439649,76.93,0.542246543964936,0.294031314441917
1990,2,"TN","rw_drift",74.4875153927533,74.74,-0.252484607246728,0.0637484768965347
1990,2,"TX","rw_drift",75.4761177808962,75.53,-0.0538822191037838,0.00290329353554816
1990,2,"UT","rw_drift",78.3581817071864,78.27,0.0881817071863651,0.00777601348230183
1990,2,"VT","rw_drift",77.0705147872669,76.85,0.220514787266893,0.0486267714033631
1990,2,"VA","rw_drift",75.7427815100431,75.79,-0.0472184899568902,0.00222958579380894
1990,2,"WA","rw_drift",77.1747379685516,77.19,-0.0152620314483585,0.000232929603930683
1990,2,"WV","rw_drift",74.7067030126214,74.45,0.256703012621358,0.0658964366888811
1990,2,"WI","rw_drift",77.2357992530265,77.57,-0.334200746973522,0.11169013927766
1990,2,"WY","rw_drift",76.7762438555683,76.44,0.336243855568341,0.113059930407463
1990,3,"USA","rw_drift",75.9007226489807,75.59,0.310722648980729,0.0965485645896012
1990,3,"AL","rw_drift",74.1699447541039,73.83,0.339944754103868,0.115562435842739
1990,3,"AK","rw_drift",75.5883409030926,75.54,0.0483409030925799,0.0023368429118062
1990,3,"AZ","rw_drift",76.8601522328172,76.07,0.790152232817221,0.624340551026039
1990,3,"AR","rw_drift",74.7218681754562,74.17,0.551868175456207,0.304558483081363
1990,3,"CA","rw_drift",76.2504026813233,76.25,0.000402681323265597,1.62152248106932e-07
1990,3,"CO","rw_drift",77.8152992911497,77.27,0.545299291149703,0.297351316928369
1990,3,"CT","rw_drift",77.619215295563,77.08,0.539215295562968,0.290753134969059
1990,3,"DE","rw_drift",75.4337283354051,75.42,0.0137283354051476,0.00018846719299623
1990,3,"FL","rw_drift",76.1570939637409,75.88,0.277093963740896,0.0767810647416409
1990,3,"GA","rw_drift",74.3217724753637,74.06,0.261772475363742,0.0685248288580608
1990,3,"HI","rw_drift",78.8428491513272,78.62,0.222849151327225,0.0496617442472643
1990,3,"ID","rw_drift",77.6859252679404,77.17,0.515925267940389,0.266178882099362
1990,3,"IL","rw_drift",75.4167433702438,75.08,0.336743370243795,0.11339609740315
1990,3,"IN","rw_drift",75.8642170866246,75.51,0.35421708662463,0.12546974445684
1990,3,"IA","rw_drift",78.0241612433772,77.58,0.444161243377167,0.197279210118351
1990,3,"KS","rw_drift",77.4026915817118,76.79,0.612691581711815,0.375390974300525
1990,3,"KY","rw_drift",74.8539746038061,74.52,0.333974603806126,0.111539035987459
1990,3,"LA","rw_drift",73.5376368171954,73.02,0.517636817195367,0.26794787451615
1990,3,"ME","rw_drift",77.1552989767053,76.68,0.475298976705304,0.225909117257109
1990,3,"MD","rw_drift",75.4319136505414,75.04,0.391913650541369,0.153596309480662
1990,3,"MA","rw_drift",77.3696965260987,76.88,0.489696526098712,0.239802687673146
1990,3,"MI","rw_drift",75.6004101085967,75.35,0.250410108596725,0.0627052224874236
1990,3,"MN","rw_drift",78.4201176669911,78,0.420117666991075,0.176498854118024
1990,3,"MS","rw_drift",73.5593882037151,72.95,0.609388203715142,0.371353982827167
1990,3,"MO","rw_drift",75.7449000955118,75.18,0.564900095511774,0.319112117909212
1990,3,"MT","rw_drift",77.061707874159,76.41,0.65170787415903,0.424723153240882
1990,3,"NE","rw_drift",77.3959302863326,77.14,0.255930286332628,0.065500311462301
1990,3,"NV","rw_drift",75.1898217440106,74.9,0.289821744010638,0.0839966433013677
1990,3,"NH","rw_drift",77.5026338504833,77.53,-0.0273661495167232,0.000748906139371651
1990,3,"NJ","rw_drift",75.9280348464471,75.71,0.218034846447125,0.0475391942652214
1990,3,"NM","rw_drift",76.6123750382461,76.14,0.472375038246113,0.223138176758017
1990,3,"NY","rw_drift",75.0559972376938,74.97,0.0859972376938458,0.00739552489097182
1990,3,"NC","rw_drift",75.2614672081741,74.79,0.47146720817409,0.222281328383471
1990,3,"ND","rw_drift",78.1333410705624,77.95,0.18334107056242,0.0336139481549744
1990,3,"OH","rw_drift",75.8082175918997,75.62,0.188217591899701,0.0354258619005223
1990,3,"OK","rw_drift",75.3566548956463,74.71,0.646654895646279,0.4181625540633
1990,3,"OR","rw_drift",76.9893030224613,76.53,0.459303022461285,0.210959266442071
1990,3,"PA","rw_drift",75.9795820510401,75.64,0.339582051040082,0.115315969388589
1990,3,"RI","rw_drift",76.947510239424,76.69,0.257510239423965,0.0663115234081878
1990,3,"SC","rw_drift",74.2911857477145,73.92,0.37118574771452,0.137778859306387
1990,3,"SD","rw_drift",77.6629010383839,76.86,0.802901038383936,0.644650077438003
1990,3,"TN","rw_drift",74.6333246323154,74.34,0.293324632315375,0.0860393399229501
1990,3,"TX","rw_drift",75.6248271046134,75.44,0.184827104613433,0.0341610585997849
1990,3,"UT","rw_drift",78.5563635155538,77.92,0.636363515553825,0.404958523928023
1990,3,"VT","rw_drift",77.2678826436253,76.63,0.637882643625275,0.40689426703837
1990,3,"VA","rw_drift",75.9469805812825,75.63,0.316980581282536,0.100476688910214
1990,3,"WA","rw_drift",77.3622314558216,76.96,0.402231455821621,0.161790144052381
1990,3,"WV","rw_drift",74.8639587644106,74.3,0.563958764410586,0.318049487955515
1990,3,"WI","rw_drift",77.4139112856141,77.12,0.293911285614115,0.0863838438113419
1990,3,"WY","rw_drift",76.9752502520917,76.47,0.505250252091741,0.255277817238768
1990,4,"USA","rw_drift",76.0710281592335,75.77,0.301028159233525,0.0906179526515243
1990,4,"AL","rw_drift",74.3390864408524,73.94,0.399086440852386,0.159269987272225
1990,4,"AK","rw_drift",75.7857217500226,75.68,0.105721750022582,0.0111770884278373
1990,4,"AZ","rw_drift",77.072441575109,76.21,0.86244157510896,0.743805470476424
1990,4,"AR","rw_drift",74.8462066884013,74.44,0.40620668840134,0.165003873701984
1990,4,"CA","rw_drift",76.395271358942,76.38,0.0152713589420301,0.000233214403936324
1990,4,"CO","rw_drift",78.0134507232241,77.45,0.563450723224079,0.317476717501738
1990,4,"CT","rw_drift",77.8057642880244,77.02,0.785764288024367,0.617425516334441
1990,4,"DE","rw_drift",75.5989783625214,75.33,0.268978362521381,0.0723493595046833
1990,4,"FL","rw_drift",76.323298219305,75.97,0.353298219304975,0.124819631764066
1990,4,"GA","rw_drift",74.5049656029049,74.38,0.124965602904908,0.0156164019093871
1990,4,"HI","rw_drift",79.0520763269793,78.86,0.19207632697929,0.0368933153858551
1990,4,"ID","rw_drift",77.8749511110746,77.36,0.514951111074623,0.265174646796989
1990,4,"IL","rw_drift",75.583793936455,75.17,0.413793936454965,0.171225421846896
1990,4,"IN","rw_drift",76.0177661474458,75.61,0.407766147445784,0.166273231002777
1990,4,"IA","rw_drift",78.201137562575,77.56,0.641137562575011,0.411057374144626
1990,4,"KS","rw_drift",77.5590540923398,77.08,0.479054092339794,0.229492823387504
1990,4,"KY","rw_drift",74.9986600155424,74.65,0.348660015542364,0.121563806438002
1990,4,"LA","rw_drift",73.6907134914232,73.44,0.250713491423213,0.0628572547816173
1990,4,"ME","rw_drift",77.361736081952,76.81,0.551736081951972,0.304412704127714
1990,4,"MD","rw_drift",75.6222540446376,75.14,0.482254044637557,0.232568963569283
1990,4,"MA","rw_drift",77.5576868102577,77.13,0.42768681025774,0.18291600766844
1990,4,"MI","rw_drift",75.7567090414719,75.53,0.22670904147185,0.0513969894850848
1990,4,"MN","rw_drift",78.6089788192015,78.09,0.518978819201521,0.269339014779805
1990,4,"MS","rw_drift",73.7230871364815,72.95,0.773087136481465,0.597663720593111
1990,4,"MO","rw_drift",75.8958959417912,75.23,0.665895941791149,0.443417405293921
1990,4,"MT","rw_drift",77.2849041146508,76.89,0.394904114650828,0.155949259768154
1990,4,"NE","rw_drift",77.5529568593776,77.33,0.222956859377646,0.0497097611435436
1990,4,"NV","rw_drift",75.3986783096301,74.83,0.568678309630144,0.323395019843798
1990,4,"NH","rw_drift",77.7038522609593,77.65,0.0538522609592746,0.00290006601042582
1990,4,"NJ","rw_drift",76.099121524683,75.94,0.159121524683044,0.0253196596174567
1990,4,"NM","rw_drift",76.8124459598148,76.27,0.542445959814842,0.294247619319445
1990,4,"NY","rw_drift",75.2133114213062,75.27,-0.0566885786937661,0.00321359495431931
1990,4,"NC","rw_drift",75.4515090200001,74.96,0.491509020000123,0.241581116741481
1990,4,"ND","rw_drift",78.3185795172851,77.88,0.438579517285149,0.192351992982074
1990,4,"OH","rw_drift",75.9701658173202,75.74,0.230165817320184,0.0529763034626685
1990,4,"OK","rw_drift",75.4774166107108,74.84,0.637416610710844,0.406299935610099
1990,4,"OR","rw_drift",77.1698554874021,76.78,0.389855487402144,0.151987301057563
1990,4,"PA","rw_drift",76.1678562255113,75.72,0.44785622551133,0.200575198729256
1990,4,"RI","rw_drift",77.1322959690936,77.45,-0.317704030906384,0.100935851254165
1990,4,"SC","rw_drift",74.5175045615218,74.19,0.327504561521778,0.107259237817572
1990,4,"SD","rw_drift",77.8535555328029,77.16,0.693555532802932,0.481019277081559
1990,4,"TN","rw_drift",74.7791338718775,74.38,0.399133871877495,0.159307847679921
1990,4,"TX","rw_drift",75.7735364283306,75.65,0.123536428330638,0.0152612491246909
1990,4,"UT","rw_drift",78.7545453239213,78.2,0.554545323921289,0.307520516282967
1990,4,"VT","rw_drift",77.4652504999837,77.48,-0.0147495000163502,0.000217547750732315
1990,4,"VA","rw_drift",76.151179652522,75.77,0.381179652521951,0.145297927496755
1990,4,"WA","rw_drift",77.5497249430916,77.33,0.219724943091592,0.0482790506166032
1990,4,"WV","rw_drift",75.0212145161998,74.84,0.181214516199802,0.0328387008815282
1990,4,"WI","rw_drift",77.5920233182018,77.31,0.282023318201766,0.0795371520095345
1990,4,"WY","rw_drift",77.1742566486151,76.75,0.424256648615142,0.179993703894152
1990,5,"USA","rw_drift",76.2413336694863,75.88,0.361333669486314,0.130562020704445
1990,5,"AL","rw_drift",74.5082281276009,73.93,0.578228127600894,0.334347767548836
1990,5,"AK","rw_drift",75.9831025969526,75.57,0.413102596952598,0.170653755608981
1990,5,"AZ","rw_drift",77.2847309174007,76.41,0.874730917400697,0.765154177856665
1990,5,"AR","rw_drift",74.9705452013465,74.55,0.420545201346471,0.176858266375544
1990,5,"CA","rw_drift",76.5401400365608,76.64,-0.099859963439215,0.00997201229808136
1990,5,"CO","rw_drift",78.2116021552985,77.52,0.691602155298469,0.478313541213487
1990,5,"CT","rw_drift",77.9923132804858,77.3,0.692313280485763,0.479297678336959
1990,5,"DE","rw_drift",75.7642283896376,75.78,-0.0157716103623926,0.00024874369342313
1990,5,"FL","rw_drift",76.489502474869,75.99,0.499502474869061,0.249502722400317
1990,5,"GA","rw_drift",74.6881587304461,74.38,0.308158730446067,0.0949618031501317
1990,5,"HI","rw_drift",79.2613035026313,78.73,0.531303502631346,0.282283411908336
1990,5,"ID","rw_drift",78.0639769542089,77.6,0.46397695420886,0.215274614036931
1990,5,"IL","rw_drift",75.7508445026661,75.31,0.440844502666138,0.194343875530955
1990,5,"IN","rw_drift",76.1713152082669,75.54,0.631315208266926,0.398558892189112
1990,5,"IA","rw_drift",78.3781138817729,77.61,0.768113881772862,0.589998935372175
1990,5,"KS","rw_drift",77.7154166029678,77.02,0.695416602967768,0.48360425168323
1990,5,"KY","rw_drift",75.1433454272786,74.79,0.353345427278612,0.124852990978705
1990,5,"LA","rw_drift",73.8437901656511,73.49,0.353790165651063,0.125167481311406
1990,5,"ME","rw_drift",77.5681731871986,76.92,0.648173187198637,0.420128480603239
1990,5,"MD","rw_drift",75.8125944387337,75.12,0.692594438733735,0.479687056564898
1990,5,"MA","rw_drift",77.7456770944168,77.35,0.395677094416769,0.156560363046096
1990,5,"MI","rw_drift",75.913007974347,75.71,0.203007974346988,0.0412122376484675
1990,5,"MN","rw_drift",78.797839971412,78,0.797839971411975,0.63654861998266
1990,5,"MS","rw_drift",73.8867860692478,73.07,0.816786069247797,0.667139482917268
1990,5,"MO","rw_drift",76.0468917880705,75.33,0.716891788070527,0.513933835802957
1990,5,"MT","rw_drift",77.5081003551426,76.66,0.848100355142634,0.719274212393062
1990,5,"NE","rw_drift",77.7099834324227,77.55,0.159983432422663,0.0255946986497369
1990,5,"NV","rw_drift",75.6075348752496,75.11,0.497534875249642,0.247540952089676
1990,5,"NH","rw_drift",77.9050706714353,77.57,0.33507067143529,0.112272354856096
1990,5,"NJ","rw_drift",76.270208202919,75.99,0.280208202918971,0.078516636983079
1990,5,"NM","rw_drift",77.0125168813836,76.28,0.73251688138356,0.536580981511897
1990,5,"NY","rw_drift",75.3706256049186,75.52,-0.149374395081381,0.0223127099059285
1990,5,"NC","rw_drift",75.6415508318261,75.1,0.541550831826143,0.293277303451587
1990,5,"ND","rw_drift",78.5038179640079,77.86,0.643817964007866,0.414501570779234
1990,5,"OH","rw_drift",76.1321140427407,75.6,0.532114042740659,0.283145354481808
1990,5,"OK","rw_drift",75.5981783257754,74.88,0.718178325775426,0.515780107613594
1990,5,"OR","rw_drift",77.350407952343,76.81,0.540407952343003,0.292040754955557
1990,5,"PA","rw_drift",76.3561303999826,75.93,0.426130399982569,0.181587117789304
1990,5,"RI","rw_drift",77.3170816987633,77.39,-0.0729183012367258,0.00531707865524989
1990,5,"SC","rw_drift",74.743823375329,74.12,0.623823375329025,0.389155603606897
1990,5,"SD","rw_drift",78.0442100272219,77.19,0.854210027221924,0.729674770606481
1990,5,"TN","rw_drift",74.9249431114396,74.33,0.594943111439605,0.353957305849438
1990,5,"TX","rw_drift",75.9222457520479,75.88,0.0422457520478616,0.0017847035660894
1990,5,"UT","rw_drift",78.9527271322888,78.17,0.782727132288755,0.612661763620979
1990,5,"VT","rw_drift",77.662618356342,77.2,0.462618356342034,0.214015743624605
1990,5,"VA","rw_drift",76.3553787237614,75.94,0.415378723761364,0.17253948415362
1990,5,"WA","rw_drift",77.7372184303616,77.45,0.287218430361563,0.0824944267393598
1990,5,"WV","rw_drift",75.178470267989,74.8,0.37847026798903,0.143239743751688
1990,5,"WI","rw_drift",77.7701353507894,77.42,0.350135350789415,0.122594763872427
1990,5,"WY","rw_drift",77.3732630451385,76.28,1.09326304513854,1.1952240858656
1990,6,"USA","rw_drift",76.4116391797391,76.2,0.211639179739095,0.0447911424006368
1990,6,"AL","rw_drift",74.6773698143494,74,0.677369814349419,0.458829865391766
1990,6,"AK","rw_drift",76.1804834438826,75.83,0.350483443882595,0.122838644435804
1990,6,"AZ","rw_drift",77.4970202596924,76.61,0.887020259692434,0.786804941104834
1990,6,"AR","rw_drift",75.0948837142916,74.82,0.274883714291605,0.0755610563827485
1990,6,"CA","rw_drift",76.6850087141795,77.1,-0.414991285820449,0.172217767306909
1990,6,"CO","rw_drift",78.4097535873728,77.7,0.709753587372845,0.503750154788622
1990,6,"CT","rw_drift",78.1788622729472,77.57,0.608862272947164,0.370713267418387
1990,6,"DE","rw_drift",75.9294784167538,75.74,0.189478416753843,0.0359020704155431
1990,6,"FL","rw_drift",76.6557067304331,76.52,0.135706730433142,0.0184163166848536
1990,6,"GA","rw_drift",74.8713518579872,74.63,0.241351857987226,0.0582507193538861
1990,6,"HI","rw_drift",79.4705306782834,78.77,0.700530678283414,0.49074323121622
1990,6,"ID","rw_drift",78.2530027973431,77.74,0.513002797343091,0.263171870081837
1990,6,"IL","rw_drift",75.9178950688773,75.81,0.107895068877312,0.0116413458880399
1990,6,"IN","rw_drift",76.3248642690881,75.89,0.434864269088081,0.189106932529511
1990,6,"IA","rw_drift",78.5550902009707,77.84,0.715090200970707,0.511353995524326
1990,6,"KS","rw_drift",77.8717791135957,76.99,0.881779113595741,0.77753440517369
1990,6,"KY","rw_drift",75.2880308390149,74.98,0.308030839014862,0.0948829977841996
1990,6,"LA","rw_drift",73.9968668398789,73.77,0.226866839878909,0.0514685630366425
1990,6,"ME","rw_drift",77.7746102924453,77.42,0.354610292445301,0.125748459508142
1990,6,"MD","rw_drift",76.0029348328299,75.52,0.482934832829926,0.233226052760469
1990,6,"MA","rw_drift",77.9336673785758,77.69,0.243667378575793,0.0593737913819989
1990,6,"MI","rw_drift",76.0693069072221,76.02,0.0493069072221175,0.0024311710998105
1990,6,"MN","rw_drift",78.9867011236224,78.38,0.606701123622429,0.368086253404718
1990,6,"MS","rw_drift",74.0504850020141,73.43,0.620485002014107,0.385001637724446
1990,6,"MO","rw_drift",76.1978876343499,75.67,0.527887634349895,0.278665354499529
1990,6,"MT","rw_drift",77.7312965956344,76.9,0.831296595634427,0.691054029913388
1990,6,"NE","rw_drift",77.8670100054677,77.4,0.467010005467671,0.218098345206914
1990,6,"NV","rw_drift",75.8163914408691,75.19,0.626391440869142,0.39236623719412
1990,6,"NH","rw_drift",78.1062890819113,77.78,0.326289081911284,0.106464564974509
1990,6,"NJ","rw_drift",76.4412948811549,76.46,-0.0187051188451051,0.000349881471009505
1990,6,"NM","rw_drift",77.2125878029523,76.68,0.532587802952278,0.283649767853535
1990,6,"NY","rw_drift",75.527939788531,76.19,-0.662060211468997,0.438323723610373
1990,6,"NC","rw_drift",75.8315926436522,75.22,0.611592643652159,0.374045561769437
1990,6,"ND","rw_drift",78.6890564107306,78.13,0.559056410730591,0.312544070378971
1990,6,"OH","rw_drift",76.2940622681611,75.97,0.324062268161128,0.105016353645735
1990,6,"OK","rw_drift",75.71894004084,75.06,0.658940040839994,0.434201977422213
1990,6,"OR","rw_drift",77.5309604172839,76.92,0.610960417283863,0.373272631487672
1990,6,"PA","rw_drift",76.5444045744538,76.02,0.524404574453825,0.275000157708098
1990,6,"RI","rw_drift",77.5018674284329,77.96,-0.458132571567063,0.20988545313065
1990,6,"SC","rw_drift",74.9701421891363,74.25,0.720142189136283,0.518604772573998
1990,6,"SD","rw_drift",78.2348645216409,77.51,0.72486452164091,0.525428574733706
1990,6,"TN","rw_drift",75.0707523510017,74.68,0.390752351001709,0.152687399813362
1990,6,"TX","rw_drift",76.0709550757651,76.04,0.0309550757650641,0.000958216715620857
1990,6,"UT","rw_drift",79.1509089406562,78.49,0.660908940656228,0.436800627839337
1990,6,"VT","rw_drift",77.8599862127004,77.65,0.209986212700414,0.0440942095242637
1990,6,"VA","rw_drift",76.5595777950008,76.14,0.419577795000777,0.176045526057714
1990,6,"WA","rw_drift",77.9247119176315,77.45,0.474711917631538,0.225351404741412
1990,6,"WV","rw_drift",75.3357260197782,74.81,0.525726019778247,0.276387847871878
1990,6,"WI","rw_drift",77.9482473833771,77.53,0.418247383377064,0.174930873701761
1990,6,"WY","rw_drift",77.572269441662,77.07,0.502269441661952,0.252274592027409
1990,7,"USA","rw_drift",76.5819446899919,76.53,0.0519446899918847,0.00269825081835301
1990,7,"AL","rw_drift",74.8465115010979,74.29,0.55651150109793,0.309705050854271
1990,7,"AK","rw_drift",76.3778642908126,76.24,0.137864290812601,0.0190065626812614
1990,7,"AZ","rw_drift",77.7093096019842,77.02,0.689309601984178,0.475147727387586
1990,7,"AR","rw_drift",75.2192222272367,74.43,0.789222227236721,0.62287172396449
1990,7,"CA","rw_drift",76.8298773917983,77.44,-0.610122608201692,0.372249597038836
1990,7,"CO","rw_drift",78.6079050194472,78.04,0.567905019447224,0.322516111113352
1990,7,"CT","rw_drift",78.3654112654086,77.92,0.445411265408552,0.198391195352848
1990,7,"DE","rw_drift",76.0947284438701,76.16,-0.0652715561299289,0.00426037603962245
1990,7,"FL","rw_drift",76.8219109859972,76.9,-0.078089014002785,0.00609789410792715
1990,7,"GA","rw_drift",75.0545449855284,75.04,0.0145449855283744,0.000211556604020619
1990,7,"HI","rw_drift",79.6797578539355,79.13,0.549757853935475,0.302233697963739
1990,7,"ID","rw_drift",78.4420286404773,77.75,0.692028640477318,0.478903639240885
1990,7,"IL","rw_drift",76.0849456350885,76.37,-0.285054364911517,0.0812559909551081
1990,7,"IN","rw_drift",76.4784133299092,76.05,0.428413329909233,0.183537981243917
1990,7,"IA","rw_drift",78.7320665201686,78.17,0.562066520168557,0.315918773094391
1990,7,"KS","rw_drift",78.0281416242237,77.35,0.678141624223713,0.459876062504775
1990,7,"KY","rw_drift",75.4327162507511,75.03,0.402716250751112,0.162180378619033
1990,7,"LA","rw_drift",74.1499435141068,73.88,0.269943514106757,0.0728695008083048
1990,7,"ME","rw_drift",77.981047397692,77.4,0.581047397691961,0.3376160783646
1990,7,"MD","rw_drift",76.1932752269261,75.93,0.263275226926098,0.0693138451129882
1990,7,"MA","rw_drift",78.1216576627348,78.07,0.0516576627348257,0.002668514119225
1990,7,"MI","rw_drift",76.2256058400972,76.24,-0.0143941599027499,0.000207191839305934
1990,7,"MN","rw_drift",79.1755622758329,78.76,0.415562275832869,0.172692005095393
1990,7,"MS","rw_drift",74.2141839347804,73.38,0.834183934780441,0.695862837045779
1990,7,"MO","rw_drift",76.3488834806293,75.77,0.578883480629273,0.335106084145461
1990,7,"MT","rw_drift",77.9544928361262,77.08,0.874492836126237,0.764737720436109
1990,7,"NE","rw_drift",78.0240365785127,77.7,0.32403657851269,0.104999704214211
1990,7,"NV","rw_drift",76.0252480064886,75.76,0.265248006488633,0.0703565049461941
1990,7,"NH","rw_drift",78.3075074923873,78,0.307507492387288,0.0945608578743177
1990,7,"NJ","rw_drift",76.6123815593908,76.97,-0.357618440609187,0.127890949063747
1990,7,"NM","rw_drift",77.412658724521,76.92,0.492658724521007,0.242712618846666
1990,7,"NY","rw_drift",75.6852539721434,76.95,-1.26474602785662,1.59958251497909
1990,7,"NC","rw_drift",76.0216344554782,75.66,0.361634455478182,0.130779479389001
1990,7,"ND","rw_drift",78.8742948574533,78.44,0.43429485745331,0.188612023210391
1990,7,"OH","rw_drift",76.4560104935816,76.18,0.276010493581595,0.0761817925671555
1990,7,"OK","rw_drift",75.8397017559046,74.96,0.879701755904577,0.773875179341596
1990,7,"OR","rw_drift",77.7115128822247,77.33,0.381512882224726,0.145552079303418
1990,7,"PA","rw_drift",76.7326787489251,76.27,0.462678748925072,0.21407162470687
1990,7,"RI","rw_drift",77.6866531581026,77.53,0.156653158102586,0.0245402119435137
1990,7,"SC","rw_drift",75.1964610029435,74.77,0.42646100294354,0.18186898703161
1990,7,"SD","rw_drift",78.4255190160599,77.67,0.755519016059907,0.57080898362813
1990,7,"TN","rw_drift",75.2165615905638,74.68,0.536561590563821,0.287898340468377
1990,7,"TX","rw_drift",76.2196643994823,76.2,0.0196643994822807,0.000386688606998722
1990,7,"UT","rw_drift",79.3490907490237,78.4,0.949090749023682,0.900773249882334
1990,7,"VT","rw_drift",78.0573540690588,77.78,0.277354069058802,0.0769252796234748
1990,7,"VA","rw_drift",76.7637768662402,76.4,0.363776866240187,0.132333608411531
1990,7,"WA","rw_drift",78.1122054049015,77.93,0.182205404901509,0.033198809575323
1990,7,"WV","rw_drift",75.4929817715675,74.73,0.762981771567468,0.582141183744231
1990,7,"WI","rw_drift",78.1263594159647,77.89,0.236359415964714,0.0558657735151805
1990,7,"WY","rw_drift",77.7712758381853,76.97,0.801275838185347,0.642042968859631
1990,8,"USA","rw_drift",76.7522502002447,76.69,0.0622502002446765,0.00387508743050233
1990,8,"AL","rw_drift",75.0156531878465,74.29,0.725653187846447,0.526572549031711
1990,8,"AK","rw_drift",76.5752451377426,76.8,-0.224754862257399,0.0505147481083423
1990,8,"AZ","rw_drift",77.9215989442759,77.05,0.871598944275917,0.759684719662893
1990,8,"AR","rw_drift",75.3435607401819,74.84,0.503560740181854,0.253573419052496
1990,8,"CA","rw_drift",76.9747460694171,77.64,-0.665253930582935,0.442562792156045
1990,8,"CO","rw_drift",78.8060564515216,77.98,0.826056451521609,0.682369261100472
1990,8,"CT","rw_drift",78.55196025787,78.03,0.521960257869949,0.272442510795664
1990,8,"DE","rw_drift",76.2599784709863,76.34,-0.0800215290137061,0.0064034451056914
1990,8,"FL","rw_drift",76.9881152415613,76.99,-0.00188475843869185,3.55231437222013e-06
1990,8,"GA","rw_drift",75.2377381130695,75.16,0.0777381130695431,0.00604321422361307
1990,8,"HI","rw_drift",79.8889850295875,79.25,0.63898502958753,0.408301868036977
1990,8,"ID","rw_drift",78.6310544836115,77.88,0.751054483611554,0.564082837353018
1990,8,"IL","rw_drift",76.2519962012997,76.4,-0.148003798700344,0.021905124429732
1990,8,"IN","rw_drift",76.6319623907304,76.17,0.461962390730378,0.213409250449326
1990,8,"IA","rw_drift",78.9090428393664,78.1,0.809042839366413,0.654550315930067
1990,8,"KS","rw_drift",78.1845041348517,77.34,0.844504134851675,0.713187233781577
1990,8,"KY","rw_drift",75.5774016624874,75.28,0.29740166248736,0.0884477488502455
1990,8,"LA","rw_drift",74.3030201883346,74.04,0.263020188334593,0.0691796194715649
1990,8,"ME","rw_drift",78.1874845029386,77.38,0.807484502938635,0.652031222486055
1990,8,"MD","rw_drift",76.3836156210223,76.13,0.253615621022291,0.0643208832265225
1990,8,"MA","rw_drift",78.3096479468938,78.16,0.14964794689385,0.0223945080095446
1990,8,"MI","rw_drift",76.3819047729724,76.24,0.141904772972381,0.0201369645923431
1990,8,"MN","rw_drift",79.3644234280433,78.86,0.504423428043324,0.254442994758979
1990,8,"MS","rw_drift",74.3778828675468,73.43,0.947882867546753,0.898481930588654
1990,8,"MO","rw_drift",76.4998793269086,75.82,0.679879326908647,0.462235899157755
1990,8,"MT","rw_drift",78.177689076618,77.23,0.947689076618033,0.89811458594114
1990,8,"NE","rw_drift",78.1810631515577,77.89,0.291063151557708,0.0847177581947053
1990,8,"NV","rw_drift",76.2341045721081,75.54,0.694104572108131,0.481781157021411
1990,8,"NH","rw_drift",78.5087259028633,78.1,0.408725902863296,0.167056863671416
1990,8,"NJ","rw_drift",76.7834682376267,77.38,-0.59653176237326,0.355850143520148
1990,8,"NM","rw_drift",77.6127296460897,77.07,0.54272964608974,0.294555468744694
1990,8,"NY","rw_drift",75.8425681557558,77.4,-1.55743184424423,2.425593949466
1990,8,"NC","rw_drift",76.2116762673042,75.66,0.551676267304202,0.304346703906698
1990,8,"ND","rw_drift",79.059533304176,78.22,0.83953330417603,0.704816168820722
1990,8,"OH","rw_drift",76.6179587190021,76.29,0.327958719002069,0.107556921369478
1990,8,"OK","rw_drift",75.9604634709691,75.15,0.81046347096914,0.656851037775345
1990,8,"OR","rw_drift",77.8920653471656,77.32,0.572065347165591,0.327258761427688
1990,8,"PA","rw_drift",76.9209529233963,76.73,0.19095292339631,0.036463018953597
1990,8,"RI","rw_drift",77.8714388877722,77.95,-0.0785611122277601,0.00617184835446271
1990,8,"SC","rw_drift",75.4227798167508,74.78,0.642779816750789,0.413165892822178
1990,8,"SD","rw_drift",78.6161735104789,77.46,1.15617351047891,1.33673718633312
1990,8,"TN","rw_drift",75.3623708301259,74.8,0.562370830125943,0.316260950576542
1990,8,"TX","rw_drift",76.3683737231995,76.51,-0.141626276800508,0.0200580022803742
1990,8,"UT","rw_drift",79.5472725573912,78.42,1.12727255739115,1.27074341864719
1990,8,"VT","rw_drift",78.2547219254172,78.07,0.184721925417193,0.0341221897298351
1990,8,"VA","rw_drift",76.9679759374796,76.62,0.347975937479603,0.121087253064809
1990,8,"WA","rw_drift",78.2996988921715,77.98,0.319698892171488,0.102207381655676
1990,8,"WV","rw_drift",75.6502375233567,74.84,0.81023752335669,0.656484844255183
1990,8,"WI","rw_drift",78.3044714485524,77.75,0.554471448552363,0.307438587259755
1990,8,"WY","rw_drift",77.9702822347087,76.81,1.16028223470875,1.34625486418072
1990,9,"USA","rw_drift",76.9225557104975,76.68,0.242555710497456,0.0588332726949256
1990,9,"AL","rw_drift",75.184794874595,74.26,0.924794874594966,0.855245560077118
1990,9,"AK","rw_drift",76.7726259846726,76.61,0.162625984672601,0.0264472108907332
1990,9,"AZ","rw_drift",78.1338882865677,76.99,1.14388828656766,1.30848041214669
1990,9,"AR","rw_drift",75.467899253127,74.95,0.517899253126984,0.268219636389488
1990,9,"CA","rw_drift",77.1196147470358,77.87,-0.750385252964179,0.563078027866115
1990,9,"CO","rw_drift",79.004207883596,78.11,0.894207883595996,0.79960773908523
1990,9,"CT","rw_drift",78.7385092503313,78.44,0.29850925033135,0.0891077725333843
1990,9,"DE","rw_drift",76.4252284981025,76.68,-0.25477150189748,0.0649085181790976
1990,9,"FL","rw_drift",77.1543194971254,76.91,0.244319497125389,0.0596920166756029
1990,9,"GA","rw_drift",75.4209312406107,75.18,0.240931240610692,0.0580478627022072
1990,9,"HI","rw_drift",80.0982122052396,79.35,0.748212205239597,0.5598215040695
1990,9,"ID","rw_drift",78.8200803267458,77.77,1.05008032674579,1.10266869261854
1990,9,"IL","rw_drift",76.4190467675108,76.23,0.189046767510831,0.0357386803062942
1990,9,"IN","rw_drift",76.7855114515515,75.98,0.805511451551524,0.648848698580644
1990,9,"IA","rw_drift",79.0860191585643,78.21,0.876019158564262,0.767409566171637
1990,9,"KS","rw_drift",78.3408666454797,77.25,1.09086664547965,1.18999003822003
1990,9,"KY","rw_drift",75.7220870742236,75.09,0.632087074223605,0.399534069400558
1990,9,"LA","rw_drift",74.4560968625624,74.04,0.416096862562441,0.173136599034307
1990,9,"ME","rw_drift",78.3939216081853,77.56,0.833921608185292,0.695425248598344
1990,9,"MD","rw_drift",76.5739560151185,76.12,0.453956015118465,0.206076063662236
1990,9,"MA","rw_drift",78.4976382310529,78.25,0.247638231052875,0.061324693478997
1990,9,"MI","rw_drift",76.5382037058475,76.14,0.398203705847507,0.158566191350688
1990,9,"MN","rw_drift",79.5532845802538,78.69,0.863284580253776,0.745260266503938
1990,9,"MS","rw_drift",74.5415818003131,73.44,1.10158180031308,1.21348246278102
1990,9,"MO","rw_drift",76.650875173188,75.77,0.880875173188016,0.775941070739018
1990,9,"MT","rw_drift",78.4008853171098,77.16,1.24088531710984,1.5397963702188
1990,9,"NE","rw_drift",78.3380897246027,77.72,0.618089724602726,0.382034907659473
1990,9,"NV","rw_drift",76.4429611377276,75.65,0.79296113772763,0.628787365946298
1990,9,"NH","rw_drift",78.7099443133393,78.31,0.39994431333929,0.159955453772436
1990,9,"NJ","rw_drift",76.9545549158627,77.24,-0.285445084137336,0.081478896058171
1990,9,"NM","rw_drift",77.8128005676585,76.71,1.10280056765846,1.21616909202783
1990,9,"NY","rw_drift",75.9998823393682,77.34,-1.34011766063185,1.79591534433737
1990,9,"NC","rw_drift",76.4017180791302,75.7,0.701718079130217,0.492408262578201
1990,9,"ND","rw_drift",79.2447717508987,78.21,1.03477175089876,1.07075257645808
1990,9,"OH","rw_drift",76.7799069444225,76.15,0.629906944422544,0.396782758631746
1990,9,"OK","rw_drift",76.0812251860337,75.02,1.06122518603372,1.12619889547231
1990,9,"OR","rw_drift",78.0726178121064,77.64,0.432617812106443,0.187158171351766
1990,9,"PA","rw_drift",77.1092270978676,76.53,0.579227097867559,0.335504030904075
1990,9,"RI","rw_drift",78.0562246174419,78.16,-0.103775382558098,0.0107693300250796
1990,9,"SC","rw_drift",75.649098630558,74.62,1.02909863055804,1.05904399141643
1990,9,"SD","rw_drift",78.8068280048979,77.65,1.15682800489789,1.33825103291603
1990,9,"TN","rw_drift",75.508180069688,74.96,0.548180069688058,0.300501388803204
1990,9,"TX","rw_drift",76.5170830469167,76.52,-0.00291695308328599,8.50861529009164e-06
1990,9,"UT","rw_drift",79.7454543657586,78.51,1.23545436575861,1.52634748987202
1990,9,"VT","rw_drift",78.4520897817756,78.11,0.34208978177557,0.117025418795257
1990,9,"VA","rw_drift",77.172175008719,76.71,0.462175008719029,0.213605738684435
1990,9,"WA","rw_drift",78.4871923794415,77.99,0.497192379441472,0.247200262174673
1990,9,"WV","rw_drift",75.8074932751459,74.96,0.847493275145922,0.718244851417562
1990,9,"WI","rw_drift",78.48258348114,77.8,0.682583481140014,0.46592020872522
1990,9,"WY","rw_drift",78.1692886312321,76.54,1.62928863123214,2.65458144386231
1990,10,"USA","rw_drift",77.0928612207503,76.8,0.292861220750254,0.0857676946193289
1990,10,"AL","rw_drift",75.3539365613435,74.42,0.933936561343486,0.872237500614096
1990,10,"AK","rw_drift",76.9700068316026,76.14,0.830006831602603,0.688911340506991
1990,10,"AZ","rw_drift",78.3461776288594,77.13,1.2161776288594,1.47908802493807
1990,10,"AR","rw_drift",75.5922377660721,74.78,0.812237766072116,0.659730188633821
1990,10,"CA","rw_drift",77.2644834246546,78.09,-0.825516575345418,0.681477616170027
1990,10,"CO","rw_drift",79.2023593156704,78.36,0.842359315670379,0.709569216696669
1990,10,"CT","rw_drift",78.9250582427927,78.25,0.675058242792744,0.455703631162427
1990,10,"DE","rw_drift",76.5904785252188,76.38,0.210478525218761,0.0443012095782646
1990,10,"FL","rw_drift",77.3205237526895,76.97,0.350523752689469,0.122866901199508
1990,10,"GA","rw_drift",75.6041243681519,75.1,0.504124368151864,0.254141378564516
1990,10,"HI","rw_drift",80.3074393808917,79.51,0.797439380891646,0.635909566196852
1990,10,"ID","rw_drift",79.00910616988,78.08,0.929106169880015,0.863238274909111
1990,10,"IL","rw_drift",76.586097333722,76.55,0.0360973337220116,0.00130301750183828
1990,10,"IN","rw_drift",76.9390605123727,76.02,0.919060512372681,0.844672225402735
1990,10,"IA","rw_drift",79.2629954777621,78.33,0.932995477762105,0.87048056152454
1990,10,"KS","rw_drift",78.4972291561076,77.42,1.07722915610762,1.16042265476834
1990,10,"KY","rw_drift",75.8667724859599,75.08,0.786772485959858,0.619010944663455
1990,10,"LA","rw_drift",74.6091735367903,74.09,0.519173536790291,0.269541161303339
1990,10,"ME","rw_drift",78.600358713432,77.59,1.01035871343196,1.02082472980788
1990,10,"MD","rw_drift",76.7642964092147,76.22,0.544296409214652,0.296258581083964
1990,10,"MA","rw_drift",78.6856285152119,78.22,0.465628515211904,0.216809914178442
1990,10,"MI","rw_drift",76.6945026387226,76.35,0.344502638722645,0.118682068086865
1990,10,"MN","rw_drift",79.7421457324642,79.02,0.722145732464227,0.521494458916295
1990,10,"MS","rw_drift",74.7052807330794,73.39,1.3152807330794,1.7299634068099
1990,10,"MO","rw_drift",76.8018710194674,76.08,0.721871019467386,0.521097768746883
1990,10,"MT","rw_drift",78.6240815576016,77.29,1.33408155760164,1.77977360233281
1990,10,"NE","rw_drift",78.4951162976477,78.28,0.215116297647739,0.0462750215136708
1990,10,"NV","rw_drift",76.6518177033471,75.94,0.711817703347137,0.506684442798393
1990,10,"NH","rw_drift",78.9111627238153,78.51,0.40116272381529,0.160931530978902
1990,10,"NJ","rw_drift",77.1256415940986,77.32,-0.194358405901411,0.0377751899445378
1990,10,"NM","rw_drift",78.0128714892272,77.13,0.882871489227185,0.779462066490227
1990,10,"NY","rw_drift",76.1571965229805,77.63,-1.47280347701945,2.16915008192059
1990,10,"NC","rw_drift",76.5917598909562,75.6,0.991759890956246,0.983587681309544
1990,10,"ND","rw_drift",79.4300101976215,78.77,0.660010197621475,0.435613460964338
1990,10,"OH","rw_drift",76.941855169843,76.33,0.611855169843025,0.374366748863637
1990,10,"OK","rw_drift",76.2019869010983,75.03,1.17198690109829,1.37355329634598
1990,10,"OR","rw_drift",78.2531702770473,77.83,0.423170277047305,0.179073083376293
1990,10,"PA","rw_drift",77.2975012723388,76.65,0.6475012723388,0.419257897680365
1990,10,"RI","rw_drift",78.2410103471116,77.97,0.271010347111556,0.073446608241526
1990,10,"SC","rw_drift",75.8754174443653,74.74,1.1354174443653,1.28917277296903
1990,10,"SD","rw_drift",78.9974824993169,77.98,1.01748249931688,1.03527063641613
1990,10,"TN","rw_drift",75.6539893092502,74.71,0.94398930925017,0.891115815978614
1990,10,"TX","rw_drift",76.6657923706339,76.52,0.145792370633927,0.0212554153350604
1990,10,"UT","rw_drift",79.9436361741261,78.6,1.34363617412609,1.8053581684202
1990,10,"VT","rw_drift",78.649457638134,78.19,0.459457638133955,0.211101321239632
1990,10,"VA","rw_drift",77.3763740799584,76.77,0.606374079958442,0.367689524845447
1990,10,"WA","rw_drift",78.6746858667114,78.19,0.484685866711445,0.234920389389824
1990,10,"WV","rw_drift",75.9647490269351,74.88,1.08474902693514,1.17668045143674
1990,10,"WI","rw_drift",78.6606955137277,77.97,0.690695513727661,0.477060292683518
1990,10,"WY","rw_drift",78.3682950277556,77.1,1.26829502775556,1.60857227742947
1990,1,"USA","unpooled",75.5601109640575,75.54,0.0201109640575368,0.000404450875323535
1990,1,"AL","unpooled",73.8339055418569,73.64,0.193905541856864,0.0375993591628041
1990,1,"AK","unpooled",75.2305632081799,75.42,-0.189436791820128,0.0358862980951026
1990,1,"AZ","unpooled",76.4306124736438,76.37,0.0606124736438147,0.00367387196122213
1990,1,"AR","unpooled",74.4718897697027,74.3,0.171889769702744,0.0295460929284625
1990,1,"CA","unpooled",75.9606654893707,76.07,-0.109334510629296,0.0119540352145476
1990,1,"CO","unpooled",77.4367281609253,77.01,0.426728160925265,0.182096923326659
1990,1,"CT","unpooled",77.2461193313464,77.19,0.0561193313463804,0.00314937935076483
1990,1,"DE","unpooled",75.0874380245949,75.1,-0.0125619754051058,0.000157803226078484
1990,1,"FL","unpooled",75.8246845576409,75.96,-0.135315442359143,0.0183102689408507
1990,1,"GA","unpooled",73.9364697688919,73.99,-0.0535302311080557,0.00286548564248185
1990,1,"HI","unpooled",78.4313993149862,78.66,-0.228600685013816,0.0522582731887861
1990,1,"ID","unpooled",77.3078728878987,77.19,0.117872887898727,0.0138940177015859
1990,1,"IL","unpooled",75.0826416960232,74.95,0.132641696023228,0.0175938195239184
1990,1,"IN","unpooled",75.5592355241179,75.45,0.109235524117864,0.0119323997293044
1990,1,"IA","unpooled",77.6580509833784,77.35,0.308050983378422,0.0948954083604128
1990,1,"KS","unpooled",77.0876340424215,76.73,0.357634042421452,0.127902108298709
1990,1,"KY","unpooled",74.5428113349897,74.46,0.0828113349896569,0.00685771720276917
1990,1,"LA","unpooled",73.2459199250702,73.1,0.145919925070174,0.0212926245324853
1990,1,"ME","unpooled",76.7312453011211,76.59,0.14124530112106,0.019950235088779
1990,1,"MD","unpooled",75.0137153049989,75.14,-0.126284695001118,0.0159478241915254
1990,1,"MA","unpooled",76.8783821213255,77.04,-0.161617878674491,0.0261203387072425
1990,1,"MI","unpooled",75.2878071384501,75.18,0.107807138450127,0.0116223791008049
1990,1,"MN","unpooled",78.0522891245189,77.87,0.182289124518874,0.0332293249178576
1990,1,"MS","unpooled",73.2333097529123,73.07,0.163309752912312,0.0266700753962804
1990,1,"MO","unpooled",75.4429105889464,75.25,0.19291058894639,0.037214495327643
1990,1,"MT","unpooled",76.6153124257351,76.47,0.145312425735128,0.021115701073027
1990,1,"NE","unpooled",77.0818771428943,77.17,-0.0881228571056738,0.007765637944467
1990,1,"NV","unpooled",74.7844372314736,74.53,0.254437231473645,0.0647383047599732
1990,1,"NH","unpooled",77.1001966233917,77.24,-0.139803376608327,0.0195449841110898
1990,1,"NJ","unpooled",75.5858615330436,75.64,-0.0541384669563882,0.00293097360438794
1990,1,"NM","unpooled",76.2098773797812,75.83,0.379877379781249,0.144306823669467
1990,1,"NY","unpooled",74.7413685562739,74.82,-0.0786314437260813,0.0061829039424479
1990,1,"NC","unpooled",74.8813841188587,74.76,0.121384118858657,0.0147341043110926
1990,1,"ND","unpooled",77.857668362867,77.83,0.0276683628670469,0.000765538303742579
1990,1,"OH","unpooled",75.486085314991,75.39,0.0960853149909724,0.00923238775691438
1990,1,"OK","unpooled",75.1766286889616,75.1,0.076628688961577,0.00587195597197012
1990,1,"OR","unpooled",76.6281977907877,76.91,-0.281802209212302,0.0794124851169338
1990,1,"PA","unpooled",75.5877971574278,75.61,-0.0222028425722129,0.000492966218286472
1990,1,"RI","unpooled",76.578514025986,76.87,-0.291485974014009,0.0849640730468954
1990,1,"SC","unpooled",73.8168427622395,73.88,-0.0631572377604783,0.00398883668153359
1990,1,"SD","unpooled",77.1841577110788,77.01,0.17415771107882,0.0303309083282137
1990,1,"TN","unpooled",74.3456199655632,74.5,-0.154380034436812,0.0238331950327113
1990,1,"TX","unpooled",75.3212042455606,75.38,-0.0587957544394015,0.00345694074009841
1990,1,"UT","unpooled",78.0775767763957,77.94,0.137576776395662,0.0189273694034219
1990,1,"VT","unpooled",76.8517082180258,77.25,-0.398291781974166,0.158636343588156
1990,1,"VA","unpooled",75.5403066985482,75.4,0.140306698548201,0.0196859696574958
1990,1,"WA","unpooled",76.9966851926794,77.17,-0.173314807320565,0.0300380224365647
1990,1,"WV","unpooled",74.5494471378771,74.21,0.339447137877073,0.115224359412937
1990,1,"WI","unpooled",77.0771234321007,77.04,0.0371234321006852,0.00137814921093419
1990,1,"WY","unpooled",76.5709028900222,76.67,-0.0990971099778477,0.00982023720596164
1990,2,"USA","unpooled",75.7304158210266,75.8,-0.069584178973372,0.00484195796339826
1990,2,"AL","unpooled",74.0031118687383,74.2,-0.196888131261716,0.0387649362317306
1990,2,"AK","unpooled",75.4290647261318,75.39,0.0390647261317696,0.00152605282775016
1990,2,"AZ","unpooled",76.6427536850217,76.32,0.322753685021681,0.104169941195074
1990,2,"AR","unpooled",74.5961899648271,74.6,-0.0038100351728616,1.45163680184425e-05
1990,2,"CA","unpooled",76.1055341122899,76.32,-0.214465887710077,0.0459956169912712
1990,2,"CO","unpooled",77.6354168833992,77.53,0.105416883399187,0.0111127193055977
1990,2,"CT","unpooled",77.4326707541704,77.32,0.112670754170367,0.0126946988453192
1990,2,"DE","unpooled",75.2522069991233,75.49,-0.237793000876692,0.0565455112659426
1990,2,"FL","unpooled",75.9908879716709,76.16,-0.169112028329138,0.0285988781255953
1990,2,"GA","unpooled",74.1190899651096,74.35,-0.230910034890385,0.053319444213079
1990,2,"HI","unpooled",78.6408331044266,78.74,-0.0991668955734042,0.00983407317766645
1990,2,"ID","unpooled",77.4968988821393,77.36,0.136898882139278,0.0187413039309838
1990,2,"IL","unpooled",75.2496916988938,75.41,-0.16030830110617,0.0256987514035464
1990,2,"IN","unpooled",75.7128497917812,75.79,-0.0771502082188391,0.00595215462821023
1990,2,"IA","unpooled",77.8346606206977,77.87,-0.0353393793023145,0.00124887172947285
1990,2,"KS","unpooled",77.2439260083944,77.22,0.0239260083943549,0.00057245387768674
1990,2,"KY","unpooled",74.6868360550825,74.84,-0.153163944917551,0.0234591940227067
1990,2,"LA","unpooled",73.3994325843037,73.52,-0.120567415696257,0.0145365017276741
1990,2,"ME","unpooled",76.9373437069178,77.01,-0.0726562930821899,0.00527893692444508
1990,2,"MD","unpooled",75.2029188641094,75.25,-0.0470811358905792,0.00221663335674718
1990,2,"MA","unpooled",77.062877634205,76.95,0.112877634204978,0.0127413603037127
1990,2,"MI","unpooled",75.4441012936595,75.59,-0.145898706340503,0.0212864325118324
1990,2,"MN","unpooled",78.241448408196,78.15,0.0914484081960438,0.00836281136159026
1990,2,"MS","unpooled",73.397041774205,73.22,0.177041774205051,0.0313437898136723
1990,2,"MO","unpooled",75.5939085058628,75.51,0.0839085058628228,0.00704063735613137
1990,2,"MT","unpooled",76.8385043949865,76.63,0.208504394986534,0.0434740827287005
1990,2,"NE","unpooled",77.2389037197095,77.48,-0.24109628029052,0.0581274163699251
1990,2,"NV","unpooled",74.9936607949112,75.13,-0.136339205088831,0.0185883788442543
1990,2,"NH","unpooled",77.3014157005086,77.59,-0.288584299491362,0.0832808979129199
1990,2,"NJ","unpooled",75.7569482419127,75.79,-0.0330517580873249,0.00109241871266304
1990,2,"NM","unpooled",76.4098725572737,76.38,0.0298725572737197,0.000892369678071666
1990,2,"NY","unpooled",74.898682656137,75.1,-0.201317343862996,0.0405286729400519
1990,2,"NC","unpooled",75.0714265864106,75,0.0714265864105954,0.00510175724627025
1990,2,"ND","unpooled",78.045779449741,77.95,0.0957794497410305,0.00917370299269458
1990,2,"OH","unpooled",75.6480879289582,75.73,-0.0819120710418275,0.0067095873823614
1990,2,"OK","unpooled",75.2992502812086,75.25,0.0492502812086428,0.0024255901991304
1990,2,"OR","unpooled",76.80874932303,76.99,-0.181250676970024,0.0328518079020918
1990,2,"PA","unpooled",75.7756089935867,75.73,0.0456089935866544,0.00208018029598748
1990,2,"RI","unpooled",76.7633176910791,77.01,-0.24668230892091,0.0608521615345513
1990,2,"SC","unpooled",74.0424988754758,74.09,-0.0475011245241745,0.00225635683106114
1990,2,"SD","unpooled",77.3718597010087,76.93,0.441859701008738,0.195239995375531
1990,2,"TN","unpooled",74.4915476798961,74.74,-0.248452320103851,0.0617285553649866
1990,2,"TX","unpooled",75.4697255156857,75.53,-0.0602744843142631,0.00363301345935035
1990,2,"UT","unpooled",78.273259448428,78.27,0.00325944842799686,1.06240040547712e-05
1990,2,"VT","unpooled",77.0484275942236,76.85,0.198427594223617,0.0393735101493723
1990,2,"VA","unpooled",75.7445581453755,75.79,-0.0454418546244852,0.00206496215171285
1990,2,"WA","unpooled",77.1844644953776,77.19,-0.00553550462240082,3.06418114246209e-05
1990,2,"WV","unpooled",74.7067029087678,74.45,0.256702908767807,0.0658963833698528
1990,2,"WI","unpooled",77.2558241358495,77.57,-0.314175864150499,0.098706473614713
1990,2,"WY","unpooled",76.7697388180177,76.44,0.329738818017688,0.108727688107702
1990,3,"USA","unpooled",75.9007206779957,75.59,0.310720677995704,0.0965473397341099
1990,3,"AL","unpooled",74.1723181956197,73.83,0.342318195619711,0.117181747052335
1990,3,"AK","unpooled",75.6275662440837,75.54,0.0875662440836606,0.00766784710291923
1990,3,"AZ","unpooled",76.8548948963995,76.07,0.784894896399535,0.616059998394037
1990,3,"AR","unpooled",74.7204901599515,74.17,0.550490159951522,0.303039416203452
1990,3,"CA","unpooled",76.2504027352091,76.25,0.000402735209135585,1.62195648677483e-07
1990,3,"CO","unpooled",77.8341056058731,77.27,0.56410560587311,0.318215134577468
1990,3,"CT","unpooled",77.6192221769943,77.08,0.539222176994343,0.290760556162519
1990,3,"DE","unpooled",75.4169759736517,75.42,-0.00302402634828525,9.14473535512341e-06
1990,3,"FL","unpooled",76.1570913857009,75.88,0.277091385700871,0.0767796360296287
1990,3,"GA","unpooled",74.3017101613273,74.06,0.241710161327276,0.0584238020888579
1990,3,"HI","unpooled",78.850266893867,78.62,0.230266893866997,0.0530228424111547
1990,3,"ID","unpooled",77.6859248763798,77.17,0.515924876379827,0.26617847806754
1990,3,"IL","unpooled",75.4167417017644,75.08,0.336741701764424,0.1133949737072
1990,3,"IN","unpooled",75.8664640594445,75.51,0.356464059444463,0.127066625675625
1990,3,"IA","unpooled",78.011270258017,77.58,0.431270258016966,0.18599403545002
1990,3,"KS","unpooled",77.4002179743673,76.79,0.610217974367245,0.372365976240864
1990,3,"KY","unpooled",74.8308607751753,74.52,0.310860775175257,0.0966344215425618
1990,3,"LA","unpooled",73.5529452435373,73.02,0.532945243537313,0.284030632609046
1990,3,"ME","unpooled",77.1434421127146,76.68,0.46344211271456,0.214778591837335
1990,3,"MD","unpooled",75.39212242322,75.04,0.352122423219953,0.123990200934292
1990,3,"MA","unpooled",77.2473731470844,76.88,0.36737314708445,0.134963029198733
1990,3,"MI","unpooled",75.6003954488689,75.35,0.250395448868872,0.0626978808142439
1990,3,"MN","unpooled",78.4306076918732,78,0.43060769187322,0.185422984300382
1990,3,"MS","unpooled",73.5607737954978,72.95,0.610773795497792,0.373044629266779
1990,3,"MO","unpooled",75.7449064227793,75.18,0.564906422779259,0.319119266497259
1990,3,"MT","unpooled",77.0616963642379,76.41,0.651696364237935,0.424708151160944
1990,3,"NE","unpooled",77.3959302965246,77.14,0.255930296524639,0.0655003166791896
1990,3,"NV","unpooled",75.2028843583487,74.9,0.302884358348678,0.0917389345322901
1990,3,"NH","unpooled",77.5026347776256,77.53,-0.0273652223743852,0.000748855395599553
1990,3,"NJ","unpooled",75.9280349507818,75.71,0.218034950781757,0.0475392397624031
1990,3,"NM","unpooled",76.6098677347662,76.14,0.469867734766183,0.220775688174304
1990,3,"NY","unpooled",75.0559967560001,74.97,0.0859967560000854,0.00739544204253822
1990,3,"NC","unpooled",75.2614690539625,74.79,0.471469053962522,0.222283068844316
1990,3,"ND","unpooled",78.233890536615,77.95,0.283890536615019,0.0805938367795632
1990,3,"OH","unpooled",75.8100905429254,75.62,0.190090542925375,0.036134414509664
1990,3,"OK","unpooled",75.4218718734557,74.71,0.71187187345572,0.506761564217357
1990,3,"OR","unpooled",76.9893008552722,76.53,0.459300855272247,0.210957275653817
1990,3,"PA","unpooled",75.9634208297455,75.64,0.32342082974553,0.104601033113287
1990,3,"RI","unpooled",76.9481213561722,76.69,0.258121356172197,0.066626634512174
1990,3,"SC","unpooled",74.2681549887121,73.92,0.348154988712139,0.12121189616515
1990,3,"SD","unpooled",77.5595616909387,76.86,0.699561690938665,0.489386559428965
1990,3,"TN","unpooled",74.6374753942291,74.34,0.297475394229096,0.0884916101717561
1990,3,"TX","unpooled",75.6182467858109,75.44,0.178246785810884,0.0317719166519113
1990,3,"UT","unpooled",78.4689421204603,77.92,0.548942120460325,0.301337451615478
1990,3,"VT","unpooled",77.2451469704214,76.63,0.615146970421392,0.378405795218617
1990,3,"VA","unpooled",75.9488095922028,75.63,0.31880959220284,0.101639556080541
1990,3,"WA","unpooled",77.3722437980758,76.96,0.412243798075764,0.169944949051931
1990,3,"WV","unpooled",74.8639586796586,74.3,0.563958679658555,0.31804939236222
1990,3,"WI","unpooled",77.4345248395983,77.12,0.314524839598292,0.0989258747243312
1990,3,"WY","unpooled",76.9685747460132,76.47,0.498574746013219,0.248576777362146
1990,4,"USA","unpooled",76.0710255349648,75.77,0.301025534964793,0.0906163727008401
1990,4,"AL","unpooled",74.3415245225011,73.94,0.401524522501134,0.161221942169764
1990,4,"AK","unpooled",75.8260677620356,75.68,0.146067762035557,0.0213357911060761
1990,4,"AZ","unpooled",77.0670361077774,76.21,0.85703610777739,0.734510890034217
1990,4,"AR","unpooled",74.8447903550759,74.44,0.404790355075917,0.163855231562487
1990,4,"CA","unpooled",76.3952713581284,76.38,0.0152713581283592,0.000233214379084603
1990,4,"CO","unpooled",78.032794328347,77.45,0.58279432834702,0.339649229153455
1990,4,"CT","unpooled",77.8057735998183,77.02,0.785773599818327,0.617440150171453
1990,4,"DE","unpooled",75.5817449481801,75.33,0.251744948180132,0.0633755189342174
1990,4,"FL","unpooled",76.3232947997309,75.97,0.353294799730875,0.124817215516879
1990,4,"GA","unpooled",74.484330357545,74.38,0.104330357544953,0.0108848235054577
1990,4,"HI","unpooled",79.0597006833074,78.86,0.199700683307412,0.0398803629134474
1990,4,"ID","unpooled",77.8749508706204,77.36,0.514950870620382,0.265174399152689
1990,4,"IL","unpooled",75.583791704635,75.17,0.413791704635017,0.171223574824753
1990,4,"IN","unpooled",76.0200783271078,75.61,0.410078327107769,0.168164234363506
1990,4,"IA","unpooled",78.1878798953362,77.56,0.627879895336235,0.394233162967442
1990,4,"KS","unpooled",77.5565099403401,77.08,0.476509940340151,0.227061723242974
1990,4,"KY","unpooled",74.974885495268,74.65,0.324885495268049,0.105550585035565
1990,4,"LA","unpooled",73.7064579027709,73.44,0.266457902770881,0.0709998139490563
1990,4,"ME","unpooled",77.3495405185113,76.81,0.539540518511316,0.29110397111546
1990,4,"MD","unpooled",75.5813259823305,75.14,0.441325982330497,0.194768622679978
1990,4,"MA","unpooled",77.4318686599639,77.13,0.301868659963915,0.0911246878684099
1990,4,"MI","unpooled",75.7566896040782,75.53,0.226689604078231,0.0513881765971453
1990,4,"MN","unpooled",78.6197669755504,78.09,0.529766975550388,0.280653048383805
1990,4,"MS","unpooled",73.7245058167905,72.95,0.774505816790537,0.599859260242377
1990,4,"MO","unpooled",75.8959043396957,75.23,0.6659043396957,0.443428589625567
1990,4,"MT","unpooled",77.2848883334893,76.89,0.394888333489334,0.155936795925983
1990,4,"NE","unpooled",77.5529568733398,77.33,0.222956873339797,0.0497097673694582
1990,4,"NV","unpooled",75.4121079217862,74.83,0.582107921786204,0.338849632606253
1990,4,"NH","unpooled",77.7038538547426,77.65,0.0538538547425844,0.00290023767063538
1990,4,"NJ","unpooled",76.0991216596508,75.94,0.159121659650822,0.025319702570032
1990,4,"NM","unpooled",76.8098629122587,76.27,0.539862912258656,0.291451964032397
1990,4,"NY","unpooled",75.2133108558632,75.27,-0.0566891441368256,0.00321365906296579
1990,4,"NC","unpooled",75.4515115215145,74.96,0.491511521514468,0.241583575781467
1990,4,"ND","unpooled",78.422001623489,77.88,0.542001623489014,0.293765759864727
1990,4,"OH","unpooled",75.9720931568926,75.74,0.232093156892589,0.0538672334763677
1990,4,"OK","unpooled",75.5444934657028,74.84,0.704493465702782,0.496311043217917
1990,4,"OR","unpooled",77.1698523875145,76.78,0.389852387514523,0.151984884050774
1990,4,"PA","unpooled",76.1512326659044,75.72,0.431232665904403,0.185961612143019
1990,4,"RI","unpooled",77.1329250212653,77.45,-0.317074978734709,0.100536542139616
1990,4,"SC","unpooled",74.4938111019485,74.19,0.303811101948455,0.0923011856671343
1990,4,"SD","unpooled",77.7472636808686,77.16,0.587263680868588,0.344878630867323
1990,4,"TN","unpooled",74.783403108562,74.38,0.40340310856206,0.162734067997533
1990,4,"TX","unpooled",75.766768055936,75.65,0.116768055936021,0.0136347788870777
1990,4,"UT","unpooled",78.6646247924927,78.2,0.464624792492657,0.215876197798845
1990,4,"VT","unpooled",77.4418663466192,77.48,-0.0381336533808394,0.00145417552017
1990,4,"VA","unpooled",76.1530610390301,75.77,0.383061039030153,0.14673575962286
1990,4,"WA","unpooled",77.5600231007739,77.33,0.23002310077392,0.0529106268896489
1990,4,"WV","unpooled",75.0212144505493,74.84,0.181214450549291,0.0328386770878814
1990,4,"WI","unpooled",77.6132255433471,77.31,0.303225543347097,0.0919457301381419
1990,4,"WY","unpooled",77.1674106740087,76.75,0.41741067400875,0.174231670776439
1990,5,"USA","unpooled",76.2413303919339,75.88,0.361330391933876,0.130559652135089
1990,5,"AL","unpooled",74.5107308493826,73.93,0.580730849382547,0.337248319424575
1990,5,"AK","unpooled",76.0245692799875,75.57,0.454569279987467,0.206633230308324
1990,5,"AZ","unpooled",77.2791773191552,76.41,0.869177319155241,0.755469212133892
1990,5,"AR","unpooled",74.9690905502003,74.55,0.419090550200309,0.175636889267198
1990,5,"CA","unpooled",76.5401399810476,76.64,-0.0998600189524268,0.00997202338517904
1990,5,"CO","unpooled",78.2314830508209,77.52,0.711483050820945,0.50620813160548
1990,5,"CT","unpooled",77.9923250226423,77.3,0.692325022642308,0.479313936976672
1990,5,"DE","unpooled",75.7465139227085,75.78,-0.0334860772914567,0.00112131737236941
1990,5,"FL","unpooled",76.4894982137609,75.99,0.499498213760887,0.249498465550317
1990,5,"GA","unpooled",74.6669505537626,74.38,0.286950553762622,0.0823406203046757
1990,5,"HI","unpooled",79.2691344727478,78.73,0.539134472747818,0.290665979705068
1990,5,"ID","unpooled",78.0639768648609,77.6,0.463976864860939,0.215274531126186
1990,5,"IL","unpooled",75.7508417075056,75.31,0.440841707505612,0.194341411076464
1990,5,"IN","unpooled",76.1736925947711,75.54,0.633692594771063,0.401566304667682
1990,5,"IA","unpooled",78.3644895326555,77.61,0.754489532655512,0.569254454886733
1990,5,"KS","unpooled",77.712801906313,77.02,0.692801906313051,0.479974481390997
1990,5,"KY","unpooled",75.1189102153609,74.79,0.32891021536085,0.10818192976872
1990,5,"LA","unpooled",73.8599705620044,73.49,0.369970562004454,0.136878216749892
1990,5,"ME","unpooled",77.5556389243081,76.92,0.635638924308068,0.404036842095518
1990,5,"MD","unpooled",75.770529541441,75.12,0.650529541441031,0.423188684287478
1990,5,"MA","unpooled",77.6163641728434,77.35,0.266364172843382,0.0709498725745389
1990,5,"MI","unpooled",75.9129837592876,75.71,0.202983759287605,0.0412024065345283
1990,5,"MN","unpooled",78.8089262592276,78,0.808926259227562,0.654361692867896
1990,5,"MS","unpooled",73.8882378380833,73.07,0.818237838083292,0.669513159671219
1990,5,"MO","unpooled",76.0469022566121,75.33,0.716902256612144,0.513948845535585
1990,5,"MT","unpooled",77.5080803027407,76.66,0.84808030274074,0.719240199896826
1990,5,"NE","unpooled",77.709983450155,77.55,0.159983450154954,0.0255947043234826
1990,5,"NV","unpooled",75.6213314852237,75.11,0.511331485223721,0.261459887781096
1990,5,"NH","unpooled",77.9050729318596,77.57,0.335072931859571,0.112273869664969
1990,5,"NJ","unpooled",76.2702083685199,75.99,0.280208368519894,0.0785167297885806
1990,5,"NM","unpooled",77.0098580897511,76.28,0.729858089751119,0.532692831175152
1990,5,"NY","unpooled",75.3706249557263,75.52,-0.149375044273739,0.0223129038517816
1990,5,"NC","unpooled",75.6415539890664,75.1,0.541553989066401,0.293280723073731
1990,5,"ND","unpooled",78.610112710363,77.86,0.750112710362998,0.562669078248123
1990,5,"OH","unpooled",76.1340957708598,75.6,0.534095770859793,0.285258292450316
1990,5,"OK","unpooled",75.6671150579499,74.88,0.787115057949862,0.619550114451414
1990,5,"OR","unpooled",77.3504039197568,76.81,0.540403919756798,0.292036396488512
1990,5,"PA","unpooled",76.3390445020633,75.93,0.409044502063267,0.167317404668186
1990,5,"RI","unpooled",77.3177286863584,77.39,-0.0722713136416075,0.00522314277548361
1990,5,"SC","unpooled",74.7194672151848,74.12,0.59946721518476,0.359360942081371
1990,5,"SD","unpooled",77.9349656707985,77.19,0.744965670798507,0.55497385066827
1990,5,"TN","unpooled",74.929330822895,74.33,0.599330822895013,0.359197435272013
1990,5,"TX","unpooled",75.9152893260612,75.88,0.0352893260611751,0.00124533653385193
1990,5,"UT","unpooled",78.860307464525,78.17,0.690307464524992,0.476524395578923
1990,5,"VT","unpooled",77.6385857228169,77.2,0.438585722816939,0.192357436258856
1990,5,"VA","unpooled",76.3573124858575,75.94,0.417312485857465,0.174149710852537
1990,5,"WA","unpooled",77.7478024034721,77.45,0.297802403472076,0.0886862715137452
1990,5,"WV","unpooled",75.17847022144,74.8,0.37847022144004,0.143239708516873
1990,5,"WI","unpooled",77.7919262470959,77.42,0.3719262470959,0.13832913327884
1990,5,"WY","unpooled",77.3662466020043,76.28,1.08624660200428,1.17993168036585
1990,6,"USA","unpooled",76.411635248903,76.2,0.211635248902951,0.044789478578214
1990,6,"AL","unpooled",74.679937176264,74,0.679937176263977,0.46231456366583
1990,6,"AK","unpooled",76.2230707979394,75.83,0.393070797939359,0.154504652192684
1990,6,"AZ","unpooled",77.4913185305331,76.61,0.881318530533093,0.776722352261011
1990,6,"AR","unpooled",75.0933907453247,74.82,0.273390745324704,0.0747424996291973
1990,6,"CA","unpooled",76.6850086039668,77.1,-0.414991396033201,0.172217858781585
1990,6,"CO","unpooled",78.4301717732949,77.7,0.730171773294856,0.533150818516555
1990,6,"CT","unpooled",78.1788764454663,77.57,0.608876445466294,0.370730525843668
1990,6,"DE","unpooled",75.911282897237,75.74,0.171282897236964,0.0293378308858882
1990,6,"FL","unpooled",76.6557016277909,76.52,0.135701627790894,0.0184149317850983
1990,6,"GA","unpooled",74.8495707499803,74.63,0.219570749980292,0.048211314246908
1990,6,"HI","unpooled",79.4785682621882,78.77,0.708568262188237,0.502068982180458
1990,6,"ID","unpooled",78.2530028591015,77.74,0.513002859101491,0.263171933446304
1990,6,"IL","unpooled",75.9178917103762,75.81,0.107891710376208,0.0116406211679036
1990,6,"IN","unpooled",76.3273068624344,75.89,0.437306862434369,0.191237291932192
1990,6,"IA","unpooled",78.5410991699748,77.84,0.701099169974782,0.491540046139328
1990,6,"KS","unpooled",77.869093872286,76.99,0.879093872285949,0.772806036290705
1990,6,"KY","unpooled",75.2629349354537,74.98,0.282934935453653,0.0800521777001629
1990,6,"LA","unpooled",74.013483221238,73.77,0.243483221238023,0.059284079024444
1990,6,"ME","unpooled",77.7617373301048,77.42,0.34173733010482,0.116784402787171
1990,6,"MD","unpooled",75.9597331005516,75.52,0.439733100551578,0.193365199720704
1990,6,"MA","unpooled",77.8008596857228,77.69,0.110859685722843,0.0122898699185676
1990,6,"MI","unpooled",76.069277914497,76.02,0.0492779144969688,0.00242831285717057
1990,6,"MN","unpooled",78.9980855429047,78.38,0.618085542904737,0.382029738347843
1990,6,"MS","unpooled",74.051969859376,73.43,0.621969859376023,0.38684650597223
1990,6,"MO","unpooled",76.1979001735286,75.67,0.527900173528579,0.278678593211504
1990,6,"MT","unpooled",77.7312722719921,76.9,0.831272271992134,0.691013590182964
1990,6,"NE","unpooled",77.8670100269701,77.4,0.467010026970101,0.218098365290614
1990,6,"NV","unpooled",75.8305550486612,75.19,0.640555048661241,0.410310770365405
1990,6,"NH","unpooled",78.1062920089765,77.78,0.326292008976537,0.106466475121945
1990,6,"NJ","unpooled",76.441295077389,76.46,-0.0187049226110361,0.000349874129884848
1990,6,"NM","unpooled",77.2098532672436,76.68,0.529853267243581,0.280744484808698
1990,6,"NY","unpooled",75.5279390555893,76.19,-0.662060944410655,0.438324694113928
1990,6,"NC","unpooled",75.8315964566183,75.22,0.611596456618329,0.374050225748096
1990,6,"ND","unpooled",78.798223797237,78.13,0.66822379723699,0.446523043193823
1990,6,"OH","unpooled",76.296098384827,75.97,0.326098384826992,0.106340156586773
1990,6,"OK","unpooled",75.7897366501969,75.06,0.729736650196926,0.532515578640631
1990,6,"OR","unpooled",77.5309554519991,76.92,0.610955451999075,0.373266564327394
1990,6,"PA","unpooled",76.5268563382221,76.02,0.50685633822215,0.256903347595966
1990,6,"RI","unpooled",77.5025323514515,77.96,-0.457467648548501,0.209276649468495
1990,6,"SC","unpooled",74.9451233284211,74.25,0.695123328421076,0.483196441715195
1990,6,"SD","unpooled",78.1226676607284,77.51,0.61266766072842,0.375361662502434
1990,6,"TN","unpooled",75.075258537228,74.68,0.39525853722796,0.156229311251587
1990,6,"TX","unpooled",76.0638105961863,76.04,0.0238105961863084,0.000566944490747446
1990,6,"UT","unpooled",79.0559901365573,78.49,0.565990136557332,0.320344834680187
1990,6,"VT","unpooled",77.8353050990147,77.65,0.185305099014712,0.0343379797208524
1990,6,"VA","unpooled",76.5615639326848,76.14,0.421563932684776,0.177716149340655
1990,6,"WA","unpooled",77.9355817061702,77.45,0.485581706170237,0.235789593367198
1990,6,"WV","unpooled",75.3357259923308,74.81,0.525725992330777,0.27638781901218
1990,6,"WI","unpooled",77.9706269508447,77.53,0.440626950844702,0.1941521098107
1990,6,"WY","unpooled",77.5650825299998,77.07,0.49508252999982,0.245106711511023
1990,7,"USA","unpooled",76.581940105872,76.53,0.0519401058720348,0.00269777459799818
1990,7,"AL","unpooled",74.8491435031454,74.29,0.559143503145393,0.312641457109702
1990,7,"AK","unpooled",76.4215723158913,76.24,0.181572315891259,0.0329685058981151
1990,7,"AZ","unpooled",77.703459741911,77.02,0.683459741910951,0.467117218812984
1990,7,"AR","unpooled",75.2176909404491,74.43,0.787690940449082,0.620457017665559
1990,7,"CA","unpooled",76.829877226886,77.44,-0.610122773113986,0.3722497982723
1990,7,"CO","unpooled",78.6288604957688,78.04,0.58886049576877,0.346756683477042
1990,7,"CT","unpooled",78.3654278682903,77.92,0.445427868290267,0.198405985849611
1990,7,"DE","unpooled",76.0760518717654,76.16,-0.0839481282346242,0.0070472882340969
1990,7,"FL","unpooled",76.8219050418209,76.9,-0.0780949581791077,0.00609882249299658
1990,7,"GA","unpooled",75.032190946198,75.04,-0.00780905380204899,6.09813212832958e-05
1990,7,"HI","unpooled",79.6880020516286,79.13,0.558002051628648,0.31136628962178
1990,7,"ID","unpooled",78.442028853342,77.75,0.692028853342038,0.478903933857895
1990,7,"IL","unpooled",76.0849417132468,76.37,-0.285058286753198,0.0812582268466686
1990,7,"IN","unpooled",76.4809211300977,76.05,0.430921130097673,0.185693020364655
1990,7,"IA","unpooled",78.7177088072941,78.17,0.547708807294057,0.299984937587479
1990,7,"KS","unpooled",78.0253858382588,77.35,0.675385838258848,0.456146030520606
1990,7,"KY","unpooled",75.4069596555465,75.03,0.376959655546457,0.142098581909704
1990,7,"LA","unpooled",74.1669958804716,73.88,0.286995880471594,0.0823666354076652
1990,7,"ME","unpooled",77.9678357359016,77.4,0.567835735901568,0.322437422966875
1990,7,"MD","unpooled",76.1489366596621,75.93,0.218936659662106,0.0479332609440007
1990,7,"MA","unpooled",77.9853551986023,78.07,-0.0846448013976868,0.00716474240365384
1990,7,"MI","unpooled",76.2255720697063,76.24,-0.0144279302936638,0.000208165172558823
1990,7,"MN","unpooled",79.1872448265819,78.76,0.427244826581898,0.182538141840996
1990,7,"MS","unpooled",74.2157018806688,73.38,0.835701880668779,0.698397633353334
1990,7,"MO","unpooled",76.348898090445,75.77,0.578898090445023,0.335122999120894
1990,7,"MT","unpooled",77.9544642412435,77.08,0.874464241243544,0.764687709213647
1990,7,"NE","unpooled",78.0240366037853,77.7,0.32403660378526,0.104999720592685
1990,7,"NV","unpooled",76.0397786120988,75.76,0.279778612098752,0.0782760717879042
1990,7,"NH","unpooled",78.3075110860935,78,0.307511086093513,0.0945630680704117
1990,7,"NJ","unpooled",76.612381786258,76.97,-0.357618213741972,0.127890786799999
1990,7,"NM","unpooled",77.409848444736,76.92,0.489848444736054,0.239951498810331
1990,7,"NY","unpooled",75.6852531554524,76.95,-1.26474684454757,1.59958458079304
1990,7,"NC","unpooled",76.0216389241703,75.66,0.361638924170265,0.130782711475027
1990,7,"ND","unpooled",78.986334884111,78.44,0.546334884110976,0.298481805596554
1990,7,"OH","unpooled",76.4581009987942,76.18,0.278100998794187,0.0773401655303245
1990,7,"OK","unpooled",75.912358242444,74.96,0.952358242444006,0.906986221951037
1990,7,"OR","unpooled",77.7115069842414,77.33,0.381506984241355,0.145547579024933
1990,7,"PA","unpooled",76.714668174381,76.27,0.444668174381022,0.197729785307351
1990,7,"RI","unpooled",77.6873360165446,77.53,0.15733601654459,0.0247546221021197
1990,7,"SC","unpooled",75.1707794416574,74.77,0.400779441657392,0.16062416085521
1990,7,"SD","unpooled",78.3103696506583,77.67,0.640369650658343,0.410073289484288
1990,7,"TN","unpooled",75.2211862515609,74.68,0.541186251560916,0.292882558878555
1990,7,"TX","unpooled",76.2123318663115,76.2,0.012331866311456,0.000152074926723623
1990,7,"UT","unpooled",79.2516728085897,78.4,0.851672808589655,0.72534657289099
1990,7,"VT","unpooled",78.0320244752125,77.78,0.252024475212494,0.0635163361061329
1990,7,"VA","unpooled",76.7658153795121,76.4,0.365815379512085,0.133820891887571
1990,7,"WA","unpooled",78.1233610088684,77.93,0.193361008868393,0.0373884797506029
1990,7,"WV","unpooled",75.4929817632215,74.73,0.762981763221518,0.582141171008616
1990,7,"WI","unpooled",78.1493276545935,77.89,0.259327654593505,0.0672508324369685
1990,7,"WY","unpooled",77.7639184579953,76.97,0.793918457995346,0.630306517945708
1990,8,"USA","unpooled",76.7522449628411,76.69,0.0622449628411204,0.00387443539909245
1990,8,"AL","unpooled",75.0183498300268,74.29,0.728349830026815,0.53049347490009
1990,8,"AK","unpooled",76.6200738338432,76.8,-0.179926166156847,0.0323734252679011
1990,8,"AZ","unpooled",77.9156009532888,77.05,0.865600953288805,0.749265010334488
1990,8,"AR","unpooled",75.3419911355735,74.84,0.501991135573476,0.251995100194348
1990,8,"CA","unpooled",76.9747458498052,77.64,-0.66525415019477,0.442563084351365
1990,8,"CO","unpooled",78.8275492182427,77.98,0.84754921824269,0.718339677343796
1990,8,"CT","unpooled",78.5519792911143,78.03,0.521979291114249,0.272462380352134
1990,8,"DE","unpooled",76.2408208462938,76.34,-0.099179153706217,0.00983650452988142
1990,8,"FL","unpooled",76.9881084558509,76.99,-0.00189154414908899,3.57793926795278e-06
1990,8,"GA","unpooled",75.2148111424156,75.16,0.0548111424156303,0.00300426133290651
1990,8,"HI","unpooled",79.897435841069,79.25,0.647435841069054,0.419173168300794
1990,8,"ID","unpooled",78.6310548475826,77.88,0.751054847582594,0.564083384077314
1990,8,"IL","unpooled",76.2519917161174,76.4,-0.148008283882604,0.0219064520978734
1990,8,"IN","unpooled",76.634535397761,76.17,0.464535397760969,0.215793135772941
1990,8,"IA","unpooled",78.8943184446133,78.1,0.794318444613339,0.630941791452954
1990,8,"KS","unpooled",78.1816778042317,77.34,0.841677804231736,0.708421526136357
1990,8,"KY","unpooled",75.5509843756393,75.28,0.270984375639259,0.0734325318405989
1990,8,"LA","unpooled",74.3205085397052,74.04,0.280508539705153,0.0786850408475173
1990,8,"ME","unpooled",78.1739341416983,77.38,0.79393414169833,0.630331421354263
1990,8,"MD","unpooled",76.3381402187727,76.13,0.208140218772655,0.0433223506707288
1990,8,"MA","unpooled",78.1698507114818,78.16,0.00985071148177497,9.70365166971731e-05
1990,8,"MI","unpooled",76.3818662249157,76.24,0.141866224915702,0.0201260257718326
1990,8,"MN","unpooled",79.3764041102591,78.86,0.516404110259074,0.266673205092466
1990,8,"MS","unpooled",74.3794339019615,73.43,0.949433901961513,0.901424734193863
1990,8,"MO","unpooled",76.4998960073615,75.82,0.679896007361464,0.46225858082606
1990,8,"MT","unpooled",78.177656210495,77.23,0.947656210494941,0.898052293289632
1990,8,"NE","unpooled",78.1810631806004,77.89,0.291063180600418,0.0847177751012313
1990,8,"NV","unpooled",76.2490021755363,75.54,0.70900217553627,0.502684084915164
1990,8,"NH","unpooled",78.5087301632105,78.1,0.408730163210492,0.167060346318076
1990,8,"NJ","unpooled",76.7834684951271,77.38,-0.5965315048729,0.355849836305926
1990,8,"NM","unpooled",77.6098436222285,77.07,0.539843622228531,0.291431136460821
1990,8,"NY","unpooled",75.8425672553155,77.4,-1.55743274468449,2.42559675421547
1990,8,"NC","unpooled",76.2116813917222,75.66,0.551681391722198,0.304352357972541
1990,8,"ND","unpooled",79.174445970985,78.22,0.954445970984963,0.91096711152943
1990,8,"OH","unpooled",76.6201036127614,76.29,0.330103612761391,0.108968395158123
1990,8,"OK","unpooled",76.0349798346911,75.15,0.884979834691066,0.783189307809827
1990,8,"OR","unpooled",77.8920585164836,77.32,0.572058516483636,0.327250946281459
1990,8,"PA","unpooled",76.9024800105399,76.73,0.172480010539886,0.029749354035839
1990,8,"RI","unpooled",77.8721396816377,77.95,-0.0778603183623119,0.00606222917548056
1990,8,"SC","unpooled",75.3964355548937,74.78,0.616435554893698,0.379992793337102
1990,8,"SD","unpooled",78.4980716405883,77.46,1.03807164058827,1.07759273099362
1990,8,"TN","unpooled",75.3671139658939,74.8,0.567113965893881,0.321618250311886
1990,8,"TX","unpooled",76.3608531364366,76.51,-0.149146863563402,0.0222447869108001
1990,8,"UT","unpooled",79.447355480622,78.42,1.02735548062199,1.05545928356404
1990,8,"VT","unpooled",78.2287438514103,78.07,0.158743851410279,0.0251996103605686
1990,8,"VA","unpooled",76.9700668263394,76.62,0.3500668263394,0.12254678290334
1990,8,"WA","unpooled",78.3111403115666,77.98,0.331140311566557,0.109653905944396
1990,8,"WV","unpooled",75.6502375341123,74.84,0.810237534112261,0.656484861684317
1990,8,"WI","unpooled",78.3280283583423,77.75,0.578028358342308,0.334116783047904
1990,8,"WY","unpooled",77.9627543859909,76.81,1.15275438599087,1.3288426744212
1990,9,"USA","unpooled",76.9225498198102,76.68,0.242549819810193,0.0588304150899573
1990,9,"AL","unpooled",75.1875561569082,74.26,0.927556156908238,0.860360424218381
1990,9,"AK","unpooled",76.818575351795,76.61,0.208575351795048,0.043503677376428
1990,9,"AZ","unpooled",78.1277421646667,76.99,1.13774216466666,1.29445723326038
1990,9,"AR","unpooled",75.4662913306979,74.95,0.516291330697868,0.266556738153775
1990,9,"CA","unpooled",77.1196144727245,77.87,-0.750385527275554,0.563078439544612
1990,9,"CO","unpooled",79.0262379407166,78.11,0.916237940716613,0.839491964008619
1990,9,"CT","unpooled",78.7385307139382,78.44,0.298530713938234,0.0891205871644719
1990,9,"DE","unpooled",76.4055898208222,76.68,-0.274410179177806,0.0753009464363958
1990,9,"FL","unpooled",77.1543118698809,76.91,0.244311869880917,0.0596882897647102
1990,9,"GA","unpooled",75.3974313386333,75.18,0.21743133863329,0.0472763870198643
1990,9,"HI","unpooled",80.1068696305095,79.35,0.75686963050947,0.572851637587542
1990,9,"ID","unpooled",78.8200808418231,77.77,1.05008084182315,1.10266977436401
1990,9,"IL","unpooled",76.419041718988,76.23,0.189041718987994,0.0357367715179357
1990,9,"IN","unpooled",76.7881496654243,75.98,0.808149665424267,0.653105881725355
1990,9,"IA","unpooled",79.0709280819326,78.21,0.860928081932613,0.741197162260168
1990,9,"KS","unpooled",78.3379697702046,77.25,1.08796977020464,1.18367822087913
1990,9,"KY","unpooled",75.6950090957321,75.09,0.605009095732058,0.366036005918522
1990,9,"LA","unpooled",74.4740211989387,74.04,0.434021198938723,0.188374401128206
1990,9,"ME","unpooled",78.3800325474951,77.56,0.820032547495074,0.672453378951262
1990,9,"MD","unpooled",76.5273437778832,76.12,0.407343777883185,0.165928953380145
1990,9,"MA","unpooled",78.3543462243612,78.25,0.104346224361237,0.0108881345384456
1990,9,"MI","unpooled",76.5381603801251,76.14,0.398160380125063,0.158531688301335
1990,9,"MN","unpooled",79.5655633939362,78.69,0.875563393936247,0.766611256801159
1990,9,"MS","unpooled",74.5431659232543,73.44,1.10316592325427,1.21697505422944
1990,9,"MO","unpooled",76.6508939242779,75.77,0.880893924277899,0.775974105829717
1990,9,"MT","unpooled",78.4008481797463,77.16,1.24084817974635,1.53970420517983
1990,9,"NE","unpooled",78.3380897574156,77.72,0.618089757415575,0.382034948222044
1990,9,"NV","unpooled",76.4582257389738,75.65,0.808225738973789,0.653228845139727
1990,9,"NH","unpooled",78.7099492403275,78.31,0.399949240327459,0.159959394838511
1990,9,"NJ","unpooled",76.9545552039962,77.24,-0.28544479600383,0.0814787315656681
1990,9,"NM","unpooled",77.809838799721,76.71,1.099838799721,1.20964538537173
1990,9,"NY","unpooled",75.9998813551786,77.34,-1.3401186448214,1.79591798219795
1990,9,"NC","unpooled",76.4017238592741,75.7,0.701723859274125,0.492416374674572
1990,9,"ND","unpooled",79.362557057859,78.21,1.15255705785896,1.32838777162049
1990,9,"OH","unpooled",76.7821062267286,76.15,0.632106226728595,0.399558281869062
1990,9,"OK","unpooled",76.1576014269381,75.02,1.13760142693815,1.29413700657171
1990,9,"OR","unpooled",78.0726100487259,77.64,0.432610048725905,0.18715145425863
1990,9,"PA","unpooled",77.0902918466988,76.53,0.56029184669876,0.313926953477107
1990,9,"RI","unpooled",78.0569433467308,78.16,-0.103056653269206,0.0106206737830494
1990,9,"SC","unpooled",75.62209166813,74.62,1.00209166813001,1.00418771133558
1990,9,"SD","unpooled",78.6857736305182,77.65,1.03577363051818,1.07282701367681
1990,9,"TN","unpooled",75.5130416802268,74.96,0.55304168022684,0.305855100068127
1990,9,"TX","unpooled",76.5093744065617,76.52,-0.0106255934382489,0.000112903235914957
1990,9,"UT","unpooled",79.6430381526543,78.51,1.13303815265432,1.28377545537032
1990,9,"VT","unpooled",78.425463227608,78.11,0.315463227608049,0.0995170479728878
1990,9,"VA","unpooled",77.1743182731667,76.71,0.464318273166725,0.21559145879653
1990,9,"WA","unpooled",78.4989196142647,77.99,0.508919614264727,0.258999173783358
1990,9,"WV","unpooled",75.807493305003,74.96,0.847493305003013,0.71824490202493
1990,9,"WI","unpooled",78.5067290620911,77.8,0.706729062091114,0.499465967204185
1990,9,"WY","unpooled",78.1615903139864,76.54,1.6215903139864,2.62955514641452
1990,10,"USA","unpooled",77.0928546767793,76.8,0.292854676779285,0.0857638617114996
1990,10,"AL","unpooled",75.3567624837897,74.42,0.936762483789664,0.877523951035781
1990,10,"AK","unpooled",77.017076869747,76.14,0.877076869746944,0.769263835445097
1990,10,"AZ","unpooled",78.3398833760445,77.13,1.20988337604452,1.46381778362888
1990,10,"AR","unpooled",75.5905915258223,74.78,0.810591525822261,0.657058621734861
1990,10,"CA","unpooled",77.2644830956437,78.09,-0.825516904356334,0.681478159378065
1990,10,"CO","unpooled",79.2249266631905,78.36,0.864926663190531,0.748098132697905
1990,10,"CT","unpooled",78.9250821367622,78.25,0.675082136762214,0.455735891375436
1990,10,"DE","unpooled",76.5703587953506,76.38,0.190358795350619,0.0362364709673388
1990,10,"FL","unpooled",77.3205152839109,76.97,0.350515283910923,0.122860964255155
1990,10,"GA","unpooled",75.580051534851,75.1,0.480051534850972,0.230449476112774
1990,10,"HI","unpooled",80.3163034199499,79.51,0.80630341994987,0.650125205022857
1990,10,"ID","unpooled",79.0091068360637,78.08,0.929106836063696,0.863239512820291
1990,10,"IL","unpooled",76.5860917218586,76.55,0.0360917218585968,0.00130261238671831
1990,10,"IN","unpooled",76.9417639330876,76.02,0.921763933087576,0.849648748341076
1990,10,"IA","unpooled",79.2475377192519,78.33,0.917537719251882,0.841875466249946
1990,10,"KS","unpooled",78.4942617361775,77.42,1.07426173617753,1.15403827781517
1990,10,"KY","unpooled",75.8390338158249,75.08,0.759033815824864,0.576132333565654
1990,10,"LA","unpooled",74.6275338581723,74.09,0.537533858172296,0.288942648681594
1990,10,"ME","unpooled",78.5861309532918,77.59,0.996130953291825,0.99227687610608
1990,10,"MD","unpooled",76.7165473369937,76.22,0.496547336993729,0.246559257875563
1990,10,"MA","unpooled",78.5388417372407,78.22,0.318841737240703,0.10166005340667
1990,10,"MI","unpooled",76.6944545353344,76.35,0.344454535334435,0.118648926912462
1990,10,"MN","unpooled",79.7547226776134,79.02,0.734722677613419,0.539817412999432
1990,10,"MS","unpooled",74.706897944547,73.39,1.31689794454701,1.73422019635214
1990,10,"MO","unpooled",76.8018918411943,76.08,0.721891841194335,0.521127830382947
1990,10,"MT","unpooled",78.6240401489978,77.29,1.33404014899774,1.77966311913792
1990,10,"NE","unpooled",78.4951163342307,78.28,0.215116334230729,0.0462750372528665
1990,10,"NV","unpooled",76.6674493024113,75.94,0.727449302411316,0.52918248757871
1990,10,"NH","unpooled",78.9111683174444,78.51,0.40116831744443,0.160936018921195
1990,10,"NJ","unpooled",77.1256419128652,77.32,-0.194358087134759,0.0377750660346827
1990,10,"NM","unpooled",78.0098339772135,77.13,0.879833977213465,0.774107827459265
1990,10,"NY","unpooled",76.1571954550417,77.63,-1.47280454495831,2.16915322764985
1990,10,"NC","unpooled",76.5917663268261,75.6,0.991766326826067,0.983600447026069
1990,10,"ND","unpooled",79.5506681447329,78.77,0.780668144732942,0.609442752200774
1990,10,"OH","unpooled",76.9441088406958,76.33,0.614108840695806,0.377129668220747
1990,10,"OK","unpooled",76.2802230191852,75.03,1.25022301918521,1.56305759770059
1990,10,"OR","unpooled",78.2531615809682,77.83,0.423161580968184,0.179065723607493
1990,10,"PA","unpooled",77.2781036828576,76.65,0.628103682857628,0.394514236419315
1990,10,"RI","unpooled",78.2417470118239,77.97,0.271747011823891,0.0738464384352138
1990,10,"SC","unpooled",75.8477477813663,74.74,1.10774778136633,1.22710514712202
1990,10,"SD","unpooled",78.8734756204481,77.98,0.8934756204481,0.798298684335118
1990,10,"TN","unpooled",75.6589693945598,74.71,0.948969394559796,0.900542911811186
1990,10,"TX","unpooled",76.6578956766869,76.52,0.137895676686895,0.0190152176489368
1990,10,"UT","unpooled",79.8387208246867,78.6,1.23872082468667,1.53442928151241
1990,10,"VT","unpooled",78.6221826038058,78.19,0.432182603805828,0.186781803032385
1990,10,"VA","unpooled",77.378569719994,76.77,0.608569719994037,0.370357104093621
1990,10,"WA","unpooled",78.6866989169629,78.19,0.496698916962885,0.246709814112103
1990,10,"WV","unpooled",75.9647490758937,74.88,1.08474907589375,1.17668055765235
1990,10,"WI","unpooled",78.6854297658399,77.97,0.715429765839914,0.511839749849755
1990,10,"WY","unpooled",78.3604262419819,77.1,1.26042624198195,1.58867431147673
1990,1,"USA","ratio_unpooled_3",75.5529954493781,75.54,0.0129954493780815,0.000168881704538279
1990,1,"AL","ratio_unpooled_3",73.8347670613364,73.64,0.194767061336378,0.0379342081816086
1990,1,"AK","ratio_unpooled_3",75.2054245798855,75.42,-0.214575420114457,0.0460426109172957
1990,1,"AZ","ratio_unpooled_3",76.4294329378904,76.37,0.0594329378904348,0.00353227410628828
1990,1,"AR","ratio_unpooled_3",74.4717592460686,74.3,0.171759246068618,0.02950123861006
1990,1,"CA","ratio_unpooled_3",75.9434309545939,76.07,-0.126569045406058,0.0160197232550006
1990,1,"CO","ratio_unpooled_3",77.4256964923702,77.01,0.415696492370245,0.172803573768925
1990,1,"CT","ratio_unpooled_3",77.2219007322886,77.19,0.0319007322886051,0.00101765672054925
1990,1,"DE","ratio_unpooled_3",75.0836002710032,75.1,-0.0163997289967881,0.000268951111168092
1990,1,"FL","ratio_unpooled_3",75.818121114766,75.96,-0.141878885233965,0.0201296180752325
1990,1,"GA","ratio_unpooled_3",73.9377657248878,73.99,-0.0522342751121698,0.00272841949649384
1990,1,"HI","ratio_unpooled_3",78.4463490377501,78.66,-0.213650962249886,0.0456467336703024
1990,1,"ID","ratio_unpooled_3",77.2941908986028,77.19,0.104190898602809,0.0108557433516608
1990,1,"IL","ratio_unpooled_3",75.074782130794,74.95,0.124782130793974,0.0155705801654846
1990,1,"IN","ratio_unpooled_3",75.559356752515,75.45,0.109356752515012,0.0119588993206296
1990,1,"IA","ratio_unpooled_3",77.65398040872,77.35,0.303980408719966,0.0924040888855573
1990,1,"KS","ratio_unpooled_3",77.0840356392883,76.73,0.354035639288327,0.125341233886294
1990,1,"KY","ratio_unpooled_3",74.5495855598915,74.46,0.0895855598914608,0.00802557254106651
1990,1,"LA","ratio_unpooled_3",73.2317616933406,73.1,0.131761693340636,0.0173611438319917
1990,1,"ME","ratio_unpooled_3",76.7290421849588,76.59,0.139042184958811,0.0193327291981202
1990,1,"MD","ratio_unpooled_3",75.0403729758512,75.14,-0.0996270241487878,0.00992554394074314
1990,1,"MA","ratio_unpooled_3",76.9736902765323,77.04,-0.0663097234676968,0.00439697942636242
1990,1,"MI","ratio_unpooled_3",75.2776261921826,75.18,0.0976261921826307,0.00953087340007994
1990,1,"MN","ratio_unpooled_3",78.0490911122904,77.87,0.179091112290351,0.0320736265013951
1990,1,"MS","ratio_unpooled_3",73.2342652767072,73.07,0.164265276707212,0.026983081131697
1990,1,"MO","ratio_unpooled_3",75.4444200067464,75.25,0.194420006746356,0.0377991390232529
1990,1,"MT","ratio_unpooled_3",76.6241861288884,76.47,0.154186128888412,0.023773362341594
1990,1,"NE","ratio_unpooled_3",77.0831501513532,77.17,-0.086849848646807,0.00754289620997328
1990,1,"NV","ratio_unpooled_3",74.7844119577984,74.53,0.254411957798396,0.064725444270813
1990,1,"NH","ratio_unpooled_3",77.0870353936949,77.24,-0.152964606305076,0.023398170782067
1990,1,"NJ","ratio_unpooled_3",75.5678677570552,75.64,-0.0721322429447895,0.00520306047224613
1990,1,"NM","ratio_unpooled_3",76.2087486736768,75.83,0.378748673676753,0.1434505578119
1990,1,"NY","ratio_unpooled_3",74.7255692356137,74.82,-0.0944307643862885,0.00891716926257873
1990,1,"NC","ratio_unpooled_3",74.863620862157,74.76,0.103620862157001,0.0107372830741602
1990,1,"ND","ratio_unpooled_3",77.7783257142426,77.83,-0.0516742857574286,0.00267023180854039
1990,1,"OH","ratio_unpooled_3",75.4871841406096,75.39,0.097184140609599,0.00944475718602631
1990,1,"OK","ratio_unpooled_3",75.1306981677882,75.1,0.0306981677882021,0.00094237750555261
1990,1,"OR","ratio_unpooled_3",76.6202267931104,76.91,-0.289773206889549,0.0839685114310536
1990,1,"PA","ratio_unpooled_3",75.5913101436524,75.61,-0.018689856347649,0.000349310730295755
1990,1,"RI","ratio_unpooled_3",76.5782277723824,76.87,-0.291772227617585,0.0851310328089279
1990,1,"SC","ratio_unpooled_3",73.828210492574,73.88,-0.0517895074259798,0.00268215307942561
1990,1,"SD","ratio_unpooled_3",77.2685541168608,77.01,0.258554116860807,0.0668502313456721
1990,1,"TN","ratio_unpooled_3",74.3577614765169,74.5,-0.142238523483101,0.0202317975626527
1990,1,"TX","ratio_unpooled_3",75.3234973965258,75.38,-0.0565026034742147,0.00319254419936433
1990,1,"UT","ratio_unpooled_3",78.1439579371649,77.94,0.203957937164915,0.0415988401325676
1990,1,"VT","ratio_unpooled_3",76.8683574727682,77.25,-0.38164252723179,0.145651018591868
1990,1,"VA","ratio_unpooled_3",75.5429503914157,75.4,0.142950391415681,0.0204348144058964
1990,1,"WA","ratio_unpooled_3",76.9944911005741,77.17,-0.175508899425907,0.0308033737776931
1990,1,"WV","ratio_unpooled_3",74.5371107058717,74.21,0.327110705871746,0.107001413895912
1990,1,"WI","ratio_unpooled_3",77.0644380410171,77.04,0.0244380410170777,0.000597217848752372
1990,1,"WY","ratio_unpooled_3",76.5720635761289,76.67,-0.09793642387109,0.00959154312065781
1990,2,"USA","ratio_unpooled_3",75.7230028308083,75.8,-0.0769971691917135,0.00592856406353736
1990,2,"AL","ratio_unpooled_3",74.0040128943463,74.2,-0.195987105653728,0.0384109455825256
1990,2,"AK","ratio_unpooled_3",75.4031647833538,75.39,0.0131647833537585,0.000173311520751396
1990,2,"AZ","ratio_unpooled_3",76.6415149600074,76.32,0.321514960007391,0.103371869508555
1990,2,"AR","ratio_unpooled_3",74.5960148576326,74.6,-0.00398514236742642,1.5881359688657e-05
1990,2,"CA","ratio_unpooled_3",76.0877701431613,76.32,-0.232229856838714,0.0539307064073296
1990,2,"CO","ratio_unpooled_3",77.6240509039094,77.53,0.0940509039093911,0.00884557252617351
1990,2,"CT","ratio_unpooled_3",77.4077970907399,77.32,0.0877970907398833,0.0077083291423873
1990,2,"DE","ratio_unpooled_3",75.2481691128227,75.49,-0.241830887177287,0.0584821779929535
1990,2,"FL","ratio_unpooled_3",75.9841070888222,76.16,-0.17589291117784,0.0309383162026155
1990,2,"GA","ratio_unpooled_3",74.1202186947299,74.35,-0.229781305270095,0.0527994482516284
1990,2,"HI","ratio_unpooled_3",78.6563746986959,78.74,-0.0836253013041244,0.00699319101820559
1990,2,"ID","ratio_unpooled_3",77.4828027450549,77.36,0.122802745054898,0.0150805141930182
1990,2,"IL","ratio_unpooled_3",75.2416380398476,75.41,-0.168361960152396,0.0283457496263569
1990,2,"IN","ratio_unpooled_3",75.7129746200943,75.79,-0.0770253799057059,0.00593290914961832
1990,2,"IA","ratio_unpooled_3",77.830445876205,77.87,-0.0395541237950567,0.00156452870919467
1990,2,"KS","ratio_unpooled_3",77.2403088886145,77.22,0.020308888614494,0.000412450956755923
1990,2,"KY","ratio_unpooled_3",74.6938154264767,74.84,-0.146184573523328,0.0213699295361974
1990,2,"LA","ratio_unpooled_3",73.3848533580601,73.52,-0.135146641939855,0.0182646148276193
1990,2,"ME","ratio_unpooled_3",76.9350674299663,77.01,-0.0749325700336669,0.0056148900518504
1990,2,"MD","ratio_unpooled_3",75.2303670703895,75.25,-0.0196329296104807,0.000385451925090089
1990,2,"MA","ratio_unpooled_3",77.1610733422971,76.95,0.211073342297112,0.0445519558284739
1990,2,"MI","ratio_unpooled_3",75.433600859932,75.59,-0.156399140067975,0.0244606910140022
1990,2,"MN","ratio_unpooled_3",78.238155444752,78.15,0.0881554447520045,0.00777138243942373
1990,2,"MS","ratio_unpooled_3",73.3980309381222,73.22,0.178030938122191,0.0316950149286675
1990,2,"MO","ratio_unpooled_3",75.595463039623,75.51,0.0854630396230363,0.00730393114160866
1990,2,"MT","ratio_unpooled_3",76.8476474224211,76.63,0.217647422421095,0.0473704004865465
1990,2,"NE","ratio_unpooled_3",77.2399513212438,77.48,-0.24004867875621,0.0576233681726022
1990,2,"NV","ratio_unpooled_3",74.9936732801041,75.13,-0.136326719895933,0.0185849745575843
1990,2,"NH","ratio_unpooled_3",77.287891190108,77.59,-0.302108809892033,0.0912697330143806
1990,2,"NJ","ratio_unpooled_3",75.7384349998431,75.79,-0.0515650001569128,0.00265894924118242
1990,2,"NM","ratio_unpooled_3",76.4088084677719,76.38,0.028808467771924,0.000829927815365985
1990,2,"NY","ratio_unpooled_3",74.8824529796698,75.1,-0.217547020330244,0.0473267060545675
1990,2,"NC","ratio_unpooled_3",75.0532049489014,75,0.0532049489014241,0.00283076658760315
1990,2,"ND","ratio_unpooled_3",77.964027014934,77.95,0.0140270149339585,0.000196757147957495
1990,2,"OH","ratio_unpooled_3",75.6493366463786,75.73,-0.0806633536214179,0.0065065766174539
1990,2,"OK","ratio_unpooled_3",75.251842494034,75.25,0.00184249403403669,3.3947842654608e-06
1990,2,"OR","ratio_unpooled_3",76.8005366958053,76.99,-0.189463304194732,0.0358963436363854
1990,2,"PA","ratio_unpooled_3",75.7792293799014,75.73,0.0492293799014334,0.00242353184547965
1990,2,"RI","ratio_unpooled_3",76.7630229647075,77.01,-0.246977035292502,0.060997655961874
1990,2,"SC","ratio_unpooled_3",74.0542178370584,74.09,-0.0357821629416293,0.00128036318478131
1990,2,"SD","ratio_unpooled_3",77.4588131978757,76.93,0.528813197875721,0.279643398247546
1990,2,"TN","ratio_unpooled_3",74.5040506884298,74.74,-0.235949311570195,0.055672077630449
1990,2,"TX","ratio_unpooled_3",75.4720981714132,75.53,-0.05790182858685,0.00335262175370096
1990,2,"UT","ratio_unpooled_3",78.3417849442056,78.27,0.0717849442056178,0.00515307821460366
1990,2,"VT","ratio_unpooled_3",77.0655130836604,76.85,0.215513083660383,0.0464458892288073
1990,2,"VA","ratio_unpooled_3",75.7472789255257,75.79,-0.0427210744743007,0.00182509020423875
1990,2,"WA","ratio_unpooled_3",77.1822029442195,77.19,-0.00779705578051448,6.07940788444543e-05
1990,2,"WV","ratio_unpooled_3",74.6939928500108,74.45,0.243992850010812,0.0595325108563988
1990,2,"WI","ratio_unpooled_3",77.2428544113562,77.57,-0.327145588643774,0.107024236169081
1990,2,"WY","ratio_unpooled_3",76.7709145126968,76.44,0.330914512696836,0.109504414713384
1990,3,"USA","ratio_unpooled_3",75.8930102122385,75.59,0.303010212238476,0.0918151887208064
1990,3,"AL","ratio_unpooled_3",74.1732587273562,73.83,0.343258727356172,0.117826553906179
1990,3,"AK","ratio_unpooled_3",75.600904986822,75.54,0.0609049868219671,0.00370941741978399
1990,3,"AZ","ratio_unpooled_3",76.8535969821243,76.07,0.783596982124337,0.614024230394368
1990,3,"AR","ratio_unpooled_3",74.7202704691965,74.17,0.550270469196519,0.302797589269757
1990,3,"CA","ratio_unpooled_3",76.2321093317286,76.25,-0.0178906682713773,0.000320076011196467
1990,3,"CO","ratio_unpooled_3",77.8224053154485,77.27,0.552405315448539,0.3051516325358
1990,3,"CT","ratio_unpooled_3",77.5936934491912,77.08,0.513693449191152,0.263880959741902
1990,3,"DE","ratio_unpooled_3",75.4127379546422,75.42,-0.00726204535779118,5.27373027786164e-05
1990,3,"FL","ratio_unpooled_3",76.1500930628783,75.88,0.270093062878288,0.0729502626149751
1990,3,"GA","ratio_unpooled_3",74.302671664572,74.06,0.242671664571972,0.0588895367861318
1990,3,"HI","ratio_unpooled_3",78.8664003596416,78.62,0.246400359641626,0.0607131372315227
1990,3,"ID","ratio_unpooled_3",77.671414591507,77.17,0.501414591506986,0.251416592576118
1990,3,"IL","ratio_unpooled_3",75.4084939489012,75.08,0.328493948901226,0.107908274464721
1990,3,"IN","ratio_unpooled_3",75.8665924876736,75.51,0.356592487673581,0.127158202265233
1990,3,"IA","ratio_unpooled_3",78.0069113436899,77.58,0.426911343689937,0.182253295371148
1990,3,"KS","ratio_unpooled_3",77.3965821379407,76.79,0.606582137940649,0.367941890068648
1990,3,"KY","ratio_unpooled_3",74.8380452930619,74.52,0.3180452930619,0.10115280843883
1990,3,"LA","ratio_unpooled_3",73.5379450227797,73.02,0.517945022779656,0.268267046622219
1990,3,"ME","ratio_unpooled_3",77.1410926749739,76.68,0.461092674973855,0.212606454914545
1990,3,"MD","ratio_unpooled_3",75.4203611649278,75.04,0.38036116492782,0.144674615785248
1990,3,"MA","ratio_unpooled_3",77.3484564080619,76.88,0.468456408061925,0.219451406254281
1990,3,"MI","ratio_unpooled_3",75.5895755276814,75.35,0.239575527681424,0.0573964334638329
1990,3,"MN","ratio_unpooled_3",78.4272197772137,78,0.427219777213665,0.182516738042494
1990,3,"MS","ratio_unpooled_3",73.5617965995372,72.95,0.611796599537172,0.374295079205247
1990,3,"MO","ratio_unpooled_3",75.7465060724997,75.18,0.56650607249972,0.320929130179058
1990,3,"MT","ratio_unpooled_3",77.0711087159538,76.41,0.661108715953773,0.437064734310047
1990,3,"NE","ratio_unpooled_3",77.3967524911344,77.14,0.256752491134392,0.0659218417037162
1990,3,"NV","ratio_unpooled_3",75.2029346024097,74.9,0.302934602409721,0.0917693733371356
1990,3,"NH","ratio_unpooled_3",77.488746986521,77.53,-0.041253013478979,0.00170181112109683
1990,3,"NJ","ratio_unpooled_3",75.909002242631,75.71,0.199002242630982,0.0396018925721603
1990,3,"NM","ratio_unpooled_3",76.6088682618671,76.14,0.468868261867087,0.219837446986263
1990,3,"NY","ratio_unpooled_3",75.0393367237258,74.97,0.0693367237257974,0.00480758125702755
1990,3,"NC","ratio_unpooled_3",75.2427890356458,74.79,0.452789035645836,0.205017910801086
1990,3,"ND","ratio_unpooled_3",78.1497283156254,77.95,0.19972831562535,0.0398914000625395
1990,3,"OH","ratio_unpooled_3",75.8114891521476,75.62,0.191489152147568,0.0366680953901945
1990,3,"OK","ratio_unpooled_3",75.3729868202799,74.71,0.662986820279883,0.43955152386483
1990,3,"OR","ratio_unpooled_3",76.9808465985001,76.53,0.450846598500078,0.203262655379091
1990,3,"PA","ratio_unpooled_3",75.9671486161505,75.64,0.327148616150524,0.107026217049203
1990,3,"RI","ratio_unpooled_3",76.9478181570326,76.69,0.257818157032588,0.0664702020956803
1990,3,"SC","ratio_unpooled_3",74.2802251815427,73.92,0.360225181542731,0.129762181417493
1990,3,"SD","ratio_unpooled_3",77.6490722788906,76.86,0.789072278890643,0.622635061313673
1990,3,"TN","ratio_unpooled_3",74.6503399003427,74.34,0.310339900342697,0.0963108537447152
1990,3,"TX","ratio_unpooled_3",75.6206989463005,75.44,0.180698946300524,0.0326521091941196
1990,3,"UT","ratio_unpooled_3",78.5396119512463,77.92,0.619611951246313,0.383918970127263
1990,3,"VT","ratio_unpooled_3",77.2626686945525,76.63,0.63266869455255,0.400269677066827
1990,3,"VA","ratio_unpooled_3",75.9516074596357,75.63,0.321607459635729,0.103431358093347
1990,3,"WA","ratio_unpooled_3",77.3699147878649,76.96,0.409914787864878,0.168030133310308
1990,3,"WV","ratio_unpooled_3",74.8508749941499,74.3,0.550874994149893,0.303463259179645
1990,3,"WI","ratio_unpooled_3",77.4212707816954,77.12,0.301270781695351,0.0907640839033277
1990,3,"WY","ratio_unpooled_3",76.9697654492648,76.47,0.499765449264757,0.249765504278804
1990,4,"USA","ratio_unpooled_3",76.0630175936687,75.77,0.293017593668679,0.0858593101993833
1990,4,"AL","ratio_unpooled_3",74.3425045603661,73.94,0.402504560366069,0.162009921115482
1990,4,"AK","ratio_unpooled_3",75.7986451902902,75.68,0.118645190290181,0.0140766811789932
1990,4,"AZ","ratio_unpooled_3",77.0656790042413,76.21,0.855679004241281,0.732186558299351
1990,4,"AR","ratio_unpooled_3",74.8445260807605,74.44,0.404526080760476,0.163641350015431
1990,4,"CA","ratio_unpooled_3",76.376448520296,76.38,-0.00355147970402925,1.26130080881317e-05
1990,4,"CO","ratio_unpooled_3",78.0207597269877,77.45,0.570759726987674,0.325766665951044
1990,4,"CT","ratio_unpooled_3",77.7795898076424,77.02,0.759589807642428,0.57697667587426
1990,4,"DE","ratio_unpooled_3",75.5773067964617,75.33,0.247306796461714,0.0611606515761558
1990,4,"FL","ratio_unpooled_3",76.3160790369344,75.97,0.346079036934412,0.11977069980545
1990,4,"GA","ratio_unpooled_3",74.485124634414,74.38,0.105124634414054,0.0110511887606884
1990,4,"HI","ratio_unpooled_3",79.0764260205874,78.86,0.216426020587392,0.046840222387294
1990,4,"ID","ratio_unpooled_3",77.8600264379591,77.36,0.500026437959079,0.250026438658045
1990,4,"IL","ratio_unpooled_3",75.5753498579548,75.17,0.405349857954846,0.164308507344014
1990,4,"IN","ratio_unpooled_3",76.0202103552529,75.61,0.410210355252872,0.168272535556687
1990,4,"IA","ratio_unpooled_3",78.1833768111749,77.56,0.623376811174921,0.388598648710614
1990,4,"KS","ratio_unpooled_3",77.5528553872668,77.08,0.472855387266819,0.223592217267253
1990,4,"KY","ratio_unpooled_3",74.9822751596471,74.65,0.332275159647111,0.110406781718513
1990,4,"LA","ratio_unpooled_3",73.6910366874992,73.44,0.251036687499166,0.063019418470554
1990,4,"ME","ratio_unpooled_3",77.3471179199814,76.81,0.537117919981384,0.288495659965128
1990,4,"MD","ratio_unpooled_3",75.6103552594661,75.14,0.470355259466132,0.221234070107452
1990,4,"MA","ratio_unpooled_3",77.5358394738267,77.13,0.405839473826731,0.164705678515958
1990,4,"MI","ratio_unpooled_3",75.7455501954308,75.53,0.215550195430808,0.0464618867502595
1990,4,"MN","ratio_unpooled_3",78.6162841096753,78.09,0.526284109675316,0.27697496409674
1990,4,"MS","ratio_unpooled_3",73.7255622609522,72.95,0.775562260952157,0.601496820613221
1990,4,"MO","ratio_unpooled_3",75.8975491053764,75.23,0.667549105376409,0.445621808088844
1990,4,"MT","ratio_unpooled_3",77.2945700094864,76.89,0.404570009486449,0.163676892575865
1990,4,"NE","ratio_unpooled_3",77.553553661025,77.33,0.223553661024994,0.0499762393576778
1990,4,"NV","ratio_unpooled_3",75.4121959247154,74.83,0.582195924715393,0.338952094755211
1990,4,"NH","ratio_unpooled_3",77.6896027829341,77.65,0.0396027829340682,0.00156838041612292
1990,4,"NJ","ratio_unpooled_3",76.0795694854189,75.94,0.13956948541886,0.0194796412600855
1990,4,"NM","ratio_unpooled_3",76.8089280559623,76.27,0.538928055962259,0.29044344950326
1990,4,"NY","ratio_unpooled_3",75.1962204677818,75.27,-0.073779532218154,0.00544341937432963
1990,4,"NC","ratio_unpooled_3",75.4323731223903,74.96,0.472373122390266,0.223136366756729
1990,4,"ND","ratio_unpooled_3",78.3354296163167,77.88,0.455429616316749,0.207416135418421
1990,4,"OH","ratio_unpooled_3",75.9736416579166,75.74,0.233641657916564,0.0545884243140009
1990,4,"OK","ratio_unpooled_3",75.4941311465257,74.84,0.654131146525714,0.427887556855045
1990,4,"OR","ratio_unpooled_3",77.1611565011949,76.78,0.381156501194894,0.145280278403133
1990,4,"PA","ratio_unpooled_3",76.1550678523996,75.72,0.435067852399612,0.189284036191611
1990,4,"RI","ratio_unpooled_3",77.1326133493577,77.45,-0.317386650642334,0.100734286005959
1990,4,"SC","ratio_unpooled_3",74.5062325260271,74.19,0.316232526027093,0.100003010517476
1990,4,"SD","ratio_unpooled_3",77.8393313599056,77.16,0.679331359905561,0.461491096551139
1990,4,"TN","ratio_unpooled_3",74.7966291122556,74.38,0.416629112255606,0.173579817178894
1990,4,"TX","ratio_unpooled_3",75.7692997211879,75.65,0.119299721187886,0.0142324234755074
1990,4,"UT","ratio_unpooled_3",78.737438958287,78.2,0.537438958287012,0.288840633884629
1990,4,"VT","ratio_unpooled_3",77.4598243054447,77.48,-0.0201756945552916,0.000407058650788421
1990,4,"VA","ratio_unpooled_3",76.1559359937457,75.77,0.385935993745747,0.148946591268517
1990,4,"WA","ratio_unpooled_3",77.5576266315103,77.33,0.227626631510262,0.0518138833727085
1990,4,"WV","ratio_unpooled_3",75.007757138289,74.84,0.167757138288962,0.0281424574469021
1990,4,"WI","ratio_unpooled_3",77.5996871520345,77.31,0.289687152034489,0.083918646053853
1990,4,"WY","ratio_unpooled_3",77.1686163858327,76.75,0.418616385832678,0.175239678487613
1990,5,"USA","ratio_unpooled_3",76.2330249750989,75.88,0.353024975098876,0.124626633043562
1990,5,"AL","ratio_unpooled_3",74.511750393376,73.93,0.581750393375955,0.338433520193079
1990,5,"AK","ratio_unpooled_3",75.9963853937584,75.57,0.426385393758409,0.181804504010513
1990,5,"AZ","ratio_unpooled_3",77.2777610263582,76.41,0.867761026358224,0.753009198866278
1990,5,"AR","ratio_unpooled_3",74.9687816923244,74.55,0.41878169232443,0.175378105826113
1990,5,"CA","ratio_unpooled_3",76.5207877088633,76.64,-0.119212291136691,0.0142115703580591
1990,5,"CO","ratio_unpooled_3",78.2191141385268,77.52,0.699114138526824,0.488760578688103
1990,5,"CT","ratio_unpooled_3",77.9654861660937,77.3,0.6654861660937,0.442871837262092
1990,5,"DE","ratio_unpooled_3",75.7418756382812,75.78,-0.0381243617187863,0.00145346695646486
1990,5,"FL","ratio_unpooled_3",76.4820650109905,75.99,0.492065010990544,0.242127975041124
1990,5,"GA","ratio_unpooled_3",74.6675776042561,74.38,0.287577604256128,0.0827008784696944
1990,5,"HI","ratio_unpooled_3",79.2864516815332,78.73,0.556451681533147,0.309638473881067
1990,5,"ID","ratio_unpooled_3",78.0486382844112,77.6,0.448638284411174,0.201276310239402
1990,5,"IL","ratio_unpooled_3",75.7422057670085,75.31,0.432205767008469,0.186801825035379
1990,5,"IN","ratio_unpooled_3",76.1738282228322,75.54,0.63382822283215,0.401738216058562
1990,5,"IA","ratio_unpooled_3",78.3598422786599,77.61,0.749842278659912,0.562263442865889
1990,5,"KS","ratio_unpooled_3",77.709128636593,77.02,0.689128636592983,0.474898277772504
1990,5,"KY","ratio_unpooled_3",75.1265050262323,74.79,0.336505026232331,0.113235632679622
1990,5,"LA","ratio_unpooled_3",73.8441283522187,73.49,0.35412835221868,0.125406889845118
1990,5,"ME","ratio_unpooled_3",77.5531431649889,76.92,0.633143164988908,0.400870267372172
1990,5,"MD","ratio_unpooled_3",75.8003493540044,75.12,0.680349354004434,0.462875243494251
1990,5,"MA","ratio_unpooled_3",77.7232225395915,77.35,0.373222539591538,0.139295064059157
1990,5,"MI","ratio_unpooled_3",75.9015248631802,75.71,0.191524863180206,0.0366817732161965
1990,5,"MN","ratio_unpooled_3",78.805348442137,78,0.805348442136975,0.648586113252452
1990,5,"MS","ratio_unpooled_3",73.8893279223671,73.07,0.819327922367151,0.671298244370472
1990,5,"MO","ratio_unpooled_3",76.0485921382531,75.33,0.718592138253101,0.516374661159163
1990,5,"MT","ratio_unpooled_3",77.5180313030191,76.66,0.858031303019132,0.73621771696071
1990,5,"NE","ratio_unpooled_3",77.7103548309156,77.55,0.160354830915594,0.0257136717979687
1990,5,"NV","ratio_unpooled_3",75.621457247021,75.11,0.511457247021056,0.261588515530358
1990,5,"NH","ratio_unpooled_3",77.8904585793471,77.57,0.320458579347132,0.102693701077182
1990,5,"NJ","ratio_unpooled_3",76.2501367282067,75.99,0.260136728206746,0.0676711173621103
1990,5,"NM","ratio_unpooled_3",77.0089878500574,76.28,0.728987850057422,0.531423285531342
1990,5,"NY","ratio_unpooled_3",75.3531042118379,75.52,-0.166895788162108,0.0278542041062513
1990,5,"NC","ratio_unpooled_3",75.6219572091347,75.1,0.521957209134683,0.272439328167668
1990,5,"ND","ratio_unpooled_3",78.5211309170081,77.86,0.661130917008137,0.43709408942402
1990,5,"OH","ratio_unpooled_3",76.1357941636855,75.6,0.535794163685551,0.2870753858395
1990,5,"OK","ratio_unpooled_3",75.6152754727716,74.88,0.735275472771562,0.540630020859444
1990,5,"OR","ratio_unpooled_3",77.3414664038897,76.81,0.531466403889709,0.28245653846346
1990,5,"PA","ratio_unpooled_3",76.3429870886487,75.93,0.412987088648691,0.170558335390522
1990,5,"RI","ratio_unpooled_3",77.3174085416828,77.39,-0.0725914583172482,0.00526951982062479
1990,5,"SC","ratio_unpooled_3",74.7322398705114,74.12,0.612239870511445,0.374837659043871
1990,5,"SD","ratio_unpooled_3",78.0295904409205,77.19,0.839590440920475,0.704912108485037
1990,5,"TN","ratio_unpooled_3",74.9429183241685,74.33,0.612918324168504,0.375668872101527
1990,5,"TX","ratio_unpooled_3",75.9179004960753,75.88,0.0379004960752667,0.00143644760275131
1990,5,"UT","ratio_unpooled_3",78.9352659653277,78.17,0.765265965327714,0.585631997688958
1990,5,"VT","ratio_unpooled_3",77.6569799163369,77.2,0.456979916336877,0.208830643935259
1990,5,"VA","ratio_unpooled_3",76.3602645278558,75.94,0.420264527855764,0.176622273373828
1990,5,"WA","ratio_unpooled_3",77.7453384751556,77.45,0.295338475155646,0.0872248149072619
1990,5,"WV","ratio_unpooled_3",75.164639282428,74.8,0.364639282428044,0.132961806289639
1990,5,"WI","ratio_unpooled_3",77.7781035223736,77.42,0.358103522373625,0.128238132736397
1990,5,"WY","ratio_unpooled_3",77.3674673224006,76.28,1.0874673224006,1.18258517728913
1990,6,"USA","ratio_unpooled_3",76.4030323565291,76.2,0.203032356529064,0.0412221377977451
1990,6,"AL","ratio_unpooled_3",74.6809962263859,74,0.680996226385858,0.463755860351779
1990,6,"AK","ratio_unpooled_3",76.1941255972266,75.83,0.364125597226618,0.132587450555641
1990,6,"AZ","ratio_unpooled_3",77.4898430484752,76.61,0.879843048475166,0.774123789950074
1990,6,"AR","ratio_unpooled_3",75.0930373038884,74.82,0.273037303888387,0.0745493693146393
1990,6,"CA","ratio_unpooled_3",76.6651268974307,77.1,-0.434873102569341,0.189114615338285
1990,6,"CO","ratio_unpooled_3",78.417468550066,77.7,0.717468550065959,0.51476112033375
1990,6,"CT","ratio_unpooled_3",78.151382524545,77.57,0.581382524544978,0.338005639846292
1990,6,"DE","ratio_unpooled_3",75.9064444801007,75.74,0.166444480100722,0.0277037649559997
1990,6,"FL","ratio_unpooled_3",76.6480509850467,76.52,0.12805098504667,0.0163970547714225
1990,6,"GA","ratio_unpooled_3",74.8500305740982,74.63,0.220030574098203,0.0484134535379849
1990,6,"HI","ratio_unpooled_3",79.4964773424789,78.77,0.726477342478915,0.527769329135227
1990,6,"ID","ratio_unpooled_3",78.2372501308633,77.74,0.497250130863264,0.247257692643534
1990,6,"IL","ratio_unpooled_3",75.9090616760621,75.81,0.0990616760620924,0.00981321566423093
1990,6,"IN","ratio_unpooled_3",76.3274460904114,75.89,0.437446090411441,0.191359082016255
1990,6,"IA","ratio_unpooled_3",78.5363077461449,77.84,0.696307746144896,0.484844477341385
1990,6,"KS","ratio_unpooled_3",77.8654018859191,76.99,0.875401885919146,0.766328461870798
1990,6,"KY","ratio_unpooled_3",75.2707348928176,74.98,0.290734892817554,0.0845267779016344
1990,6,"LA","ratio_unpooled_3",73.9972200169382,73.77,0.22722001693819,0.0516289360973915
1990,6,"ME","ratio_unpooled_3",77.7591684099964,77.42,0.339168409996432,0.115035210339508
1990,6,"MD","ratio_unpooled_3",75.9903434485427,75.52,0.470343448542749,0.221222959587086
1990,6,"MA","ratio_unpooled_3",77.9106056053563,77.69,0.22060560535634,0.0486668331146373
1990,6,"MI","ratio_unpooled_3",76.0574995309296,76.02,0.037499530929594,0.00140621481993958
1990,6,"MN","ratio_unpooled_3",78.9944127745986,78.38,0.614412774598634,0.377503057589992
1990,6,"MS","ratio_unpooled_3",74.0530935837821,73.43,0.623093583782122,0.388245614150448
1990,6,"MO","ratio_unpooled_3",76.1996351711298,75.67,0.529635171129783,0.280513414497675
1990,6,"MT","ratio_unpooled_3",77.7414925965518,76.9,0.841492596551802,0.708109790051494
1990,6,"NE","ratio_unpooled_3",77.8671560008062,77.4,0.467156000806185,0.218234729089228
1990,6,"NV","ratio_unpooled_3",75.8307185693267,75.19,0.640718569326722,0.410520285080082
1990,6,"NH","ratio_unpooled_3",78.0913143757602,77.78,0.311314375760176,0.0969166405549482
1990,6,"NJ","ratio_unpooled_3",76.4207039709946,76.46,-0.0392960290053708,0.00154417789559094
1990,6,"NM","ratio_unpooled_3",77.2090476441526,76.68,0.529047644152584,0.279891409783399
1990,6,"NY","ratio_unpooled_3",75.5099879558939,76.19,-0.680012044106064,0.462416380129308
1990,6,"NC","ratio_unpooled_3",75.8115412958791,75.22,0.591541295879097,0.349921104730321
1990,6,"ND","ratio_unpooled_3",78.7068322176995,78.13,0.576832217699533,0.332735407376161
1990,6,"OH","ratio_unpooled_3",76.2979466694545,75.97,0.327946669454533,0.107549018006321
1990,6,"OK","ratio_unpooled_3",75.7364197990174,75.06,0.676419799017395,0.457543744502734
1990,6,"OR","ratio_unpooled_3",77.5217763065845,76.92,0.601776306584526,0.362134723166513
1990,6,"PA","ratio_unpooled_3",76.5309063248978,76.02,0.510906324897789,0.261025272820565
1990,6,"RI","ratio_unpooled_3",77.5022037340078,77.96,-0.457796265992158,0.209577421156363
1990,6,"SC","ratio_unpooled_3",74.9582472149958,74.25,0.708247214995808,0.501614117549318
1990,6,"SD","ratio_unpooled_3",78.2198495219354,77.51,0.709849521935382,0.503886343791891
1990,6,"TN","ratio_unpooled_3",75.0892075360814,74.68,0.409207536081396,0.167450807585807
1990,6,"TX","ratio_unpooled_3",76.0665012709626,76.04,0.0265012709626262,0.000702317362634536
1990,6,"UT","ratio_unpooled_3",79.1330929723684,78.49,0.643092972368422,0.413568571109651
1990,6,"VT","ratio_unpooled_3",77.854135527229,77.65,0.204135527229042,0.0416713134770788
1990,6,"VA","ratio_unpooled_3",76.5645930619658,76.14,0.42459306196578,0.180279268269477
1990,6,"WA","ratio_unpooled_3",77.933050318801,77.45,0.483050318801034,0.233337610493781
1990,6,"WV","ratio_unpooled_3",75.3215214265671,74.81,0.511521426567114,0.261654169837256
1990,6,"WI","ratio_unpooled_3",77.9565198927128,77.53,0.426519892712761,0.181919218879705
1990,6,"WY","ratio_unpooled_3",77.5663182589685,77.07,0.496318258968529,0.246331814185552
1990,7,"USA","ratio_unpooled_3",76.5730397379593,76.53,0.043039737959262,0.00185241904360194
1990,7,"AL","ratio_unpooled_3",74.8502420593958,74.29,0.560242059395748,0.313871165115988
1990,7,"AK","ratio_unpooled_3",76.3918658006948,76.24,0.151865800694836,0.0230632214206836
1990,7,"AZ","ratio_unpooled_3",77.7019250705921,77.02,0.681925070592115,0.465021801902061
1990,7,"AR","ratio_unpooled_3",75.2172929154523,74.43,0.787292915452326,0.619830134721424
1990,7,"CA","ratio_unpooled_3",76.809466085998,77.44,-0.630533914002001,0.397573016706683
1990,7,"CO","ratio_unpooled_3",78.6158229616051,78.04,0.575822961605098,0.331572083111666
1990,7,"CT","ratio_unpooled_3",78.3372788829962,77.92,0.417278882996243,0.174121666194592
1990,7,"DE","ratio_unpooled_3",76.0710133219202,76.16,-0.0889866780797774,0.00791862887567394
1990,7,"FL","ratio_unpooled_3",76.8140369591028,76.9,-0.0859630408972123,0.00738964440029579
1990,7,"GA","ratio_unpooled_3",75.0324835439403,75.04,-0.00751645605973295,5.64971116978961e-05
1990,7,"HI","ratio_unpooled_3",79.7065030034247,79.13,0.576503003424676,0.332355712957672
1990,7,"ID","ratio_unpooled_3",78.4258619773153,77.75,0.67586197731535,0.456789412380614
1990,7,"IL","ratio_unpooled_3",76.0759175851157,76.37,-0.294082414884286,0.0864844667441736
1990,7,"IN","ratio_unpooled_3",76.4810639579907,76.05,0.43106395799073,0.185816135878634
1990,7,"IA","ratio_unpooled_3",78.7127732136299,78.17,0.542773213629886,0.294602761434114
1990,7,"KS","ratio_unpooled_3",78.0216751352453,77.35,0.671675135245309,0.451147487306804
1990,7,"KY","ratio_unpooled_3",75.4149647594028,75.03,0.384964759402777,0.148197865982038
1990,7,"LA","ratio_unpooled_3",74.1503116816577,73.88,0.270311681657702,0.073068405240615
1990,7,"ME","ratio_unpooled_3",77.965193655004,77.4,0.565193655003952,0.319443867656727
1990,7,"MD","ratio_unpooled_3",76.180337543081,75.93,0.250337543081045,0.0626688854758541
1990,7,"MA","ratio_unpooled_3",78.0979886711211,78.07,0.0279886711211503,0.000783365711127915
1990,7,"MI","ratio_unpooled_3",76.213474198679,76.24,-0.0265258013210143,0.000703618135721926
1990,7,"MN","ratio_unpooled_3",79.1834771070603,78.76,0.423477107060279,0.179332860204143
1990,7,"MS","ratio_unpooled_3",74.2168592451971,73.38,0.836859245197118,0.70033339627189
1990,7,"MO","ratio_unpooled_3",76.3506782040065,75.77,0.580678204006475,0.337187176608185
1990,7,"MT","ratio_unpooled_3",77.9649538900845,77.08,0.884953890084489,0.78314338757567
1990,7,"NE","ratio_unpooled_3",78.0239571706968,77.7,0.323957170696787,0.104948248445867
1990,7,"NV","ratio_unpooled_3",76.0399798916324,75.76,0.279979891632379,0.0783887397184789
1990,7,"NH","ratio_unpooled_3",78.2921701721732,78,0.292170172173229,0.0853634095077343
1990,7,"NJ","ratio_unpooled_3",76.5912712137825,76.97,-0.378728786217494,0.143435493509776
1990,7,"NM","ratio_unpooled_3",77.4091074382478,76.92,0.489107438247757,0.239226086149283
1990,7,"NY","ratio_unpooled_3",75.66687169995,76.95,-1.28312830005002,1.64641823438926
1990,7,"NC","ratio_unpooled_3",76.0011253826235,75.66,0.341125382623517,0.116366526670041
1990,7,"ND","ratio_unpooled_3",78.8925335183909,78.44,0.452533518390922,0.204786585267267
1990,7,"OH","ratio_unpooled_3",76.4600991752235,76.18,0.280099175223512,0.0784555479608917
1990,7,"OK","ratio_unpooled_3",75.8575641252632,74.96,0.897564125263244,0.805621358959573
1990,7,"OR","ratio_unpooled_3",77.7020862092793,77.33,0.372086209279345,0.138448147135873
1990,7,"PA","ratio_unpooled_3",76.7188255611469,76.27,0.448825561146876,0.201444384338808
1990,7,"RI","ratio_unpooled_3",77.6869989263329,77.53,0.156998926332918,0.0246486628696889
1990,7,"SC","ratio_unpooled_3",75.1842545594802,74.77,0.41425455948017,0.17160684005011
1990,7,"SD","ratio_unpooled_3",78.4101086029503,77.67,0.740108602950301,0.547760744161046
1990,7,"TN","ratio_unpooled_3",75.2354967479943,74.68,0.555496747994297,0.30857663703224
1990,7,"TX","ratio_unpooled_3",76.21510204585,76.2,0.01510204585,0.000228071788855501
1990,7,"UT","ratio_unpooled_3",79.3309199794091,78.4,0.930919979409111,0.86661200806306
1990,7,"VT","ratio_unpooled_3",78.0512911381212,77.78,0.271291138121214,0.0735988816231035
1990,7,"VA","ratio_unpooled_3",76.7689215960758,76.4,0.368921596075793,0.136103144051111
1990,7,"WA","ratio_unpooled_3",78.1207621624464,77.93,0.190762162446418,0.0363902026212337
1990,7,"WV","ratio_unpooled_3",75.4784035707062,74.73,0.748403570706188,0.560107904645772
1990,7,"WI","ratio_unpooled_3",78.1349362630519,77.89,0.244936263051898,0.0599937729578284
1990,7,"WY","ratio_unpooled_3",77.7651691955364,76.97,0.795169195536445,0.632294049530078
1990,8,"USA","ratio_unpooled_3",76.7430471193895,76.69,0.0530471193894613,0.00281399687551976
1990,8,"AL","ratio_unpooled_3",75.0194878924056,74.29,0.729487892405643,0.532152585166427
1990,8,"AK","ratio_unpooled_3",76.589606004163,76.8,-0.210393995836952,0.0442656334842395
1990,8,"AZ","ratio_unpooled_3",77.914007092709,77.05,0.864007092709059,0.746508256251561
1990,8,"AR","ratio_unpooled_3",75.3415485270163,74.84,0.501548527016283,0.251550924952203
1990,8,"CA","ratio_unpooled_3",76.9538052745653,77.64,-0.68619472543466,0.470863201214349
1990,8,"CO","ratio_unpooled_3",78.8141773731442,77.98,0.834177373144243,0.69585188986583
1990,8,"CT","ratio_unpooled_3",78.5231752414475,78.03,0.493175241447517,0.243221818776817
1990,8,"DE","ratio_unpooled_3",76.2355821637397,76.34,-0.104417836260282,0.0109030845292791
1990,8,"FL","ratio_unpooled_3",76.9800229331589,76.99,-0.00997706684107413,9.9541862751261e-05
1990,8,"GA","ratio_unpooled_3",75.2149365137823,75.16,0.0549365137823514,0.00301802054655849
1990,8,"HI","ratio_unpooled_3",79.9165286643704,79.25,0.666528664370432,0.444260460427432
1990,8,"ID","ratio_unpooled_3",78.6144738237674,77.88,0.734473823767445,0.539451797799572
1990,8,"IL","ratio_unpooled_3",76.2427734941693,76.4,-0.157226505830664,0.0247201741357199
1990,8,"IN","ratio_unpooled_3",76.63468182557,76.17,0.464681825570011,0.215929199015078
1990,8,"IA","ratio_unpooled_3",78.8892386811149,78.1,0.789238681114881,0.622897695767957
1990,8,"KS","ratio_unpooled_3",78.1779483845715,77.34,0.837948384571462,0.702157495205922
1990,8,"KY","ratio_unpooled_3",75.559194625988,75.28,0.279194625987998,0.077949639180578
1990,8,"LA","ratio_unpooled_3",74.3034033463772,74.04,0.263403346377203,0.0693813228827087
1990,8,"ME","ratio_unpooled_3",78.1712189000115,77.38,0.791218900011486,0.626027347735387
1990,8,"MD","ratio_unpooled_3",76.3703316376194,76.13,0.240331637619363,0.0577592960408048
1990,8,"MA","ratio_unpooled_3",78.285371736886,78.16,0.125371736885953,0.0157180724098005
1990,8,"MI","ratio_unpooled_3",76.3694488664284,76.24,0.129448866428376,0.0167570090195916
1990,8,"MN","ratio_unpooled_3",79.3725414395219,78.86,0.512541439521939,0.262698727227222
1990,8,"MS","ratio_unpooled_3",74.3806249066121,73.43,0.950624906612092,0.903687713071248
1990,8,"MO","ratio_unpooled_3",76.5017212368832,75.82,0.681721236883163,0.46474384481751
1990,8,"MT","ratio_unpooled_3",78.1884151836172,77.23,0.958415183617163,0.91855966418792
1990,8,"NE","ratio_unpooled_3",78.1807583405874,77.89,0.290758340587388,0.0845404126211315
1990,8,"NV","ratio_unpooled_3",76.249241213938,75.54,0.709241213938043,0.503023099548309
1990,8,"NH","ratio_unpooled_3",78.4930259685863,78.1,0.393025968586286,0.154469411983189
1990,8,"NJ","ratio_unpooled_3",76.7618384565704,77.38,-0.618161543429608,0.382123693775275
1990,8,"NM","ratio_unpooled_3",77.6091672323429,77.07,0.539167232342933,0.290701304432339
1990,8,"NY","ratio_unpooled_3",75.823755444006,77.4,-1.57624455599398,2.48454690030066
1990,8,"NC","ratio_unpooled_3",76.1907094693679,75.66,0.530709469367935,0.281652540876795
1990,8,"ND","ratio_unpooled_3",79.0782348190823,78.22,0.858234819082313,0.73656700468525
1990,8,"OH","ratio_unpooled_3",76.6222516809925,76.29,0.332251680992499,0.110391179522341
1990,8,"OK","ratio_unpooled_3",75.9787084515091,75.15,0.828708451509073,0.686757697602565
1990,8,"OR","ratio_unpooled_3",77.8823961119742,77.32,0.562396111974167,0.316289386763659
1990,8,"PA","ratio_unpooled_3",76.906744797396,76.73,0.176744797395955,0.0312387234065371
1990,8,"RI","ratio_unpooled_3",77.871794118658,77.95,-0.0782058813420008,0.00611615987647911
1990,8,"SC","ratio_unpooled_3",75.4102619039645,74.78,0.630261903964524,0.397230067588986
1990,8,"SD","ratio_unpooled_3",78.6003676839652,77.46,1.14036768396522,1.30043845463221
1990,8,"TN","ratio_unpooled_3",75.3817859599072,74.8,0.581785959907208,0.338474903145151
1990,8,"TX","ratio_unpooled_3",76.3637028207374,76.51,-0.146297179262632,0.0214028646602027
1990,8,"UT","ratio_unpooled_3",79.5287469864498,78.42,1.10874698644982,1.22931987996155
1990,8,"VT","ratio_unpooled_3",78.2484467490134,78.07,0.178446749013389,0.0318432422334475
1990,8,"VA","ratio_unpooled_3",76.9732501301858,76.62,0.353250130185813,0.124785654476294
1990,8,"WA","ratio_unpooled_3",78.3084740060918,77.98,0.32847400609181,0.107895172678002
1990,8,"WV","ratio_unpooled_3",75.6352857148453,74.84,0.795285714845264,0.632479368236942
1990,8,"WI","ratio_unpooled_3",78.313352633391,77.75,0.563352633391034,0.317366189548613
1990,8,"WY","ratio_unpooled_3",77.9640201321044,76.81,1.15402013210436,1.33176246530217
1990,9,"USA","ratio_unpooled_3",76.9130545008197,76.68,0.233054500819648,0.0543144003522953
1990,9,"AL","ratio_unpooled_3",75.1887337254155,74.26,0.92873372541554,0.862546332724228
1990,9,"AK","ratio_unpooled_3",76.7873462076313,76.61,0.17734620763126,0.0314516773611899
1990,9,"AZ","ratio_unpooled_3",78.126089114826,76.99,1.13608911482601,1.29069847682614
1990,9,"AR","ratio_unpooled_3",75.4658041385802,74.95,0.515804138580236,0.2660539093765
1990,9,"CA","ratio_unpooled_3",77.0981444631327,77.87,-0.771855536867321,0.59576096979274
1990,9,"CO","ratio_unpooled_3",79.0125317846834,78.11,0.90253178468339,0.814563622363785
1990,9,"CT","ratio_unpooled_3",78.7090715998988,78.44,0.269071599898794,0.0723995258720967
1990,9,"DE","ratio_unpooled_3",76.4001510055592,76.68,-0.279848994440783,0.0783154596895176
1990,9,"FL","ratio_unpooled_3",77.146008907215,76.91,0.236008907215052,0.0557002042848428
1990,9,"GA","ratio_unpooled_3",75.3973894836244,75.18,0.217389483624416,0.0472581875904902
1990,9,"HI","ratio_unpooled_3",80.1265543253162,79.35,0.776554325316198,0.603036620167295
1990,9,"ID","ratio_unpooled_3",78.8030856702195,77.77,1.03308567021953,1.06726600201295
1990,9,"IL","ratio_unpooled_3",76.409629403223,76.23,0.179629403222961,0.0322667225022371
1990,9,"IN","ratio_unpooled_3",76.7882996931493,75.98,0.808299693149294,0.653348393945243
1990,9,"IA","ratio_unpooled_3",79.0657041485999,78.21,0.85570414859987,0.732229589931028
1990,9,"KS","ratio_unpooled_3",78.3342216338976,77.25,1.08422163389763,1.17553655141164
1990,9,"KY","ratio_unpooled_3",75.7034244925732,75.09,0.613424492573216,0.376289608088708
1990,9,"LA","ratio_unpooled_3",74.4564950110967,74.04,0.416495011096714,0.173468094268452
1990,9,"ME","ratio_unpooled_3",78.377244145019,77.56,0.817244145019004,0.667887992567842
1990,9,"MD","ratio_unpooled_3",76.5603257321577,76.12,0.44032573215766,0.19388675040018
1990,9,"MA","ratio_unpooled_3",78.4727548026508,78.25,0.222754802650755,0.0496197021039767
1990,9,"MI","ratio_unpooled_3",76.5254235341778,76.14,0.385423534177761,0.148551300698076
1990,9,"MN","ratio_unpooled_3",79.5616057719836,78.69,0.871605771983596,0.75969662175512
1990,9,"MS","ratio_unpooled_3",74.5443905680271,73.44,1.10439056802709,1.21967852674719
1990,9,"MO","ratio_unpooled_3",76.6527642697598,75.77,0.882764269759846,0.779272755964635
1990,9,"MT","ratio_unpooled_3",78.4118764771498,77.16,1.25187647714985,1.56719471404112
1990,9,"NE","ratio_unpooled_3",78.337559510478,77.72,0.617559510477989,0.381379748981813
1990,9,"NV","ratio_unpooled_3",76.4585025362437,75.65,0.808502536243708,0.653676351112508
1990,9,"NH","ratio_unpooled_3",78.6938817649993,78.31,0.38388176499933,0.147365209499001
1990,9,"NJ","ratio_unpooled_3",76.9324056993583,77.24,-0.307594300641725,0.0946142537872718
1990,9,"NM","ratio_unpooled_3",77.8092270264381,76.71,1.0992270264381,1.20830005565195
1990,9,"NY","ratio_unpooled_3",75.9806391880621,77.34,-1.35936081193793,1.84786181703256
1990,9,"NC","ratio_unpooled_3",76.3802935561123,75.7,0.680293556112346,0.462799322487982
1990,9,"ND","ratio_unpooled_3",79.2639361197737,78.21,1.05393611977371,1.11078134456366
1990,9,"OH","ratio_unpooled_3",76.7844041867615,76.15,0.634404186761486,0.402468672180503
1990,9,"OK","ratio_unpooled_3",76.0998527777549,75.02,1.07985277775492,1.16608202162502
1990,9,"OR","ratio_unpooled_3",78.062706014669,77.64,0.422706014668975,0.178680374837328
1990,9,"PA","ratio_unpooled_3",77.094664033645,76.53,0.564664033645045,0.318845470892292
1990,9,"RI","ratio_unpooled_3",78.0565893109831,78.16,-0.103410689016911,0.0106937706029523
1990,9,"SC","ratio_unpooled_3",75.6362692484489,74.62,1.01626924844888,1.03280318534285
1990,9,"SD","ratio_unpooled_3",78.7906267649801,77.65,1.14062676498013,1.30102941698903
1990,9,"TN","ratio_unpooled_3",75.5280751718201,74.96,0.568075171820112,0.32270940083845
1990,9,"TX","ratio_unpooled_3",76.5123035956247,76.52,-0.00769640437525254,5.92346403074065e-05
1990,9,"UT","ratio_unpooled_3",79.7265739934905,78.51,1.21657399349051,1.48005228163746
1990,9,"VT","ratio_unpooled_3",78.4456023599055,78.11,0.33560235990555,0.112628943974175
1990,9,"VA","ratio_unpooled_3",77.1775786642958,76.71,0.467578664295843,0.218629807304684
1990,9,"WA","ratio_unpooled_3",78.4961858497372,77.99,0.506185849737207,0.256224114474178
1990,9,"WV","ratio_unpooled_3",75.7921678589843,74.96,0.832167858984349,0.692503345526595
1990,9,"WI","ratio_unpooled_3",78.4917690037302,77.8,0.691769003730172,0.478544354521835
1990,9,"WY","ratio_unpooled_3",78.1628710686723,76.54,1.62287106867228,2.63371050553351
1990,10,"USA","ratio_unpooled_3",77.0830618822499,76.8,0.283061882249854,0.08012402918283
1990,10,"AL","ratio_unpooled_3",75.3579795584254,74.42,0.93797955842544,0.879805652023983
1990,10,"AK","ratio_unpooled_3",76.9850864110995,76.14,0.845086411099473,0.714171042224987
1990,10,"AZ","ratio_unpooled_3",78.338171136943,77.13,1.20817113694295,1.45967749614202
1990,10,"AR","ratio_unpooled_3",75.5900597501442,74.78,0.810059750144191,0.656196798803669
1990,10,"CA","ratio_unpooled_3",77.2424836517,78.09,-0.847516348299976,0.718283960635726
1990,10,"CO","ratio_unpooled_3",79.2108861962225,78.36,0.850886196222532,0.72400731892205
1990,10,"CT","ratio_unpooled_3",78.8949679583501,78.25,0.644967958350065,0.415983667298252
1990,10,"DE","ratio_unpooled_3",76.5647198473787,76.38,0.18471984737873,0.0341214220156214
1990,10,"FL","ratio_unpooled_3",77.3119948812712,76.97,0.341994881271177,0.116960498815686
1990,10,"GA","ratio_unpooled_3",75.5798424534665,75.1,0.479842453466503,0.230248780148753
1990,10,"HI","ratio_unpooled_3",80.336579986262,79.51,0.826579986261947,0.683234473688801
1990,10,"ID","ratio_unpooled_3",78.9916975166716,78.08,0.911697516671623,0.831192361905204
1990,10,"IL","ratio_unpooled_3",76.5764853122766,76.55,0.0264853122765913,0.00070147176638856
1990,10,"IN","ratio_unpooled_3",76.9419175607286,76.02,0.921917560728588,0.849931988779749
1990,10,"IA","ratio_unpooled_3",79.2421696160849,78.33,0.912169616084853,0.832053408508388
1990,10,"KS","ratio_unpooled_3",78.4904948832238,77.42,1.07049488322379,1.14595929500831
1990,10,"KY","ratio_unpooled_3",75.8476543591584,75.08,0.767654359158442,0.589293215134958
1990,10,"LA","ratio_unpooled_3",74.6095866758162,74.09,0.519586675816228,0.269970313685758
1990,10,"ME","ratio_unpooled_3",78.5832693900265,77.59,0.993269390026526,0.986584081163668
1990,10,"MD","ratio_unpooled_3",76.750319826696,76.22,0.530319826695973,0.281239118586846
1990,10,"MA","ratio_unpooled_3",78.6601378684156,78.22,0.440137868415562,0.193721343213394
1990,10,"MI","ratio_unpooled_3",76.6813982019272,76.35,0.331398201927158,0.109824768240553
1990,10,"MN","ratio_unpooled_3",79.7506701044452,79.02,0.730670104445252,0.533878801530036
1990,10,"MS","ratio_unpooled_3",74.7081562294421,73.39,1.31815622944207,1.73753584521693
1990,10,"MO","ratio_unpooled_3",76.8038073026365,76.08,0.72380730263653,0.523897011349969
1990,10,"MT","ratio_unpooled_3",78.6353377706825,77.29,1.34533777068252,1.80993371722501
1990,10,"NE","ratio_unpooled_3",78.4943606803686,78.28,0.214360680368586,0.0459505012880829
1990,10,"NV","ratio_unpooled_3",76.6677638585494,75.94,0.72776385854938,0.529640233810683
1990,10,"NH","ratio_unpooled_3",78.8947375614124,78.51,0.384737561412379,0.148022991161544
1990,10,"NJ","ratio_unpooled_3",77.1029729421462,77.32,-0.217027057853841,0.0471007438406943
1990,10,"NM","ratio_unpooled_3",78.0092868205333,77.13,0.879286820533267,0.773145312763501
1990,10,"NY","ratio_unpooled_3",76.1375229321181,77.63,-1.49247706788188,2.22748779815329
1990,10,"NC","ratio_unpooled_3",76.5698776428568,75.6,0.969877642856773,0.940662642113409
1990,10,"ND","ratio_unpooled_3",79.4496374204651,78.77,0.679637420465099,0.461907023296454
1990,10,"OH","ratio_unpooled_3",76.9465566925305,76.33,0.61655669253048,0.380142155104125
1990,10,"OK","ratio_unpooled_3",76.2209971040008,75.03,1.19099710400076,1.41847410173819
1990,10,"OR","ratio_unpooled_3",78.2430159173638,77.83,0.413015917363794,0.170582147995856
1990,10,"PA","ratio_unpooled_3",77.2825832698941,76.65,0.632583269894127,0.400161593349946
1990,10,"RI","ratio_unpooled_3",78.2413845033082,77.97,0.27138450330817,0.073649548635822
1990,10,"SC","ratio_unpooled_3",75.8622765929332,74.74,1.12227659293325,1.25950475104586
1990,10,"SD","ratio_unpooled_3",78.980885845995,77.98,1.00088584599504,1.00177247671321
1990,10,"TN","ratio_unpooled_3",75.674364383733,74.71,0.964364383733013,0.929998664612754
1990,10,"TX","ratio_unpooled_3",76.6609043705121,76.52,0.140904370512118,0.0198540416294162
1990,10,"UT","ratio_unpooled_3",79.9244010005312,78.6,1.32440100053122,1.75403801020811
1990,10,"VT","ratio_unpooled_3",78.6427579707977,78.19,0.45275797079772,0.204989780120869
1990,10,"VA","ratio_unpooled_3",77.3819071984059,76.77,0.611907198405859,0.374430419460908
1990,10,"WA","ratio_unpooled_3",78.6838976933826,78.19,0.493897693382593,0.243934931528646
1990,10,"WV","ratio_unpooled_3",75.9490500031234,74.88,1.06905000312342,1.14286790917819
1990,10,"WI","ratio_unpooled_3",78.6701853740693,77.97,0.700185374069306,0.490259558060575
1990,10,"WY","ratio_unpooled_3",78.3617220052402,77.1,1.26172200524022,1.59194241850739
1990,1,"USA","pooled_3",75.5537069905419,75.54,0.0137069905418628,0.000187881589714715
1990,1,"AL","pooled_3",73.8352071346258,73.64,0.195207134625846,0.0381058254088333
1990,1,"AK","pooled_3",75.2327475016696,75.42,-0.187252498330437,0.0350634981309904
1990,1,"AZ","pooled_3",76.4289964866968,76.37,0.0589964866968273,0.00348058544256892
1990,1,"AR","pooled_3",74.4711872872411,74.3,0.171187287241096,0.0293050873129657
1990,1,"CA","pooled_3",75.944993660935,76.07,-0.125006339064967,0.0156265848064255
1990,1,"CO","pooled_3",77.4252155263788,77.01,0.415215526378759,0.17240393334599
1990,1,"CT","pooled_3",77.2431984645986,77.19,0.0531984645985943,0.0028300766356479
1990,1,"DE","pooled_3",75.0560616300962,75.1,-0.043938369903799,0.00193058034980307
1990,1,"FL","pooled_3",75.8173184459715,75.96,-0.142681554028499,0.0203580258599875
1990,1,"GA","pooled_3",73.9341913423551,73.99,-0.055808657644846,0.00311460626811963
1990,1,"HI","pooled_3",78.455029396858,78.66,-0.204970603141959,0.0420129481523784
1990,1,"ID","pooled_3",77.3138298777097,77.19,0.123829877709667,0.0153338386135912
1990,1,"IL","pooled_3",75.0757314174255,74.95,0.125731417425484,0.0158083893278214
1990,1,"IN","pooled_3",75.5593474811545,75.45,0.109347481154515,0.011956871634837
1990,1,"IA","pooled_3",77.6638093405187,77.35,0.313809340518688,0.0984763021967738
1990,1,"KS","pooled_3",77.0914850162383,76.73,0.361485016238319,0.130671416964818
1990,1,"KY","pooled_3",74.5519607500004,74.46,0.0919607500004105,0.008456779540638
1990,1,"LA","pooled_3",73.2324038600172,73.1,0.132403860017163,0.0175307821474446
1990,1,"ME","pooled_3",76.7273519124833,76.59,0.137351912483268,0.0188655478628114
1990,1,"MD","pooled_3",75.0410638285213,75.14,-0.0989361714786696,0.00978836602685672
1990,1,"MA","pooled_3",76.9664639095373,77.04,-0.0735360904626674,0.0054075566005336
1990,1,"MI","pooled_3",75.2809385207403,75.18,0.100938520740257,0.0101885849692314
1990,1,"MN","pooled_3",78.0465708092612,77.87,0.176570809261236,0.0311772506831677
1990,1,"MS","pooled_3",73.2362286142026,73.07,0.166228614202637,0.0276319521797293
1990,1,"MO","pooled_3",75.4442616079533,75.25,0.194261607953337,0.0377375723246158
1990,1,"MT","pooled_3",76.6289360237324,76.47,0.15893602373238,0.0252606596398597
1990,1,"NE","pooled_3",77.078737621171,77.17,-0.0912623788289579,0.00832882178952023
1990,1,"NV","pooled_3",74.7908874752774,74.53,0.260887475277428,0.0680622747566308
1990,1,"NH","pooled_3",77.0899854477753,77.24,-0.15001455222469,0.0225043658791741
1990,1,"NJ","pooled_3",75.5734894179879,75.64,-0.0665105820121425,0.00442365751959394
1990,1,"NM","pooled_3",76.2071703054405,75.83,0.377170305440529,0.142257439306102
1990,1,"NY","pooled_3",74.7274103373997,74.82,-0.0925896626002753,0.00857284562043283
1990,1,"NC","pooled_3",74.8607416508027,74.76,0.100741650802703,0.0101488802064538
1990,1,"ND","pooled_3",77.7892651256084,77.83,-0.0407348743916032,0.00165932999169969
1990,1,"OH","pooled_3",75.4866592562456,75.39,0.096659256245573,0.00934301181794735
1990,1,"OK","pooled_3",75.1277892386264,75.1,0.027789238626454,0.000772241783438003
1990,1,"OR","pooled_3",76.6279572162718,76.91,-0.282042783728201,0.0795481318531528
1990,1,"PA","pooled_3",75.5927654243435,75.61,-0.0172345756565022,0.000297030598059699
1990,1,"RI","pooled_3",76.5779249849572,76.87,-0.292075015042784,0.0853078144122422
1990,1,"SC","pooled_3",73.8237662887784,73.88,-0.0562337112216085,0.00316223027775525
1990,1,"SD","pooled_3",77.2518989278196,77.01,0.241898927819605,0.0585150912802745
1990,1,"TN","pooled_3",74.3576941609495,74.5,-0.142305839050493,0.0202509518278649
1990,1,"TX","pooled_3",75.3234344584644,75.38,-0.0565655415356332,0.00319966048921944
1990,1,"UT","pooled_3",78.148288655194,77.94,0.208288655193996,0.0433841638825235
1990,1,"VT","pooled_3",76.8674336577415,77.25,-0.382566342258471,0.146357006229026
1990,1,"VA","pooled_3",75.5427315818372,75.4,0.142731581837154,0.0203723044537362
1990,1,"WA","pooled_3",76.9937472842975,77.17,-0.176252715702489,0.0310650197925025
1990,1,"WV","pooled_3",74.5404377927939,74.21,0.330437792793887,0.109189134906496
1990,1,"WI","pooled_3",77.0616584726235,77.04,0.0216584726234998,0.000469089436382892
1990,1,"WY","pooled_3",76.5683289122468,76.67,-0.101671087753246,0.0103370100849283
1990,2,"USA","pooled_3",75.7243045462786,75.8,-0.0756954537213943,0.00572980171408775
1990,2,"AL","pooled_3",74.0044614205463,74.2,-0.195538579453654,0.0382353360547529
1990,2,"AK","pooled_3",75.4313307862462,75.39,0.0413307862461778,0.00170823389172724
1990,2,"AZ","pooled_3",76.6411092394256,76.32,0.321109239425596,0.103111143644485
1990,2,"AR","pooled_3",74.595474894685,74.6,-0.00452510531498262,2.0476578111684e-05
1990,2,"CA","pooled_3",76.0895200206962,76.32,-0.230479979303809,0.053121020859884
1990,2,"CO","pooled_3",77.6235175533435,77.53,0.0935175533434744,0.00874553278334959
1990,2,"CT","pooled_3",77.4297897073015,77.32,0.109789707301488,0.0120537798293463
1990,2,"DE","pooled_3",75.2200968770814,75.49,-0.269903122918606,0.0728476957612162
1990,2,"FL","pooled_3",75.9832060085034,76.16,-0.176793991496638,0.0312561154293132
1990,2,"GA","pooled_3",74.1166894965646,74.35,-0.233310503435419,0.0544337910132887
1990,2,"HI","pooled_3",78.6649680293005,78.74,-0.075031970699456,0.00562979662704402
1990,2,"ID","pooled_3",77.503003800684,77.36,0.143003800684042,0.0204500870100812
1990,2,"IL","pooled_3",75.2424751086992,75.41,-0.167524891300758,0.0280645892053307
1990,2,"IN","pooled_3",75.713015435557,75.79,-0.0769845644430518,0.0059266231624864
1990,2,"IA","pooled_3",77.8406556508469,77.87,-0.0293443491531065,0.00086109082721942
1990,2,"KS","pooled_3",77.2478848048168,77.22,0.0278848048168072,0.000777562339671435
1990,2,"KY","pooled_3",74.6963249856174,74.84,-0.143675014382623,0.020642509757847
1990,2,"LA","pooled_3",73.3855278571106,73.52,-0.134472142889351,0.018082757213254
1990,2,"ME","pooled_3",76.9334875409619,77.01,-0.0765124590381276,0.00585415638806116
1990,2,"MD","pooled_3",75.2311332523217,75.25,-0.0188667476782598,0.000355954167955122
1990,2,"MA","pooled_3",77.1535119549246,76.95,0.203511954924579,0.041417115797224
1990,2,"MI","pooled_3",75.4369267683204,75.59,-0.153073231679613,0.0234314142568406
1990,2,"MN","pooled_3",78.2356398555757,78.15,0.0856398555757067,0.00733418486302791
1990,2,"MS","pooled_3",73.4000371981471,73.22,0.180037198147105,0.0324133927166598
1990,2,"MO","pooled_3",75.5953534801744,75.51,0.0853534801743621,0.00728521657787522
1990,2,"MT","pooled_3",76.8528800597713,76.63,0.222880059771342,0.0496755210436768
1990,2,"NE","pooled_3",77.2358390667285,77.48,-0.244160933271544,0.0596145613360316
1990,2,"NV","pooled_3",75.0001826525483,75.13,-0.129817347451734,0.0168525436994043
1990,2,"NH","pooled_3",77.2910427885313,77.59,-0.298957211468661,0.0893754142891177
1990,2,"NJ","pooled_3",75.7440570997041,75.79,-0.0459429002958984,0.00211075008759886
1990,2,"NM","pooled_3",76.40725179841,76.38,0.027251798409992,0.000742660516578844
1990,2,"NY","pooled_3",74.884273921687,75.1,-0.215726078313011,0.0465377408643115
1990,2,"NC","pooled_3",75.0500775192948,75,0.0500775192947884,0.00250775793871991
1990,2,"ND","pooled_3",77.9754796913376,77.95,0.0254796913376225,0.000649214670660516
1990,2,"OH","pooled_3",75.6486120474313,75.73,-0.0813879525686616,0.00662399882331871
1990,2,"OK","pooled_3",75.2488378808537,75.25,-0.00116211914631492,1.35052091023172e-06
1990,2,"OR","pooled_3",76.8085073916712,76.99,-0.181492608328796,0.0329395668779897
1990,2,"PA","pooled_3",75.7806183358084,75.73,0.0506183358084229,0.00256221592001427
1990,2,"RI","pooled_3",76.7626585235626,77.01,-0.247341476437398,0.0611778059662321
1990,2,"SC","pooled_3",74.0496599308413,74.09,-0.0403400691586882,0.00162732117972774
1990,2,"SD","pooled_3",77.4417909909428,76.93,0.511790990942814,0.261930018410227
1990,2,"TN","pooled_3",74.5040768037019,74.74,-0.23592319629806,0.055659754551493
1990,2,"TX","pooled_3",75.4719626198111,75.53,-0.0580373801888783,0.0033683374991884
1990,2,"UT","pooled_3",78.3460928717054,78.27,0.076092871705427,0.00579012512437857
1990,2,"VT","pooled_3",77.0646706376087,76.85,0.214670637608691,0.046083482651322
1990,2,"VA","pooled_3",75.7471262914315,75.79,-0.0428737085685356,0.00183815488641972
1990,2,"WA","pooled_3",77.1815157703354,77.19,-0.00848422966457463,7.19821530012481e-05
1990,2,"WV","pooled_3",74.6973952853087,74.45,0.24739528530867,0.0612044271929583
1990,2,"WI","pooled_3",77.2399776802667,77.57,-0.33002231973326,0.108914731522122
1990,2,"WY","pooled_3",76.7671686225341,76.44,0.327168622534089,0.107039307570853
1990,3,"USA","pooled_3",75.8949021020153,75.59,0.304902102015333,0.0929652918133687
1990,3,"AL","pooled_3",74.1737157064669,73.83,0.343715706466853,0.118140486872008
1990,3,"AK","pooled_3",75.6299140708228,75.54,0.0899140708227861,0.008084540131925
1990,3,"AZ","pooled_3",76.8532219921543,76.07,0.783221992154353,0.613436688994233
1990,3,"AR","pooled_3",74.7197625021289,74.17,0.549762502128928,0.30223880874706
1990,3,"CA","pooled_3",76.2340463804573,76.25,-0.0159536195426568,0.000254517976511842
1990,3,"CO","pooled_3",77.8218195803082,77.27,0.551819580308191,0.304504849211508
1990,3,"CT","pooled_3",77.6163809500044,77.08,0.536380950004371,0.287704523527592
1990,3,"DE","pooled_3",75.3841321240666,75.42,-0.0358678759334197,0.00128650452397519
1990,3,"FL","pooled_3",76.1490935710352,75.88,0.269093571035228,0.0724113499724912
1990,3,"GA","pooled_3",74.299187650774,74.06,0.239187650773999,0.0572107322827847
1990,3,"HI","pooled_3",78.874906661743,78.62,0.254906661743036,0.0649774062009783
1990,3,"ID","pooled_3",77.6921777236584,77.17,0.522177723658416,0.272669575085085
1990,3,"IL","pooled_3",75.409218799973,75.08,0.329218799972992,0.108385018255657
1990,3,"IN","pooled_3",75.8666833899594,75.51,0.356683389959386,0.127223040672919
1990,3,"IA","pooled_3",78.0175019611751,77.58,0.437501961175116,0.191407966032072
1990,3,"KS","pooled_3",77.4042845933953,76.79,0.614284593395283,0.377345561682808
1990,3,"KY","pooled_3",74.8406892212344,74.52,0.32068922123436,0.102841576615901
1990,3,"LA","pooled_3",73.5386518542041,73.02,0.518651854204137,0.268999745869389
1990,3,"ME","pooled_3",77.1396231694405,76.68,0.459623169440476,0.211253457886509
1990,3,"MD","pooled_3",75.4212026761221,75.04,0.381202676122143,0.145315480282684
1990,3,"MA","pooled_3",77.3405600003118,76.88,0.46056000031183,0.212115513887233
1990,3,"MI","pooled_3",75.5929150159005,75.35,0.242915015900522,0.0590077049499508
1990,3,"MN","pooled_3",78.4247089018902,78,0.424708901890185,0.180377651344766
1990,3,"MS","pooled_3",73.5638457820916,72.95,0.613845782091573,0.376806644191615
1990,3,"MO","pooled_3",75.7464453523954,75.18,0.566445352395391,0.320860337250339
1990,3,"MT","pooled_3",77.0768240958103,76.41,0.666824095810298,0.444654374753222
1990,3,"NE","pooled_3",77.3929405122859,77.14,0.252940512285875,0.0639789027554408
1990,3,"NV","pooled_3",75.2094778298191,74.9,0.309477829819087,0.095776527149532
1990,3,"NH","pooled_3",77.4921001292874,77.53,-0.0378998707126215,0.00143640020003342
1990,3,"NJ","pooled_3",75.9146247814204,75.71,0.204624781420364,0.0418713011713317
1990,3,"NM","pooled_3",76.6073332913794,76.14,0.467333291379447,0.218400405231547
1990,3,"NY","pooled_3",75.0411375059742,74.97,0.0711375059742494,0.00506054475623637
1990,3,"NC","pooled_3",75.2394133877869,74.79,0.449413387786862,0.201972393122064
1990,3,"ND","pooled_3",78.1616942570669,77.95,0.211694257066853,0.0448144584750867
1990,3,"OH","pooled_3",75.8105648386171,75.62,0.190564838617107,0.0363149577171639
1990,3,"OK","pooled_3",75.3698865230809,74.71,0.659886523080928,0.435450223343836
1990,3,"OR","pooled_3",76.9890575670706,76.53,0.459057567070602,0.21073384988478
1990,3,"PA","pooled_3",75.9684712472734,75.64,0.328471247273356,0.107893360285314
1990,3,"RI","pooled_3",76.947392062168,76.69,0.257392062167995,0.0662506736670928
1990,3,"SC","pooled_3",74.2755535729042,73.92,0.355553572904242,0.126418343204972
1990,3,"SD","pooled_3",77.631683054066,76.86,0.771683054066031,0.595494735932677
1990,3,"TN","pooled_3",74.6504594464544,74.34,0.31045944645436,0.0963850678927473
1990,3,"TX","pooled_3",75.6204907811579,75.44,0.180490781157886,0.0325769220829838
1990,3,"UT","pooled_3",78.5438970882169,77.92,0.62389708821685,0.389247576685464
1990,3,"VT","pooled_3",77.2619076174758,76.63,0.631907617475846,0.399307237024001
1990,3,"VA","pooled_3",75.9515210010258,75.63,0.321521001025786,0.103375754100624
1990,3,"WA","pooled_3",77.3692842563733,76.96,0.40928425637334,0.167513602515078
1990,3,"WV","pooled_3",74.8543527778235,74.3,0.554352777823468,0.307307002280595
1990,3,"WI","pooled_3",77.41829688791,77.12,0.298296887909956,0.0889810333367648
1990,3,"WY","pooled_3",76.9660083328214,76.47,0.496008332821418,0.246024266228283
1990,4,"USA","pooled_3",76.0654996577521,75.77,0.295499657752075,0.0873200477315932
1990,4,"AL","pooled_3",74.3429699923874,73.94,0.402969992387355,0.162384814764665
1990,4,"AK","pooled_3",75.8284973553994,75.68,0.1484973553994,0.0220514645606156
1990,4,"AZ","pooled_3",77.0653347448831,76.21,0.855334744883109,0.731597525804253
1990,4,"AR","pooled_3",74.8440501095728,74.44,0.40405010957285,0.163256491045832
1990,4,"CA","pooled_3",76.3785727402185,76.38,-0.00142725978149372,2.03707048386949e-06
1990,4,"CO","pooled_3",78.0201216072729,77.45,0.570121607272895,0.32503864707943
1990,4,"CT","pooled_3",77.8029721927073,77.02,0.782972192707263,0.613045454552819
1990,4,"DE","pooled_3",75.5481673710518,75.33,0.218167371051777,0.0475970017916438
1990,4,"FL","pooled_3",76.3149811335671,75.97,0.344981133567089,0.119011982517233
1990,4,"GA","pooled_3",74.4816858049834,74.38,0.101685804983433,0.0103400029351287
1990,4,"HI","pooled_3",79.0848452941855,78.86,0.224845294185542,0.0505554063173829
1990,4,"ID","pooled_3",77.8813516466328,77.36,0.521351646632795,0.271807539446726
1990,4,"IL","pooled_3",75.5759624912467,75.17,0.40596249124674,0.164805544299259
1990,4,"IN","pooled_3",76.0203513443618,75.61,0.410351344361828,0.16838822581956
1990,4,"IA","pooled_3",78.1943482715033,77.56,0.634348271503328,0.402397729559259
1990,4,"KS","pooled_3",77.5606843819738,77.08,0.480684381973774,0.231057475073509
1990,4,"KY","pooled_3",74.9850534568513,74.65,0.335053456851327,0.112260818948024
1990,4,"LA","pooled_3",73.6917758512976,73.44,0.251775851297623,0.0633910792966427
1990,4,"ME","pooled_3",77.3457587979191,76.81,0.535758797919087,0.287037489547705
1990,4,"MD","pooled_3",75.6112720999226,75.14,0.471272099922558,0.222097392165418
1990,4,"MA","pooled_3",77.5276080456991,77.13,0.397608045699073,0.158092158004636
1990,4,"MI","pooled_3",75.7489032634806,75.53,0.218903263480641,0.0479186387624749
1990,4,"MN","pooled_3",78.6137779482047,78.09,0.523777948204653,0.274343339025477
1990,4,"MS","pooled_3",73.727654366036,72.95,0.777654366036046,0.604746313014925
1990,4,"MO","pooled_3",75.8975372246164,75.23,0.667537224616424,0.445605946248599
1990,4,"MT","pooled_3",77.3007681318493,76.89,0.410768131849252,0.168730458142925
1990,4,"NE","pooled_3",77.5500419578433,77.33,0.220041957843293,0.0484184632115095
1990,4,"NV","pooled_3",75.4187730070899,74.83,0.588773007089927,0.346653653877715
1990,4,"NH","pooled_3",77.6931574700434,77.65,0.0431574700434112,0.00186256722054793
1990,4,"NJ","pooled_3",76.0851924631366,75.94,0.14519246313661,0.0210808513516758
1990,4,"NM","pooled_3",76.8074147843489,76.27,0.537414784348911,0.288814650436787
1990,4,"NY","pooled_3",75.1980010902615,75.27,-0.0719989097384826,0.00518384300353016
1990,4,"NC","pooled_3",75.428749256279,74.96,0.468749256278954,0.219725865262073
1990,4,"ND","pooled_3",78.3479088227961,77.88,0.46790882279609,0.218938666450423
1990,4,"OH","pooled_3",75.9725176298029,75.74,0.232517629802885,0.0540644481691515
1990,4,"OK","pooled_3",75.4909351653082,74.84,0.650935165308155,0.423716589434755
1990,4,"OR","pooled_3",77.16960774247,76.78,0.389607742470005,0.151794192992574
1990,4,"PA","pooled_3",76.1563241587383,75.72,0.436324158738287,0.190378771498674
1990,4,"RI","pooled_3",77.1321256007734,77.45,-0.317874399226625,0.101044133683688
1990,4,"SC","pooled_3",74.5014472149672,74.19,0.311447214967174,0.0969993677108092
1990,4,"SD","pooled_3",77.8215751171892,77.16,0.661575117189244,0.437681635683962
1990,4,"TN","pooled_3",74.7968420892068,74.38,0.416842089206796,0.173757327334286
1990,4,"TX","pooled_3",75.7690189425046,75.65,0.119018942504638,0.0141655086749224
1990,4,"UT","pooled_3",78.7417013047283,78.2,0.541701304728278,0.293440303544319
1990,4,"VT","pooled_3",77.459144597343,77.48,-0.0208554026570056,0.000434947819985836
1990,4,"VA","pooled_3",76.1559157106201,75.77,0.385915710620097,0.148930935703414
1990,4,"WA","pooled_3",77.5570527424112,77.33,0.227052742411246,0.0515529478364676
1990,4,"WV","pooled_3",75.0113102703383,74.84,0.171310270338253,0.0293472087233654
1990,4,"WI","pooled_3",77.5966160955532,77.31,0.286616095553185,0.0821487862301527
1990,4,"WY","pooled_3",77.1648480431087,76.75,0.414848043108748,0.172098898871157
1990,5,"USA","pooled_3",76.2360972134888,75.88,0.356097213488809,0.126805225454494
1990,5,"AL","pooled_3",74.5122242783079,73.93,0.582224278307848,0.338985110251094
1990,5,"AK","pooled_3",76.027080639976,75.57,0.457080639976027,0.208922711440895
1990,5,"AZ","pooled_3",77.2774474976119,76.41,0.867447497611863,0.752465161113083
1990,5,"AR","pooled_3",74.9683377170168,74.55,0.418337717016769,0.175006445478802
1990,5,"CA","pooled_3",76.5230990999797,76.64,-0.11690090002034,0.0136658204255656
1990,5,"CO","pooled_3",78.2184236342376,77.52,0.698423634237614,0.487795572861676
1990,5,"CT","pooled_3",77.9895634354101,77.3,0.68956343541015,0.475497731454649
1990,5,"DE","pooled_3",75.712202618037,75.78,-0.0677973819630324,0.00459648500104131
1990,5,"FL","pooled_3",76.480868696099,75.99,0.490868696098957,0.24095207680989
1990,5,"GA","pooled_3",74.6641839591929,74.38,0.284183959192859,0.0807605226625285
1990,5,"HI","pooled_3",79.294783926628,78.73,0.564783926628039,0.318980883777386
1990,5,"ID","pooled_3",78.0705255696072,77.6,0.470525569607176,0.221394311654157
1990,5,"IL","pooled_3",75.7427061825205,75.31,0.432706182520491,0.187234640391456
1990,5,"IN","pooled_3",76.1740192987643,75.54,0.634019298764258,0.401980471205522
1990,5,"IA","pooled_3",78.3711945818315,77.61,0.761194581831546,0.579417191409702
1990,5,"KS","pooled_3",77.7170841705523,77.02,0.697084170552259,0.485926340834531
1990,5,"KY","pooled_3",75.1294176924683,74.79,0.339417692468302,0.115204369960507
1990,5,"LA","pooled_3",73.8448998483911,73.49,0.354899848391113,0.125953902388035
1990,5,"ME","pooled_3",77.5518944263977,76.92,0.631894426397693,0.39929056611247
1990,5,"MD","pooled_3",75.801341523723,75.12,0.681341523722963,0.46422627194913
1990,5,"MA","pooled_3",77.7146560910863,77.35,0.364656091086317,0.132974064766353
1990,5,"MI","pooled_3",75.9048915110608,75.71,0.194891511060774,0.0379827010835519
1990,5,"MN","pooled_3",78.8028469945191,78,0.802846994519129,0.644563296608398
1990,5,"MS","pooled_3",73.8914629499805,73.07,0.821462949980528,0.674801378190712
1990,5,"MO","pooled_3",76.0486290968375,75.33,0.718629096837461,0.516427778821424
1990,5,"MT","pooled_3",77.5247121678882,76.66,0.864712167888214,0.747727133293935
1990,5,"NE","pooled_3",77.7071434034007,77.55,0.15714340340071,0.0246940492323582
1990,5,"NV","pooled_3",75.6280681843608,75.11,0.518068184360757,0.268394643646852
1990,5,"NH","pooled_3",77.8942148107995,77.57,0.324214810799461,0.10511524354173
1990,5,"NJ","pooled_3",76.2557601448529,75.99,0.265760144852862,0.0706284545922144
1990,5,"NM","pooled_3",77.0074962773184,76.28,0.727496277318366,0.529250833512081
1990,5,"NY","pooled_3",75.3548646745488,75.52,-0.165135325451217,0.0272696757118795
1990,5,"NC","pooled_3",75.618085124771,75.1,0.518085124771034,0.268412196509017
1990,5,"ND","pooled_3",78.5341233885253,77.86,0.674123388525317,0.454442342956855
1990,5,"OH","pooled_3",76.1344704209886,75.6,0.534470420988654,0.285658630911789
1990,5,"OK","pooled_3",75.6119838075354,74.88,0.7319838075354,0.535800294494021
1990,5,"OR","pooled_3",77.3501579178694,76.81,0.540157917869408,0.291770576237014
1990,5,"PA","pooled_3",76.3441770702032,75.93,0.414177070203209,0.171542645482114
1990,5,"RI","pooled_3",77.3168591393788,77.39,-0.0731408606212369,0.00534958549241521
1990,5,"SC","pooled_3",74.7273408570301,74.12,0.607340857030096,0.368862916618051
1990,5,"SD","pooled_3",78.0114671803125,77.19,0.821467180312453,0.674808328330492
1990,5,"TN","pooled_3",74.9432247319592,74.33,0.613224731959221,0.376044571886458
1990,5,"TX","pooled_3",75.9175471038514,75.88,0.0375471038514092,0.00140978500762851
1990,5,"UT","pooled_3",78.9395055212397,78.17,0.769505521239708,0.592138747218395
1990,5,"VT","pooled_3",77.6563815772102,77.2,0.456381577210152,0.208284144016826
1990,5,"VA","pooled_3",76.3603104202144,75.94,0.420310420214406,0.176660849340811
1990,5,"WA","pooled_3",77.7448212284492,77.45,0.294821228449152,0.086919556744267
1990,5,"WV","pooled_3",75.168267762853,74.8,0.368267762853051,0.135621145156791
1990,5,"WI","pooled_3",77.7749353031964,77.42,0.354935303196413,0.12597906945513
1990,5,"WY","pooled_3",77.3636877533961,76.28,1.08368775339608,1.17437914686064
1990,6,"USA","pooled_3",76.4066947692255,76.2,0.206694769225535,0.0427227276251973
1990,6,"AL","pooled_3",74.6814785642284,74,0.681478564228357,0.464413033502743
1990,6,"AK","pooled_3",76.2256639245526,75.83,0.395663924552636,0.156549941192394
1990,6,"AZ","pooled_3",77.4895602503406,76.61,0.879560250340617,0.773626233979249
1990,6,"AR","pooled_3",75.0926253244607,74.82,0.272625324460691,0.074324567537297
1990,6,"CA","pooled_3",76.6676254597408,77.1,-0.432374540259175,0.186947743064333
1990,6,"CO","pooled_3",78.4167256612023,77.7,0.716725661202318,0.5136956734259
1990,6,"CT","pooled_3",78.176154678113,77.57,0.606154678113043,0.367423493798327
1990,6,"DE","pooled_3",75.8762378650222,75.74,0.136237865022167,0.0185607558657982
1990,6,"FL","pooled_3",76.6467562586308,76.52,0.12675625863082,0.0160671491020834
1990,6,"GA","pooled_3",74.8466821134023,74.63,0.216682113402285,0.0469511382684809
1990,6,"HI","pooled_3",79.5047225590705,78.77,0.734722559070548,0.539817238807174
1990,6,"ID","pooled_3",78.2596994925815,77.74,0.519699492581552,0.270087562589522
1990,6,"IL","pooled_3",75.9094498737942,75.81,0.0994498737942422,0.0098902773976907
1990,6,"IN","pooled_3",76.3276872531667,75.89,0.4376872531667,0.191570131584611
1990,6,"IA","pooled_3",78.5480408921598,77.84,0.708040892159758,0.501321904970386
1990,6,"KS","pooled_3",77.8734839591307,76.99,0.883483959130743,0.780543906041332
1990,6,"KY","pooled_3",75.2737819280853,74.98,0.293781928085281,0.086307821269505
1990,6,"LA","pooled_3",73.9980238454846,73.77,0.2280238454846,0.0519948741095847
1990,6,"ME","pooled_3",77.7580300548763,77.42,0.338030054876299,0.114264317999674
1990,6,"MD","pooled_3",75.9914109475234,75.52,0.471410947523381,0.222228281444892
1990,6,"MA","pooled_3",77.9017041364736,77.69,0.211704136473557,0.0448186414000145
1990,6,"MI","pooled_3",76.0608797586409,76.02,0.040879758640898,0.00167115466653807
1990,6,"MN","pooled_3",78.9919160408336,78.38,0.611916040833606,0.374441241029475
1990,6,"MS","pooled_3",74.055271533925,73.43,0.625271533924987,0.390964491136907
1990,6,"MO","pooled_3",76.1997209690585,75.67,0.529720969058488,0.280604305060263
1990,6,"MT","pooled_3",77.7486562039272,76.9,0.848656203927163,0.720217352464063
1990,6,"NE","pooled_3",77.8642448489581,77.4,0.464244848958117,0.215523279784145
1990,6,"NV","pooled_3",75.8373633616316,75.19,0.647363361631591,0.419079321982954
1990,6,"NH","pooled_3",78.0952721515555,77.78,0.31527215155549,0.099396529546428
1990,6,"NJ","pooled_3",76.4263278265691,76.46,-0.0336721734308867,0.00113381526355971
1990,6,"NM","pooled_3",77.2075777702878,76.68,0.52757777028782,0.278338303701868
1990,6,"NY","pooled_3",75.511728258836,76.19,-0.678271741163954,0.460052554861582
1990,6,"NC","pooled_3",75.8074209932631,75.22,0.587420993263109,0.345063423326217
1990,6,"ND","pooled_3",78.7203379542545,78.13,0.590337954254551,0.348498900233448
1990,6,"OH","pooled_3",76.2964232121744,75.97,0.326423212174419,0.106552113446266
1990,6,"OK","pooled_3",75.7330324497626,75.06,0.67303244976263,0.452972678433487
1990,6,"OR","pooled_3",77.5307080932688,76.92,0.610708093268812,0.372964375184028
1990,6,"PA","pooled_3",76.5320299816681,76.02,0.51202998166815,0.262174702127085
1990,6,"RI","pooled_3",77.5015926779841,77.96,-0.458407322015844,0.210137272877738
1990,6,"SC","pooled_3",74.953234499093,74.25,0.703234499093028,0.494538760714623
1990,6,"SD","pooled_3",78.2013592434357,77.51,0.691359243435656,0.477977603483923
1990,6,"TN","pooled_3",75.0896073747116,74.68,0.409607374711641,0.167778201418162
1990,6,"TX","pooled_3",76.0660752651982,76.04,0.0260752651981591,0.000679919455154325
1990,6,"UT","pooled_3",79.1373097377511,78.49,0.647309737751144,0.419009896587454
1990,6,"VT","pooled_3",77.8536185570773,77.65,0.203618557077306,0.041460516786244
1990,6,"VA","pooled_3",76.5647051298087,76.14,0.424705129808714,0.180374447285837
1990,6,"WA","pooled_3",77.9325897144871,77.45,0.482589714487062,0.232892832528704
1990,6,"WV","pooled_3",75.3252252553678,74.81,0.515225255367838,0.265457063768854
1990,6,"WI","pooled_3",77.9532545108396,77.53,0.423254510839641,0.179144380946104
1990,6,"WY","pooled_3",77.5625274636834,77.07,0.492527463683416,0.242583302482419
1990,7,"USA","pooled_3",76.5772923249623,76.53,0.047292324962271,0.00223656400033704
1990,7,"AL","pooled_3",74.8507328501489,74.29,0.560732850148852,0.314421329236055
1990,7,"AK","pooled_3",76.4242472091292,76.24,0.184247209129254,0.0339470340719189
1990,7,"AZ","pooled_3",77.7016730030694,77.02,0.681673003069378,0.464678083113624
1990,7,"AR","pooled_3",75.2169129319046,74.43,0.786912931904595,0.619231962398686
1990,7,"CA","pooled_3",76.812151819502,77.44,-0.62784818049802,0.394193337754675
1990,7,"CO","pooled_3",78.615027688167,78.04,0.575027688167026,0.330656842158714
1990,7,"CT","pooled_3",78.3627459208159,77.92,0.442745920815923,0.19602395039914
1990,7,"DE","pooled_3",76.0402731120074,76.16,-0.119726887992641,0.0143345277084025
1990,7,"FL","pooled_3",76.8126438211627,76.9,-0.0873561788373252,0.00763110198105874
1990,7,"GA","pooled_3",75.0291802676117,75.04,-0.010819732388299,0.000117066608954407
1990,7,"HI","pooled_3",79.714661191513,79.13,0.58466119151305,0.341828708861459
1990,7,"ID","pooled_3",78.4488734155559,77.75,0.698873415555923,0.488424050970802
1990,7,"IL","pooled_3",76.076193565068,76.37,-0.293806434932009,0.0863222212074566
1990,7,"IN","pooled_3",76.4813552075691,76.05,0.43135520756914,0.186067315097016
1990,7,"IA","pooled_3",78.724887202488,78.17,0.554887202487976,0.307899807484932
1990,7,"KS","pooled_3",78.0298837477092,77.35,0.679883747709226,0.462241910399143
1990,7,"KY","pooled_3",75.4181461637023,75.03,0.38814616370226,0.150657444396781
1990,7,"LA","pooled_3",74.1511478425781,73.88,0.271147842578088,0.0735211525347517
1990,7,"ME","pooled_3",77.9641656833549,77.4,0.564165683354901,0.318282918275302
1990,7,"MD","pooled_3",76.1814803713238,75.93,0.25148037132378,0.0632423771611461
1990,7,"MA","pooled_3",78.0887521818608,78.07,0.0187521818608047,0.000351644324540694
1990,7,"MI","pooled_3",76.216868006221,76.24,-0.0231319937789749,0.000535089136190534
1990,7,"MN","pooled_3",79.1809850871481,78.76,0.420985087148068,0.177228443601067
1990,7,"MS","pooled_3",74.2190801178695,73.38,0.839080117869472,0.704055444203846
1990,7,"MO","pooled_3",76.3508128412795,75.77,0.580812841279524,0.337343556595194
1990,7,"MT","pooled_3",77.9726002399661,77.08,0.892600239966129,0.79673518838759
1990,7,"NE","pooled_3",78.0213462945155,77.7,0.321346294515536,0.103263440998865
1990,7,"NV","pooled_3",76.0466585389024,75.76,0.286658538902415,0.0821731179256675
1990,7,"NH","pooled_3",78.2963294923115,78,0.296329492311528,0.0878111680136082
1990,7,"NJ","pooled_3",76.5968955082854,76.97,-0.373104491714642,0.139206961737641
1990,7,"NM","pooled_3",77.4076592632573,76.92,0.487659263257285,0.237811557040638
1990,7,"NY","pooled_3",75.6685918431233,76.95,-1.28140815687669,1.64200686451013
1990,7,"NC","pooled_3",75.9967568617552,75.66,0.336756861755191,0.113405183939205
1990,7,"ND","pooled_3",78.9065525199838,78.44,0.466552519983779,0.217671253903214
1990,7,"OH","pooled_3",76.4583760033602,76.18,0.278376003360179,0.0774931992467866
1990,7,"OK","pooled_3",75.8540810919899,74.96,0.894081091989875,0.799380999053808
1990,7,"OR","pooled_3",77.7112582686682,77.33,0.381258268668219,0.145357867427888
1990,7,"PA","pooled_3",76.7198828931331,76.27,0.449882893133079,0.20239461753379
1990,7,"RI","pooled_3",77.6863262165895,77.53,0.156326216589534,0.0244378859931978
1990,7,"SC","pooled_3",75.179128141156,74.77,0.409128141155961,0.167385835885732
1990,7,"SD","pooled_3",78.3912513065589,77.67,0.72125130655887,0.520203447212876
1990,7,"TN","pooled_3",75.2359900174641,74.68,0.555990017464069,0.309124899519696
1990,7,"TX","pooled_3",76.2146034265449,76.2,0.0146034265449231,0.000213260066852964
1990,7,"UT","pooled_3",79.3351139542626,78.4,0.935113954262562,0.874438107456564
1990,7,"VT","pooled_3",78.0508555369445,77.78,0.270855536944467,0.0733627218934754
1990,7,"VA","pooled_3",76.769099839403,76.4,0.36909983940302,0.136234691447335
1990,7,"WA","pooled_3",78.120358200525,77.93,0.190358200524969,0.0362362445071043
1990,7,"WV","pooled_3",75.4821827478826,74.73,0.752182747882628,0.565778886212261
1990,7,"WI","pooled_3",78.1315737184829,77.89,0.241573718482869,0.0583578614616402
1990,7,"WY","pooled_3",77.7613671739707,76.97,0.791367173970741,0.626262004038437
1990,8,"USA","pooled_3",76.747889880699,76.69,0.0578898806990082,0.00335123828734541
1990,8,"AL","pooled_3",75.0199871360694,74.29,0.729987136069354,0.532881218826738
1990,8,"AK","pooled_3",76.6228304937059,76.8,-0.177169506294135,0.0313890339605075
1990,8,"AZ","pooled_3",77.9137857557981,77.05,0.863785755798133,0.746125831919753
1990,8,"AR","pooled_3",75.3412005393485,74.84,0.501200539348517,0.251201980643244
1990,8,"CA","pooled_3",76.9566781792631,77.64,-0.683321820736865,0.466928710695144
1990,8,"CO","pooled_3",78.8133297151317,77.98,0.83332971513174,0.694438414121546
1990,8,"CT","pooled_3",78.5493371635188,78.03,0.519337163518813,0.269711089411766
1990,8,"DE","pooled_3",76.2043083589925,76.34,-0.135691641007455,0.018412221439296
1990,8,"FL","pooled_3",76.9785313836945,76.99,-0.01146861630545,0.000131529159961635
1990,8,"GA","pooled_3",75.2116784218211,75.16,0.051678421821137,0.00267065928192337
1990,8,"HI","pooled_3",79.9245998239555,79.25,0.674599823955546,0.455084922480854
1990,8,"ID","pooled_3",78.6380473385303,77.88,0.758047338530304,0.574635767452877
1990,8,"IL","pooled_3",76.2429372563417,76.4,-0.157062743658258,0.0246687054454598
1990,8,"IN","pooled_3",76.6350231619716,76.17,0.465023161971573,0.216246541170039
1990,8,"IA","pooled_3",78.9017335128162,78.1,0.801733512816199,0.642776625572602
1990,8,"KS","pooled_3",78.1862835362877,77.34,0.8462835362877,0.716195823791615
1990,8,"KY","pooled_3",75.5625103993192,75.28,0.282510399319236,0.079812125723514
1990,8,"LA","pooled_3",74.3042718396716,74.04,0.264271839671565,0.0698396052433934
1990,8,"ME","pooled_3",78.1703013118335,77.38,0.790301311833517,0.624576163485777
1990,8,"MD","pooled_3",76.3715497951242,76.13,0.2415497951242,0.0583463035245431
1990,8,"MA","pooled_3",78.275800227248,78.16,0.115800227248045,0.0134096926306987
1990,8,"MI","pooled_3",76.3728562538011,76.24,0.132856253801151,0.0176507841740759
1990,8,"MN","pooled_3",79.3700541334625,78.86,0.510054133462546,0.260155219062229
1990,8,"MS","pooled_3",74.3828887018139,73.43,0.952888701813933,0.907996878044642
1990,8,"MO","pooled_3",76.5019047135006,75.82,0.681904713500558,0.464994038294278
1990,8,"MT","pooled_3",78.1965442760051,77.23,0.966544276005081,0.934207837478186
1990,8,"NE","pooled_3",78.178447740073,77.89,0.288447740072954,0.0832020987531943
1990,8,"NV","pooled_3",76.2559537161733,75.54,0.715953716173246,0.512589723702281
1990,8,"NH","pooled_3",78.4973868330676,78.1,0.397386833067571,0.157916295095474
1990,8,"NJ","pooled_3",76.7674631900016,77.38,-0.612536809998389,0.375201343603002
1990,8,"NM","pooled_3",77.6077407562267,77.07,0.537740756226754,0.289165120907321
1990,8,"NY","pooled_3",75.8254554274106,77.4,-1.57454457258943,2.47919061107084
1990,8,"NC","pooled_3",76.1860927302473,75.66,0.526092730247271,0.276773560819028
1990,8,"ND","pooled_3",79.092767085713,78.22,0.872767085713008,0.761722385903977
1990,8,"OH","pooled_3",76.620328794546,76.29,0.330328794545949,0.10911711250618
1990,8,"OK","pooled_3",75.9751297342171,75.15,0.8251297342171,0.680839078289182
1990,8,"OR","pooled_3",77.8918084440676,77.32,0.571808444067628,0.326964896707042
1990,8,"PA","pooled_3",76.907735804598,76.73,0.177735804598001,0.0315900162360987
1990,8,"RI","pooled_3",77.8710597551949,77.95,-0.0789402448050822,0.00623156224988631
1990,8,"SC","pooled_3",75.4050217832189,74.78,0.625021783218884,0.390652229498113
1990,8,"SD","pooled_3",78.5811433696821,77.46,1.12114336968209,1.25696245538211
1990,8,"TN","pooled_3",75.3823726602165,74.8,0.582372660216507,0.339157915367651
1990,8,"TX","pooled_3",76.3631315878917,76.51,-0.146868412108319,0.0215703304752189
1990,8,"UT","pooled_3",79.532918170774,78.42,1.11291817077399,1.23858685483893
1990,8,"VT","pooled_3",78.2480925168116,78.07,0.178092516811631,0.0317169445443011
1990,8,"VA","pooled_3",76.9734945489973,76.62,0.353494548997332,0.124958396170827
1990,8,"WA","pooled_3",78.3081266865629,77.98,0.328126686562882,0.107667122434736
1990,8,"WV","pooled_3",75.6391402403974,74.84,0.799140240397421,0.638625123822447
1990,8,"WI","pooled_3",78.3098929261261,77.75,0.559892926126096,0.313480088726042
1990,8,"WY","pooled_3",77.9602068842581,76.81,1.15020688425807,1.32297587659465
1990,9,"USA","pooled_3",76.9184874364357,76.68,0.238487436435733,0.0568762573376878
1990,9,"AL","pooled_3",75.1892414219899,74.26,0.929241421989857,0.863489620341732
1990,9,"AK","pooled_3",76.8214137782825,76.61,0.211413778282477,0.0446957856476723
1990,9,"AZ","pooled_3",78.1258985085269,76.99,1.13589850852689,1.29026542167362
1990,9,"AR","pooled_3",75.4654881467924,74.95,0.515488146792435,0.2657280294835
1990,9,"CA","pooled_3",77.1012045390243,77.87,-0.76879546097571,0.591046460816854
1990,9,"CO","pooled_3",79.0116317420965,78.11,0.901631742096455,0.812939798355889
1990,9,"CT","pooled_3",78.7359284062217,78.44,0.295928406221705,0.0875736216089185
1990,9,"DE","pooled_3",76.3683436059777,76.68,-0.311656394022265,0.0971297079349611
1990,9,"FL","pooled_3",77.1444189462264,76.91,0.234418946226413,0.0549522423499017
1990,9,"GA","pooled_3",75.3941765760306,75.18,0.214176576030553,0.0458716057201713
1990,9,"HI","pooled_3",80.134538456398,79.35,0.784538456398053,0.61550058956744
1990,9,"ID","pooled_3",78.8272212615047,77.77,1.05722126150468,1.11771679577755
1990,9,"IL","pooled_3",76.4096809476155,76.23,0.179680947615495,0.0322852429360022
1990,9,"IN","pooled_3",76.788691116374,75.98,0.808691116374007,0.653981321702238
1990,9,"IA","pooled_3",79.0785798231444,78.21,0.868579823144415,0.754430909173584
1990,9,"KS","pooled_3",78.3426833248662,77.25,1.09268332486619,1.19395684844062
1990,9,"KY","pooled_3",75.7068746349362,75.09,0.61687463493621,0.380534315227682
1990,9,"LA","pooled_3",74.4573958367651,74.04,0.417395836765053,0.174219284548799
1990,9,"ME","pooled_3",78.3764369403121,77.56,0.816436940312116,0.666569277506209
1990,9,"MD","pooled_3",76.5616192189246,76.12,0.4416192189246,0.195027534523574
1990,9,"MA","pooled_3",78.4628482726353,78.25,0.212848272635284,0.0453043871638243
1990,9,"MI","pooled_3",76.5288445013813,76.14,0.388844501381271,0.15120004625445
1990,9,"MN","pooled_3",79.559123179777,78.69,0.86912317977702,0.755375101625718
1990,9,"MS","pooled_3",74.5466972857584,73.44,1.10669728575841,1.22477888230504
1990,9,"MO","pooled_3",76.6529965857216,75.77,0.882996585721585,0.779682970395977
1990,9,"MT","pooled_3",78.420488312044,77.16,1.26048831204405,1.58883078479965
1990,9,"NE","pooled_3",78.3355491856304,77.72,0.615549185630371,0.378900799930213
1990,9,"NV","pooled_3",76.4652488934441,75.65,0.815248893444078,0.664630758261794
1990,9,"NH","pooled_3",78.6984441738236,78.31,0.388444173823601,0.1508888761775
1990,9,"NJ","pooled_3",76.9380308717179,77.24,-0.301969128282138,0.0911853544354746
1990,9,"NM","pooled_3",77.8078222491962,76.71,1.09782224919621,1.20521369083023
1990,9,"NY","pooled_3",75.9823190116978,77.34,-1.35768098830216,1.84329766599714
1990,9,"NC","pooled_3",76.3754285987393,75.7,0.675428598739344,0.456203791994994
1990,9,"ND","pooled_3",79.2789816514422,78.21,1.06898165144224,1.14272177112019
1990,9,"OH","pooled_3",76.7822815857317,76.15,0.632281585731718,0.399780003655416
1990,9,"OK","pooled_3",76.0961783764443,75.02,1.07617837644435,1.15815989792639
1990,9,"OR","pooled_3",78.072358619467,77.64,0.432358619467024,0.186933975827431
1990,9,"PA","pooled_3",77.0955887160629,76.53,0.565588716062933,0.319890595737717
1990,9,"RI","pooled_3",78.0557932938003,78.16,-0.10420670619969,0.0108590376169886
1990,9,"SC","pooled_3",75.6309154252818,74.62,1.01091542528181,1.0219499970727
1990,9,"SD","pooled_3",78.7710354328053,77.65,1.12103543280529,1.25672044160493
1990,9,"TN","pooled_3",75.5287553029689,74.96,0.568755302968938,0.323482594655289
1990,9,"TX","pooled_3",76.5116597492384,76.52,-0.00834025076154887,6.95597827655166e-05
1990,9,"UT","pooled_3",79.7307223872854,78.51,1.22072238728542,1.49016314681982
1990,9,"VT","pooled_3",78.4453294966788,78.11,0.335329496678781,0.112445871342845
1990,9,"VA","pooled_3",77.1778892585916,76.71,0.467889258591654,0.218920358305448
1990,9,"WA","pooled_3",78.4958951726008,77.99,0.505895172600802,0.255929925660795
1990,9,"WV","pooled_3",75.7960977329122,74.96,0.836097732912222,0.699059418980957
1990,9,"WI","pooled_3",78.4882121337693,77.8,0.688212133769326,0.473635941067329
1990,9,"WY","pooled_3",78.1590465945454,76.54,1.6190465945454,2.62131187530904
1990,10,"USA","pooled_3",77.0890849921725,76.8,0.289084992172477,0.0835701326993608
1990,10,"AL","pooled_3",75.3584957079104,74.42,0.938495707910363,0.880774193766173
1990,10,"AK","pooled_3",77.0199970628591,76.14,0.87999706285909,0.774394830640625
1990,10,"AZ","pooled_3",78.3380112612556,77.13,1.20801126125565,1.45929120732046
1990,10,"AR","pooled_3",75.5897757542364,74.78,0.809775754236355,0.655736772149058
1990,10,"CA","pooled_3",77.2457308987855,78.09,-0.84426910121455,0.712790315265624
1990,10,"CO","pooled_3",79.2099337690612,78.36,0.849933769061167,0.722387411790521
1990,10,"CT","pooled_3",78.9225196489246,78.25,0.672519648924592,0.452282678189656
1990,10,"DE","pooled_3",76.5323788529629,76.38,0.15237885296294,0.0232193148303013
1990,10,"FL","pooled_3",77.3103065087583,76.97,0.340306508758275,0.115808519903246
1990,10,"GA","pooled_3",75.57667473024,75.1,0.476674730239992,0.227218798449369
1990,10,"HI","pooled_3",80.3444770888405,79.51,0.834477088840544,0.696352011799788
1990,10,"ID","pooled_3",79.016395184479,78.08,0.936395184479053,0.87683594151556
1990,10,"IL","pooled_3",76.5764246388893,76.55,0.0264246388892531,0.000698261540427425
1990,10,"IN","pooled_3",76.9423590707764,76.02,0.922359070776452,0.850746255443599
1990,10,"IA","pooled_3",79.2554261334726,78.33,0.925426133472627,0.856413528514096
1990,10,"KS","pooled_3",78.4990831134447,77.42,1.07908311344467,1.16442036572144
1990,10,"KY","pooled_3",75.8512388705532,75.08,0.771238870553191,0.594809395452161
1990,10,"LA","pooled_3",74.6105198338585,74.09,0.520519833858543,0.270940897440126
1990,10,"ME","pooled_3",78.5825725687907,77.59,0.99257256879072,0.985200304315809
1990,10,"MD","pooled_3",76.751688642725,76.22,0.531688642725015,0.282692812802769
1990,10,"MA","pooled_3",78.6498963180225,78.22,0.429896318022529,0.184810844249327
1990,10,"MI","pooled_3",76.6848327489614,76.35,0.334832748961404,0.11211296977705
1990,10,"MN","pooled_3",79.7481922260915,79.02,0.728192226091494,0.530263918140085
1990,10,"MS","pooled_3",74.7105058697029,73.39,1.32050586970288,1.74373575191977
1990,10,"MO","pooled_3",76.8040884579426,76.08,0.724088457942614,0.524304094925712
1990,10,"MT","pooled_3",78.644432348083,77.29,1.35443234808299,1.83448698553361
1990,10,"NE","pooled_3",78.4926506311878,78.28,0.212650631187785,0.0452202909445632
1990,10,"NV","pooled_3",76.6745440707149,75.94,0.734544070714918,0.539554991822442
1990,10,"NH","pooled_3",78.8995015145796,78.51,0.389501514579635,0.15171142985983
1990,10,"NJ","pooled_3",77.1085985534341,77.32,-0.211401446565887,0.0446905716101495
1990,10,"NM","pooled_3",78.0079037421657,77.13,0.877903742165671,0.770714980508489
1990,10,"NY","pooled_3",76.1391825959851,77.63,-1.49081740401489,2.2225365321137
1990,10,"NC","pooled_3",76.5647644672314,75.6,0.964764467231433,0.93077047723235
1990,10,"ND","pooled_3",79.4651962171715,78.77,0.695196217171471,0.483297780369523
1990,10,"OH","pooled_3",76.9442343769175,76.33,0.614234376917494,0.377283869787222
1990,10,"OK","pooled_3",76.2172270186716,75.03,1.18722701867158,1.4095079938638
1990,10,"OR","pooled_3",78.2529087948664,77.83,0.42290879486643,0.178851848775376
1990,10,"PA","pooled_3",77.2834416275279,76.65,0.633441627527858,0.401248295485142
1990,10,"RI","pooled_3",78.2405268324057,77.97,0.270526832405693,0.073184767051458
1990,10,"SC","pooled_3",75.8568090673447,74.74,1.11680906734475,1.24726249290344
1990,10,"SD","pooled_3",78.9609274959285,77.98,0.980927495928498,0.962218752268553
1990,10,"TN","pooled_3",75.6751379457214,74.71,0.965137945721366,0.931491254271259
1990,10,"TX","pooled_3",76.6601879105852,76.52,0.140187910585212,0.0196526502742473
1990,10,"UT","pooled_3",79.9285266037969,78.6,1.32852660379686,1.76498293699602
1990,10,"VT","pooled_3",78.6425664765459,78.19,0.45256647654594,0.204816415693207
1990,10,"VA","pooled_3",77.382283968186,76.77,0.612283968185963,0.374891657697549
1990,10,"WA","pooled_3",78.6836636586387,78.19,0.49366365863871,0.243703807860556
1990,10,"WV","pooled_3",75.953055225427,74.88,1.07305522542701,1.15144751681622
1990,10,"WI","pooled_3",78.6665313414126,77.97,0.696531341412552,0.485155909569969
1990,10,"WY","pooled_3",78.3578863048327,77.1,1.25788630483274,1.58227795588576
1997,1,"USA","rw_drift",76.6985942115767,76.69,0.00859421157674944,7.38604726259342e-05
1997,1,"AL","rw_drift",74.4360703107113,74.29,0.146070310711281,0.0213365356712901
1997,1,"AK","rw_drift",76.3931640616259,76.8,-0.40683593837413,0.165515480752759
1997,1,"AZ","rw_drift",77.1970183172411,77.05,0.147018317241063,0.0216143856043938
1997,1,"AR","rw_drift",74.577986630518,74.84,-0.26201336948202,0.0686510057873214
1997,1,"CA","rw_drift",77.5970523468224,77.64,-0.0429476531775634,0.00184450091346027
1997,1,"CO","rw_drift",78.2098826963404,77.98,0.229882696340425,0.0528460540767442
1997,1,"CT","rw_drift",78.0695951560944,78.03,0.0395951560943502,0.00156777638613595
1997,1,"DE","rw_drift",76.2765404029892,76.34,-0.0634595970108336,0.0040271204527774
1997,1,"FL","rw_drift",77.063862304909,76.99,0.073862304908971,0.00545564008646581
1997,1,"GA","rw_drift",75.2147588905413,75.16,0.0547588905413221,0.0029985360933165
1997,1,"HI","rw_drift",79.3011569198192,79.25,0.0511569198191637,0.00261703044538434
1997,1,"ID","rw_drift",77.9714014425514,77.88,0.0914014425513585,0.00835422370046929
1997,1,"IL","rw_drift",76.5302855430934,76.4,0.130285543093379,0.0169743227391367
1997,1,"IN","rw_drift",76.1908560814764,76.17,0.0208560814764382,0.000434976134551831
1997,1,"IA","rw_drift",78.3101183132657,78.1,0.210118313265752,0.0441497055696449
1997,1,"KS","rw_drift",77.4579304539915,77.34,0.117930453991463,0.0139075919786325
1997,1,"KY","rw_drift",75.171717539985,75.28,-0.108282460014991,0.011725091146898
1997,1,"LA","rw_drift",74.0277100285152,74.04,-0.0122899714848188,0.000151043399097659
1997,1,"ME","rw_drift",77.620524286596,77.38,0.240524286596028,0.057851932442528
1997,1,"MD","rw_drift",76.097235257161,76.13,-0.0327647428390208,0.00107352837330716
1997,1,"MA","rw_drift",78.2525688318792,78.16,0.0925688318792197,0.00856898863548324
1997,1,"MI","rw_drift",76.3922410382755,76.24,0.15224103827552,0.0231773337352083
1997,1,"MN","rw_drift",78.9183975835489,78.86,0.0583975835488815,0.00341027776434859
1997,1,"MS","rw_drift",73.5374760359914,73.43,0.107476035991368,0.0115510983124179
1997,1,"MO","rw_drift",75.9077549393626,75.82,0.0877549393626538,0.00770092938254304
1997,1,"MT","rw_drift",77.288961501551,77.23,0.0589615015509679,0.00347645866514479
1997,1,"NE","rw_drift",77.8279440097088,77.89,-0.0620559902911566,0.00385094593101612
1997,1,"NV","rw_drift",75.9007535872061,75.54,0.360753587206091,0.130143150682063
1997,1,"NH","rw_drift",78.1896416162208,78.1,0.0896416162208453,0.00803561935868532
1997,1,"NJ","rw_drift",77.1285254181549,77.38,-0.251474581845116,0.063239465314176
1997,1,"NM","rw_drift",77.0953216250164,77.07,0.0253216250164456,0.000641184693473485
1997,1,"NY","rw_drift",77.1261227821965,77.4,-0.273877217803488,0.0750087304317791
1997,1,"NC","rw_drift",75.8305448322924,75.66,0.170544832292435,0.0290855398216549
1997,1,"ND","rw_drift",78.5751275336469,78.22,0.355127533646865,0.126115565154105
1997,1,"OH","rw_drift",76.3322605105556,76.29,0.0422605105556073,0.0017859507524206
1997,1,"OK","rw_drift",75.0769899781918,75.15,-0.0730100218082157,0.00533046328443613
1997,1,"OR","rw_drift",77.4684968138804,77.32,0.148496813880413,0.0220513037326342
1997,1,"PA","rw_drift",76.443631903206,76.73,-0.286368096793964,0.0820066868613973
1997,1,"RI","rw_drift",77.8340007128252,77.95,-0.115999287174844,0.013455834625072
1997,1,"SC","rw_drift",74.968536504825,74.78,0.188536504824967,0.0355460136516147
1997,1,"SD","rw_drift",77.837468138758,77.46,0.377468138757962,0.1424821957774
1997,1,"TN","rw_drift",74.8195371383546,74.8,0.0195371383546359,0.000381699775088185
1997,1,"TX","rw_drift",76.3479299899205,76.51,-0.162070010079518,0.0262666881671749
1997,1,"UT","rw_drift",78.6127006557344,78.42,0.192700655734427,0.0371335427204782
1997,1,"VT","rw_drift",77.9740807242642,78.07,-0.095919275735767,0.0092005074576741
1997,1,"VA","rw_drift",76.5909577672671,76.62,-0.0290422327329196,0.000843451282113068
1997,1,"WA","rw_drift",78.0925282593718,77.98,0.112528259371814,0.0126626091572502
1997,1,"WV","rw_drift",74.9064866434566,74.84,0.066486643456642,0.00442047375813064
1997,1,"WI","rw_drift",78.0477094319357,77.75,0.297709431935743,0.088630905863503
1997,1,"WY","rw_drift",77.1882580609075,76.81,0.378258060907513,0.143079160641511
1997,2,"USA","rw_drift",76.8675597065163,76.68,0.187559706516268,0.0351786435084686
1997,2,"AL","rw_drift",74.5907219756523,74.26,0.330721975652267,0.109377025179339
1997,2,"AK","rw_drift",76.5860395710999,76.61,-0.0239604289000965,0.000574102153076581
1997,2,"AZ","rw_drift",77.3911928784994,76.99,0.401192878499415,0.160955725758647
1997,2,"AR","rw_drift",74.6831858560098,74.95,-0.266814143990246,0.0711897874332475
1997,2,"CA","rw_drift",77.7574789128044,77.87,-0.112521087195574,0.0126609950636741
1997,2,"CO","rw_drift",78.3931298012597,78.11,0.283129801259705,0.0801624843613598
1997,2,"CT","rw_drift",78.2440843656147,78.44,-0.195915634385329,0.0383829357966061
1997,2,"DE","rw_drift",76.4422061477981,76.68,-0.237793852201889,0.056545916145014
1997,2,"FL","rw_drift",77.231958420335,76.91,0.321958420334994,0.103657224424605
1997,2,"GA","rw_drift",75.3973798621719,75.18,0.217379862171896,0.0472540044778724
1997,2,"HI","rw_drift",79.4956865687178,79.35,0.145686568717821,0.0212245763047723
1997,2,"ID","rw_drift",78.1439363214064,77.77,0.37393632140639,0.139828372466943
1997,2,"IL","rw_drift",76.7042927129354,76.23,0.474292712935394,0.224953577543616
1997,2,"IN","rw_drift",76.3333779088537,75.98,0.353377908853744,0.124875946465845
1997,2,"IA","rw_drift",78.4721213208089,78.21,0.262121320808859,0.0687075868225808
1997,2,"KS","rw_drift",77.5961280577061,77.25,0.34612805770611,0.119804632331404
1997,2,"KY","rw_drift",75.3062588613598,75.09,0.216258861359762,0.0467678951166208
1997,2,"LA","rw_drift",74.1739023876433,74.04,0.133902387643289,0.0179298494165736
1997,2,"ME","rw_drift",77.8127873930018,77.56,0.252787393001839,0.0639014660606661
1997,2,"MD","rw_drift",76.2804153069697,76.12,0.160415306969739,0.0257330707101956
1997,2,"MA","rw_drift",78.4391324271023,78.25,0.189132427102294,0.0357710749816045
1997,2,"MI","rw_drift",76.5487977961234,76.14,0.408797796123352,0.16711563811531
1997,2,"MN","rw_drift",79.0961066473478,78.69,0.406106647347812,0.16492260902008
1997,2,"MS","rw_drift",73.680164931848,73.44,0.240164931848057,0.0576791944895816
1997,2,"MO","rw_drift",76.0439474311005,75.77,0.27394743110051,0.0750471950065685
1997,2,"MT","rw_drift",77.4899373233533,77.16,0.329937323353306,0.108858637341544
1997,2,"NE","rw_drift",77.9761411571476,77.72,0.256141157147567,0.0656082923848948
1997,2,"NV","rw_drift",76.1012760021085,75.65,0.451276002108528,0.203650030079057
1997,2,"NH","rw_drift",78.3828826662746,78.31,0.0728826662745661,0.00531188304328977
1997,2,"NJ","rw_drift",77.3082385834403,77.24,0.0682385834402766,0.00465650426993559
1997,2,"NM","rw_drift",77.2824547401943,76.71,0.572454740194331,0.327704429570959
1997,2,"NY","rw_drift",77.315525459477,77.34,-0.0244745405230447,0.000599003133814155
1997,2,"NC","rw_drift",76.0110578902541,75.7,0.311057890254077,0.0967570110893172
1997,2,"ND","rw_drift",78.7482558983651,78.21,0.538255898365108,0.28971941212483
1997,2,"OH","rw_drift",76.4870665071211,76.15,0.337066507121079,0.113613830222805
1997,2,"OK","rw_drift",75.1756640973686,75.02,0.155664097368557,0.0242313112095677
1997,2,"OR","rw_drift",77.6384593574674,77.64,-0.00154064253263186,2.37357941335432e-06
1997,2,"PA","rw_drift",76.6199737483235,76.53,0.0899737483235015,0.00809527538738078
1997,2,"RI","rw_drift",78.0178504495964,78.16,-0.142149550403616,0.0202064946799501
1997,2,"SC","rw_drift",75.1835016821172,74.62,0.563501682117149,0.317534145748856
1997,2,"SD","rw_drift",78.0086551610202,77.65,0.358655161020181,0.128633524526412
1997,2,"TN","rw_drift",74.9517755172074,74.96,-0.00822448279255639,6.76421172050561e-05
1997,2,"TX","rw_drift",76.4961318790983,76.52,-0.023868120901696,0.000569687195377977
1997,2,"UT","rw_drift",78.787517620623,78.51,0.277517620622987,0.0770160297562443
1997,2,"VT","rw_drift",78.164432713864,78.11,0.054432713864017,0.00296292033860195
1997,2,"VA","rw_drift",76.7857302911691,76.71,0.0757302911690942,0.00573507700055579
1997,2,"WA","rw_drift",78.2748414667466,77.99,0.284841466746556,0.0811346611783295
1997,2,"WV","rw_drift",75.045148798325,74.96,0.0851487983250507,0.00725031785620016
1997,2,"WI","rw_drift",78.2194018799813,77.8,0.419401879981322,0.175897936931867
1997,2,"WY","rw_drift",77.3677143439034,76.54,0.827714343903438,0.685111035103498
1997,3,"USA","rw_drift",77.0365252014558,76.8,0.236525201455805,0.0559441709237093
1997,3,"AL","rw_drift",74.7453736405933,74.42,0.325373640593256,0.105868005992909
1997,3,"AK","rw_drift",76.7789150805739,76.14,0.638915080573938,0.408212480184801
1997,3,"AZ","rw_drift",77.5853674397578,77.13,0.455367439757765,0.207359505191542
1997,3,"AR","rw_drift",74.7883850815015,74.78,0.00838508150152961,7.03095917872941e-05
1997,3,"CA","rw_drift",77.9179054787864,78.09,-0.17209452121358,0.0296165242317314
1997,3,"CO","rw_drift",78.576376906179,78.36,0.216376906178979,0.0468189655275868
1997,3,"CT","rw_drift",78.418573575135,78.25,0.168573575134985,0.0284170502337905
1997,3,"DE","rw_drift",76.6078718926071,76.38,0.22787189260707,0.0519255994403278
1997,3,"FL","rw_drift",77.400054535761,76.97,0.430054535761016,0.184946903728623
1997,3,"GA","rw_drift",75.5800008338025,75.1,0.480000833802492,0.230400800451088
1997,3,"HI","rw_drift",79.6902162176165,79.51,0.180216217616461,0.0324778850919838
1997,3,"ID","rw_drift",78.3164712002614,78.08,0.23647120026142,0.0559186285530765
1997,3,"IL","rw_drift",76.8782998827774,76.55,0.328299882777415,0.107780813031664
1997,3,"IN","rw_drift",76.4758997362311,76.02,0.455899736231061,0.207844569495551
1997,3,"IA","rw_drift",78.634124328352,78.33,0.304124328351961,0.0924916070955311
1997,3,"KS","rw_drift",77.7343256614208,77.42,0.314325661420753,0.0988006214275939
1997,3,"KY","rw_drift",75.4408001827345,75.08,0.360800182734522,0.130176771861264
1997,3,"LA","rw_drift",74.3200947467714,74.09,0.2300947467714,0.0529435924917945
1997,3,"ME","rw_drift",78.0050504994077,77.59,0.415050499407656,0.172266917058544
1997,3,"MD","rw_drift",76.4635953567785,76.22,0.243595356778513,0.0593386978440512
1997,3,"MA","rw_drift",78.6256960223254,78.22,0.405696022325372,0.164589262530629
1997,3,"MI","rw_drift",76.7053545539712,76.35,0.355354553971196,0.126276859028068
1997,3,"MN","rw_drift",79.2738157111467,79.02,0.253815711146743,0.0644224152249267
1997,3,"MS","rw_drift",73.8228538277047,73.39,0.432853827704733,0.187362436158639
1997,3,"MO","rw_drift",76.1801399228384,76.08,0.100139922838366,0.0100280041460739
1997,3,"MT","rw_drift",77.6909131451556,77.29,0.400913145155627,0.160731349958577
1997,3,"NE","rw_drift",78.1243383045863,78.28,-0.155661695413713,0.0242305634190715
1997,3,"NV","rw_drift",76.301798417011,75.94,0.361798417010974,0.130898094551646
1997,3,"NH","rw_drift",78.5761237163283,78.51,0.066123716328292,0.00437234586106442
1997,3,"NJ","rw_drift",77.4879517487257,77.32,0.16795174872567,0.0282077899000107
1997,3,"NM","rw_drift",77.4695878553722,77.13,0.339587855372216,0.115319911516301
1997,3,"NY","rw_drift",77.5049281367574,77.63,-0.125071863242596,0.0156429709749746
1997,3,"NC","rw_drift",76.1915709482157,75.6,0.591570948215733,0.349956186772861
1997,3,"ND","rw_drift",78.9213842630833,78.77,0.151384263083344,0.022917195109287
1997,3,"OH","rw_drift",76.6418725036866,76.33,0.311872503686558,0.0972644585557224
1997,3,"OK","rw_drift",75.2743382165453,75.03,0.244338216545316,0.0597011640645457
1997,3,"OR","rw_drift",77.8084219010543,77.83,-0.0215780989456675,0.000465614354109018
1997,3,"PA","rw_drift",76.796315593441,76.65,0.14631559344096,0.0214082528839803
1997,3,"RI","rw_drift",78.2017001863676,77.97,0.231700186367604,0.0536849763627824
1997,3,"SC","rw_drift",75.3984668594093,74.74,0.658466859409344,0.433578604940405
1997,3,"SD","rw_drift",78.1798421832824,77.98,0.199842183282414,0.0399368982190818
1997,3,"TN","rw_drift",75.0840138960602,74.71,0.374013896060248,0.139886394446166
1997,3,"TX","rw_drift",76.6443337682761,76.52,0.124333768276117,0.015458885933739
1997,3,"UT","rw_drift",78.9623345855116,78.6,0.362334585511562,0.131286351857835
1997,3,"VT","rw_drift",78.3547847034638,78.19,0.164784703463809,0.0271539984956555
1997,3,"VA","rw_drift",76.9805028150711,76.77,0.210502815071095,0.0443114351528556
1997,3,"WA","rw_drift",78.4571546741213,78.19,0.267154674121286,0.0713716199048508
1997,3,"WV","rw_drift",75.1838109531934,74.88,0.303810953193448,0.0923010952803115
1997,3,"WI","rw_drift",78.3910943280269,77.97,0.421094328026896,0.177320433096423
1997,3,"WY","rw_drift",77.5471706268994,77.1,0.447170626899378,0.199961569561583
1997,4,"USA","rw_drift",77.2054906963953,76.93,0.275490696395323,0.0758951238003801
1997,4,"AL","rw_drift",74.9000253055342,74.51,0.390025305534238,0.152119738957075
1997,4,"AK","rw_drift",76.971790590048,76.42,0.551790590047972,0.304472855265489
1997,4,"AZ","rw_drift",77.7795420010161,77.29,0.489542001016105,0.239651370758852
1997,4,"AR","rw_drift",74.8935843069933,75.05,-0.156415693006693,0.024465869018764
1997,4,"CA","rw_drift",78.0783320447684,78.13,-0.0516679552315793,0.00266957759781248
1997,4,"CO","rw_drift",78.7596240110983,78.34,0.41962401109825,0.176084310690184
1997,4,"CT","rw_drift",78.5930627846553,78.61,-0.0169372153446972,0.000286869263632645
1997,4,"DE","rw_drift",76.773537637416,76.18,0.593537637416006,0.352286927029374
1997,4,"FL","rw_drift",77.568150651187,77.04,0.528150651187033,0.278943110349287
1997,4,"GA","rw_drift",75.7626218054331,75.28,0.48262180543307,0.232923807079476
1997,4,"HI","rw_drift",79.8847458665151,79.79,0.0947458665151117,0.00897677922169937
1997,4,"ID","rw_drift",78.4890060791165,78.14,0.34900607911645,0.121805243260237
1997,4,"IL","rw_drift",77.0523070526194,76.8,0.252307052619429,0.0636588488015033
1997,4,"IN","rw_drift",76.6184215636084,76.27,0.348421563608369,0.121397585987301
1997,4,"IA","rw_drift",78.7961273358951,78.63,0.166127335895069,0.0275982917315932
1997,4,"KS","rw_drift",77.8725232651354,77.35,0.522523265135405,0.273030562607765
1997,4,"KY","rw_drift",75.5753415041093,75.12,0.455341504109271,0.207335885364493
1997,4,"LA","rw_drift",74.4662871058995,74.04,0.426287105899505,0.181720696656175
1997,4,"ME","rw_drift",78.1973136058135,77.77,0.427313605813481,0.182596917713319
1997,4,"MD","rw_drift",76.6467754065873,76.39,0.25677540658728,0.0659336094280632
1997,4,"MA","rw_drift",78.8122596175484,78.27,0.542259617548453,0.294045492823794
1997,4,"MI","rw_drift",76.861911311819,76.63,0.231911311819033,0.0537828565496248
1997,4,"MN","rw_drift",79.4515247749457,79.23,0.221524774945664,0.049073225914727
1997,4,"MS","rw_drift",73.9655427235614,73.69,0.275542723561415,0.0759237925076423
1997,4,"MO","rw_drift",76.3163324145762,76.18,0.136332414576216,0.0185865272641813
1997,4,"MT","rw_drift",77.891888966958,77.48,0.41188896695796,0.169652521101696
1997,4,"NE","rw_drift",78.272535452025,78.3,-0.0274645479749864,0.000754301395470331
1997,4,"NV","rw_drift",76.5023208319134,75.96,0.542320831913415,0.294111884727258
1997,4,"NH","rw_drift",78.769364766382,78.56,0.209364766382024,0.0438336054021993
1997,4,"NJ","rw_drift",77.667664914011,77.37,0.297664914011051,0.0886044010332064
1997,4,"NM","rw_drift",77.6567209705501,76.94,0.716720970550099,0.513688949626277
1997,4,"NY","rw_drift",77.6943308140378,77.63,0.0643308140378451,0.00413845363477181
1997,4,"NC","rw_drift",76.3720840061774,76.02,0.352084006177378,0.123963147405912
1997,4,"ND","rw_drift",79.0945126278016,78.41,0.684512627801581,0.468557537619826
1997,4,"OH","rw_drift",76.796678500252,76.47,0.326678500252029,0.106718842526915
1997,4,"OK","rw_drift",75.3730123357221,75.3,0.0730123357220833,0.0053308011675942
1997,4,"OR","rw_drift",77.9783844446413,77.85,0.128384444641299,0.0164825656258546
1997,4,"PA","rw_drift",76.9726574385584,76.81,0.162657438558426,0.0264574423183882
1997,4,"RI","rw_drift",78.3855499231388,77.94,0.445549923138827,0.198514734009015
1997,4,"SC","rw_drift",75.6134320367015,75.05,0.563432036701528,0.317455659981632
1997,4,"SD","rw_drift",78.3510292055446,78.03,0.321029205544647,0.103059750812627
1997,4,"TN","rw_drift",75.216252274913,75.02,0.19625227491305,0.0385149554085473
1997,4,"TX","rw_drift",76.7925356574539,76.57,0.222535657453932,0.0495221188384537
1997,4,"UT","rw_drift",79.1371515504001,78.64,0.497151550400119,0.247159664065242
1997,4,"VT","rw_drift",78.5451366930636,78.31,0.235136693063595,0.0552892644248832
1997,4,"VA","rw_drift",77.1752753389731,77.06,0.115275338973092,0.0132884037753612
1997,4,"WA","rw_drift",78.639467881496,78.26,0.379467881496012,0.143995873087072
1997,4,"WV","rw_drift",75.3224731080618,75.1,0.222473108061848,0.0494942838106988
1997,4,"WI","rw_drift",78.5627867760725,78.07,0.492786776072478,0.242838806671907
1997,4,"WY","rw_drift",77.7266269098953,76.91,0.816626909895305,0.666879509965155
1997,5,"USA","rw_drift",77.3744561913349,77.02,0.354456191334862,0.125639191575616
1997,5,"AL","rw_drift",75.0546769704752,74.5,0.554676970475228,0.307666541575577
1997,5,"AK","rw_drift",77.164666099522,76.88,0.284666099522013,0.0810347882170768
1997,5,"AZ","rw_drift",77.9737165622745,77.26,0.713716562274456,0.509391331264868
1997,5,"AR","rw_drift",74.9987835324851,74.82,0.178783532485085,0.0319635514878453
1997,5,"CA","rw_drift",78.2387586107504,78.37,-0.131241389249595,0.0172243022521638
1997,5,"CO","rw_drift",78.9428711160175,78.29,0.652871116017522,0.426240694129965
1997,5,"CT","rw_drift",78.7675519941756,78.72,0.0475519941756204,0.00226119215007824
1997,5,"DE","rw_drift",76.939203382225,77.03,-0.090796617775041,0.00824402579938689
1997,5,"FL","rw_drift",77.7362467666131,77.21,0.52624676661307,0.276935659370711
1997,5,"GA","rw_drift",75.9452427770637,75.46,0.485242777063661,0.235460552692454
1997,5,"HI","rw_drift",80.0792755154138,79.72,0.359275515413771,0.12907889597583
1997,5,"ID","rw_drift",78.6615409579715,78.34,0.321540957971479,0.103388587653216
1997,5,"IL","rw_drift",77.2263142224614,76.87,0.356314222461435,0.126959825128297
1997,5,"IN","rw_drift",76.7609433909857,76.41,0.350943390985677,0.123161263676526
1997,5,"IA","rw_drift",78.9581303434382,78.74,0.218130343438176,0.0475808467284566
1997,5,"KS","rw_drift",78.01072086885,77.35,0.660720868850049,0.436552066533964
1997,5,"KY","rw_drift",75.709882825484,74.91,0.799882825484033,0.63981253450432
1997,5,"LA","rw_drift",74.6124794650276,74.07,0.542479465027625,0.294283969976659
1997,5,"ME","rw_drift",78.3895767122193,77.66,0.729576712219298,0.532282179012721
1997,5,"MD","rw_drift",76.829955456396,76.66,0.169955456396053,0.0288848571587908
1997,5,"MA","rw_drift",78.9988232127715,78.37,0.628823212771522,0.395418632920299
1997,5,"MI","rw_drift",77.0184680696669,76.62,0.398468069666862,0.158776802544035
1997,5,"MN","rw_drift",79.6292338387446,79.2,0.429233838744594,0.18424168832342
1997,5,"MS","rw_drift",74.1082316194181,73.58,0.528231619418094,0.279028643753062
1997,5,"MO","rw_drift",76.4525249063141,76.03,0.422524906314081,0.178527296455723
1997,5,"MT","rw_drift",78.0928647887603,77.12,0.97286478876029,0.946465897209604
1997,5,"NE","rw_drift",78.4207325994637,77.9,0.520732599463727,0.271162440144251
1997,5,"NV","rw_drift",76.7028432468158,76.1,0.602843246815851,0.363419980231477
1997,5,"NH","rw_drift",78.9626058164358,78.73,0.23260581643575,0.0541054658397421
1997,5,"NJ","rw_drift",77.8473780792964,77.79,0.0573780792964413,0.00329224398374871
1997,5,"NM","rw_drift",77.843854085728,76.92,0.923854085727982,0.853506371716285
1997,5,"NY","rw_drift",77.8837334913183,78.02,-0.136266508681715,0.0185685613883038
1997,5,"NC","rw_drift",76.552597064139,76.2,0.352597064139019,0.124324689639455
1997,5,"ND","rw_drift",79.2676409925198,78.9,0.36764099251981,0.135159899380951
1997,5,"OH","rw_drift",76.9514844968175,76.4,0.551484496817494,0.304135150230045
1997,5,"OK","rw_drift",75.4716864548988,75.05,0.421686454898847,0.177819466245157
1997,5,"OR","rw_drift",78.1483469882283,77.69,0.458346988228257,0.210081961617914
1997,5,"PA","rw_drift",77.1489992836759,76.85,0.298999283675897,0.0894005716386997
1997,5,"RI","rw_drift",78.56939965991,77.85,0.719399659910053,0.5175358706787
1997,5,"SC","rw_drift",75.8283972139937,75.08,0.748397213993712,0.56009838991355
1997,5,"SD","rw_drift",78.5222162278069,78.29,0.232216227806873,0.0539243764568536
1997,5,"TN","rw_drift",75.3484906537659,74.81,0.538490653765848,0.28997218419317
1997,5,"TX","rw_drift",76.9407375466317,76.6,0.340737546631743,0.116102075684619
1997,5,"UT","rw_drift",79.3119685152887,78.59,0.72196851528868,0.52123853706814
1997,5,"VT","rw_drift",78.7354886826634,78.78,-0.0445113173366138,0.00198125737104074
1997,5,"VA","rw_drift",77.3700478628751,77.17,0.200047862875095,0.040019147440893
1997,5,"WA","rw_drift",78.8217810888708,78.33,0.491781088870752,0.241848639370903
1997,5,"WV","rw_drift",75.4611352629302,74.82,0.641135262930248,0.411054425372639
1997,5,"WI","rw_drift",78.734479224118,78.13,0.604479224118052,0.365395132390362
1997,5,"WY","rw_drift",77.9060831928912,76.58,1.32608319289123,1.75849663446861
1997,6,"USA","rw_drift",77.5434216862744,77.17,0.373421686274384,0.139443755780004
1997,6,"AL","rw_drift",75.2093286354162,74.48,0.729328635416209,0.53192025843807
1997,6,"AK","rw_drift",77.357541608996,76.61,0.747541608996045,0.558818457180395
1997,6,"AZ","rw_drift",78.1678911235328,77.45,0.717891123532809,0.515367665247198
1997,6,"AR","rw_drift",75.1039827579769,75.15,-0.0460172420231544,0.00211758656341757
1997,6,"CA","rw_drift",78.3991851767324,78.38,0.0191851767324067,0.00036807100625368
1997,6,"CO","rw_drift",79.1261182209368,78.39,0.736118220936802,0.541870035195163
1997,6,"CT","rw_drift",78.9420412036959,79.09,-0.147958796304067,0.0218918054037484
1997,6,"DE","rw_drift",77.1048691270339,76.97,0.134869127033909,0.0181896814268886
1997,6,"FL","rw_drift",77.9043428820391,77.32,0.584342882039095,0.341456603789756
1997,6,"GA","rw_drift",76.1278637486942,75.54,0.587863748694232,0.345583787028836
1997,6,"HI","rw_drift",80.2738051643124,79.81,0.463805164312419,0.21511523044287
1997,6,"ID","rw_drift",78.8340758368265,78.15,0.684075836826509,0.467959750529888
1997,6,"IL","rw_drift",77.4003213923035,77.13,0.270321392303458,0.0730736551368801
1997,6,"IN","rw_drift",76.903465218363,76.41,0.493465218362985,0.243507921734029
1997,6,"IA","rw_drift",79.1201333509813,78.65,0.470133350981271,0.221025367704879
1997,6,"KS","rw_drift",78.1489184725647,77.71,0.438918472564694,0.192649425558524
1997,6,"KY","rw_drift",75.8444241468588,75.1,0.74442414685879,0.554167310426438
1997,6,"LA","rw_drift",74.7586718241557,74.08,0.678671824155728,0.460595444902864
1997,6,"ME","rw_drift",78.5818398186251,77.94,0.641839818625115,0.411958352772721
1997,6,"MD","rw_drift",77.0131355062048,76.68,0.333135506204812,0.110979265494336
1997,6,"MA","rw_drift",79.1853868079946,78.53,0.655386807994603,0.429531868093354
1997,6,"MI","rw_drift",77.1750248275147,76.92,0.255024827514703,0.0650376626489039
1997,6,"MN","rw_drift",79.8069429025435,79.65,0.15694290254352,0.0246310746587848
1997,6,"MS","rw_drift",74.2509205152748,73.79,0.460920515274765,0.212447721401155
1997,6,"MO","rw_drift",76.5887173980519,76.25,0.338717398051941,0.114729475743077
1997,6,"MT","rw_drift",78.2938406105626,77.24,1.05384061056263,1.11058003247102
1997,6,"NE","rw_drift",78.5689297469025,78.43,0.138929746902448,0.0193014745743784
1997,6,"NV","rw_drift",76.9033656617183,75.95,0.95336566171828,0.908906084943534
1997,6,"NH","rw_drift",79.1558468664895,79.21,-0.0541531335105105,0.00293256186900718
1997,6,"NJ","rw_drift",78.0270912445818,78.01,0.0170912445818345,0.000292110641356088
1997,6,"NM","rw_drift",78.0309872009059,76.82,1.21098720090588,1.46649000075785
1997,6,"NY","rw_drift",78.0731361685987,78.31,-0.23686383140128,0.0561044746260939
1997,6,"NC","rw_drift",76.7331101221007,76.22,0.51311012210067,0.263281997402165
1997,6,"ND","rw_drift",79.440769357238,78.43,1.01076935723805,1.02165469353141
1997,6,"OH","rw_drift",77.106290493383,76.58,0.526290493382973,0.276981683425293
1997,6,"OK","rw_drift",75.5703605740756,75.07,0.500360574075614,0.250360704089278
1997,6,"OR","rw_drift",78.3183095318152,77.9,0.418309531815211,0.174982864407461
1997,6,"PA","rw_drift",77.3253411287934,77.01,0.315341128793349,0.0994400275086638
1997,6,"RI","rw_drift",78.7532493966813,78.06,0.693249396681267,0.480594725998941
1997,6,"SC","rw_drift",76.0433623912859,75.24,0.803362391285901,0.645391131732602
1997,6,"SD","rw_drift",78.6934032500691,77.76,0.933403250069105,0.871241627239569
1997,6,"TN","rw_drift",75.4807290326187,74.85,0.63072903261866,0.397819112588071
1997,6,"TX","rw_drift",77.0889394358096,76.85,0.238939435809556,0.0570920539849888
1997,6,"UT","rw_drift",79.4867854801772,78.62,0.866785480177242,0.751317068646092
1997,6,"VT","rw_drift",78.9258406722632,78.9,0.0258406722631719,0.000667740343012661
1997,6,"VA","rw_drift",77.5648203867771,77.14,0.4248203867771,0.180472361021445
1997,6,"WA","rw_drift",79.0040942962455,78.47,0.534094296245485,0.28525671728196
1997,6,"WV","rw_drift",75.5997974177986,74.89,0.70979741779864,0.503812374313617
1997,6,"WI","rw_drift",78.9061716721636,78.51,0.396171672163618,0.156951993824917
1997,6,"WY","rw_drift",78.0855394758872,76.85,1.23553947588717,1.52655779647553
1997,7,"USA","rw_drift",77.7123871812139,77.57,0.14238718121392,0.0202741093740456
1997,7,"AL","rw_drift",75.3639803003572,74.63,0.733980300357203,0.53872708131245
1997,7,"AK","rw_drift",77.5504171184701,77.49,0.0604171184700846,0.00365022820422823
1997,7,"AZ","rw_drift",78.3620656847912,77.82,0.542065684791169,0.293835206628119
1997,7,"AR","rw_drift",75.2091819834686,75.26,-0.0508180165313803,0.00258247080418364
1997,7,"CA","rw_drift",78.5596117427144,78.9,-0.34038825728561,0.115864165697935
1997,7,"CO","rw_drift",79.3093653258561,79.1,0.209365325856083,0.043833839670824
1997,7,"CT","rw_drift",79.1165304132163,79.34,-0.22346958678375,0.0499386562173
1997,7,"DE","rw_drift",77.2705348718429,77.07,0.200534871842862,0.0402142348250331
1997,7,"FL","rw_drift",78.0724389974651,77.56,0.512438997465111,0.262593726123048
1997,7,"GA","rw_drift",76.3104847203248,75.91,0.400484720324826,0.160388011213654
1997,7,"HI","rw_drift",80.4683348132111,80.12,0.348334813211068,0.121337142094789
1997,7,"ID","rw_drift",79.0066107156815,78.71,0.296610715681553,0.0879779166571228
1997,7,"IL","rw_drift",77.5743285621455,77.57,0.00432856214547428,1.87364502472329e-05
1997,7,"IN","rw_drift",77.0459870457403,76.88,0.165987045740295,0.0275516993535906
1997,7,"IA","rw_drift",79.2821363585244,79.24,0.0421363585243881,0.00177547270969578
1997,7,"KS","rw_drift",78.2871160762793,77.97,0.317116076279333,0.1005626058348
1997,7,"KY","rw_drift",75.9789654682335,75.58,0.398965468233541,0.159173444842809
1997,7,"LA","rw_drift",74.9048641832838,74.16,0.744864183283838,0.554822651539098
1997,7,"ME","rw_drift",78.7741029250309,78.11,0.664102925030932,0.441032695034639
1997,7,"MD","rw_drift",77.1963155560136,77.24,-0.0436844439864075,0.00190833064640157
1997,7,"MA","rw_drift",79.3719504032177,79.02,0.351950403217685,0.123869086325091
1997,7,"MI","rw_drift",77.3315815853625,77.33,0.00158158536254405,2.50141225901358e-06
1997,7,"MN","rw_drift",79.9846519663425,80,-0.0153480336575456,0.000235562137153151
1997,7,"MS","rw_drift",74.3936094111315,74.12,0.273609411131446,0.0748621098596965
1997,7,"MO","rw_drift",76.7249098897898,76.65,0.0749098897897937,0.00561149158831904
1997,7,"MT","rw_drift",78.494816432365,78.12,0.374816432364952,0.140487357970791
1997,7,"NE","rw_drift",78.7171268943412,78.98,-0.262873105658826,0.0691022696787165
1997,7,"NV","rw_drift",77.1038880766207,76.39,0.713888076620719,0.50963618594123
1997,7,"NH","rw_drift",79.3490879165432,79.03,0.319087916543211,0.101817098483887
1997,7,"NJ","rw_drift",78.2068044098672,78.46,-0.253195590132762,0.0641080068626776
1997,7,"NM","rw_drift",78.2181203160838,77.45,0.768120316083753,0.590008819980604
1997,7,"NY","rw_drift",78.2625388458792,78.66,-0.397461154120833,0.157975369035065
1997,7,"NC","rw_drift",76.9136231800623,76.55,0.363623180062319,0.132221817078634
1997,7,"ND","rw_drift",79.6138977219563,79.7,-0.0861022780437111,0.00741360228431653
1997,7,"OH","rw_drift",77.2610964899484,76.92,0.341096489948441,0.116346815455147
1997,7,"OK","rw_drift",75.6690346932524,75.45,0.219034693252368,0.047976196848159
1997,7,"OR","rw_drift",78.4882720754022,78.38,0.108272075402184,0.0117228423118961
1997,7,"PA","rw_drift",77.5016829739108,77.3,0.20168297391082,0.0406760219655126
1997,7,"RI","rw_drift",78.9370991334525,78.72,0.217099133452493,0.0471320337458233
1997,7,"SC","rw_drift",76.2583275685781,75.7,0.558327568578079,0.31172967383431
1997,7,"SD","rw_drift",78.8645902723313,78.43,0.434590272331334,0.188868704805023
1997,7,"TN","rw_drift",75.6129674114715,75.29,0.322967411471453,0.104307948872571
1997,7,"TX","rw_drift",77.2371413249874,77.28,-0.0428586750126385,0.00183686602383897
1997,7,"UT","rw_drift",79.6616024450658,78.85,0.811602445065816,0.658698528836811
1997,7,"VT","rw_drift",79.116192661863,79.48,-0.363807338137036,0.132355779282356
1997,7,"VA","rw_drift",77.7595929106791,77.75,0.00959291067910328,9.20239352972538e-05
1997,7,"WA","rw_drift",79.1864075036202,78.98,0.206407503620213,0.0426040575507281
1997,7,"WV","rw_drift",75.738459572667,75.15,0.588459572667034,0.346284668663468
1997,7,"WI","rw_drift",79.0778641202092,78.87,0.207864120209194,0.0432074924703424
1997,7,"WY","rw_drift",78.2649957588831,77.62,0.644995758883084,0.416019528977166
1997,8,"USA","rw_drift",77.8813526761534,77.56,0.321352676153438,0.103267542470977
1997,8,"AL","rw_drift",75.5186319652982,74.56,0.958631965298181,0.918975244891454
1997,8,"AK","rw_drift",77.7432926279441,77.67,0.0732926279441131,0.00537180931095418
1997,8,"AZ","rw_drift",78.5562402460495,77.52,1.03624024604952,1.07379384753276
1997,8,"AR","rw_drift",75.3143812089604,75.34,-0.0256187910396051,0.000656322454330949
1997,8,"CA","rw_drift",78.7200383086964,78.91,-0.189961691303608,0.0360854441629274
1997,8,"CO","rw_drift",79.4926124307754,78.97,0.522612430775354,0.273123752800924
1997,8,"CT","rw_drift",79.2910196227366,79.51,-0.218980377263435,0.0479524056264363
1997,8,"DE","rw_drift",77.4362006166518,77.14,0.296200616651802,0.087734805304908
1997,8,"FL","rw_drift",78.2405351128911,77.68,0.560535112891131,0.314199612783873
1997,8,"GA","rw_drift",76.4931056919554,76.13,0.363105691955411,0.131845743530418
1997,8,"HI","rw_drift",80.6628644621097,80.25,0.412864462109724,0.170457064073152
1997,8,"ID","rw_drift",79.1791455945366,78.69,0.489145594536581,0.239263412654545
1997,8,"IL","rw_drift",77.7483357319875,77.61,0.138335731987482,0.0191367747445124
1997,8,"IN","rw_drift",77.1885088731176,76.73,0.458508873117594,0.210230386727566
1997,8,"IA","rw_drift",79.4441393660675,78.98,0.464139366067485,0.215425351133527
1997,8,"KS","rw_drift",78.425313679994,77.77,0.655313679993981,0.429436019187253
1997,8,"KY","rw_drift",76.1135067896083,75.43,0.683506789608288,0.467181531440628
1997,8,"LA","rw_drift",75.0510565424119,73.67,1.38105654241194,1.90731717333882
1997,8,"ME","rw_drift",78.9663660314367,77.87,1.09636603143674,1.20201847488836
1997,8,"MD","rw_drift",77.3794956058224,77.43,-0.0505043941776506,0.00255069383125151
1997,8,"MA","rw_drift",79.5585139984408,79.28,0.278513998440758,0.0775700473274585
1997,8,"MI","rw_drift",77.4881383432104,77.23,0.258138343210376,0.066635404235398
1997,8,"MN","rw_drift",80.1623610301414,80.09,0.07236103014138,0.0052361186831217
1997,8,"MS","rw_drift",74.5362983069881,73.7,0.836298306988127,0.699394858271207
1997,8,"MO","rw_drift",76.8611023815277,76.63,0.231102381527663,0.0534083107477574
1997,8,"MT","rw_drift",78.6957922541673,77.68,1.01579225416728,1.03183390362624
1997,8,"NE","rw_drift",78.8653240417799,78.93,-0.0646759582201071,0.00418297957168904
1997,8,"NV","rw_drift",77.3044104915232,76.08,1.22441049152316,1.49918105175198
1997,8,"NH","rw_drift",79.5423289665969,79.12,0.422328966596936,0.178361756026836
1997,8,"NJ","rw_drift",78.3865175751526,78.59,-0.20348242484738,0.0414050972217695
1997,8,"NM","rw_drift",78.4052534312616,77.28,1.12525343126164,1.2661952845661
1997,8,"NY","rw_drift",78.4519415231596,78.84,-0.388058476840399,0.150589381447691
1997,8,"NC","rw_drift",77.094136238024,76.61,0.484136238023964,0.234387896967997
1997,8,"ND","rw_drift",79.7870260866745,79.44,0.347026086674532,0.12042710483264
1997,8,"OH","rw_drift",77.4159024865139,76.77,0.645902486513918,0.417190022084863
1997,8,"OK","rw_drift",75.7677088124291,75.05,0.717708812429137,0.515105939438443
1997,8,"OR","rw_drift",78.6582346189891,78.38,0.278234618989146,0.077414503204035
1997,8,"PA","rw_drift",77.6780248190283,77.24,0.438024819028286,0.191865742084762
1997,8,"RI","rw_drift",79.1209488702237,78.65,0.470948870223708,0.221792838364987
1997,8,"SC","rw_drift",76.4732927458703,75.61,0.863292745870268,0.745274365072227
1997,8,"SD","rw_drift",79.0357772945936,78.3,0.735777294593575,0.54136822723944
1997,8,"TN","rw_drift",75.7452057903243,75.23,0.515205790324259,0.265437006383645
1997,8,"TX","rw_drift",77.3853432141652,77.36,0.0253432141651757,0.000642278504221963
1997,8,"UT","rw_drift",79.8364194099544,79.2,0.636419409954371,0.40502966536667
1997,8,"VT","rw_drift",79.3065446514628,79.36,-0.0534553485372413,0.00285747428723795
1997,8,"VA","rw_drift",77.9543654345811,77.73,0.224365434581102,0.0503398482347669
1997,8,"WA","rw_drift",79.368720710995,78.97,0.398720710994951,0.158978205376319
1997,8,"WV","rw_drift",75.8771217275354,75.23,0.647121727535435,0.418766530248446
1997,8,"WI","rw_drift",79.2495565682548,78.71,0.539556568254781,0.291121290346876
1997,8,"WY","rw_drift",78.444452041879,77.47,0.974452041879019,0.949556781922189
1997,9,"USA","rw_drift",78.050318171093,77.83,0.22031817109297,0.0485400965137511
1997,9,"AL","rw_drift",75.6732836302392,74.58,1.09328363023917,1.19526909614894
1997,9,"AK","rw_drift",77.9361681374182,77.32,0.616168137418157,0.379663173569361
1997,9,"AZ","rw_drift",78.7504148073079,77.71,1.04041480730787,1.08246297126547
1997,9,"AR","rw_drift",75.4195804344522,75.44,-0.0204195655478259,0.000416958657161957
1997,9,"CA","rw_drift",78.8804648746784,79.14,-0.259535125321619,0.0673584812757087
1997,9,"CO","rw_drift",79.6758595356946,79.38,0.295859535694632,0.0875328648614431
1997,9,"CT","rw_drift",79.4655088322569,79.68,-0.21449116774312,0.0460064610398071
1997,9,"DE","rw_drift",77.6018663614608,77.67,-0.0681336385392513,0.00464219270059734
1997,9,"FL","rw_drift",78.4086312283172,77.89,0.518631228317162,0.268978350985768
1997,9,"GA","rw_drift",76.675726663586,76.28,0.39572666358599,0.156599592272899
1997,9,"HI","rw_drift",80.8573941110084,80.13,0.72739411100838,0.529102192729671
1997,9,"ID","rw_drift",79.3516804733916,78.86,0.491680473391611,0.241749687914599
1997,9,"IL","rw_drift",77.9223429018295,77.92,0.00234290182949337,5.48918898264339e-06
1997,9,"IN","rw_drift",77.3310307004949,76.84,0.491030700494903,0.241111148828515
1997,9,"IA","rw_drift",79.6061423736106,79.29,0.316142373610589,0.0999460003921371
1997,9,"KS","rw_drift",78.5635112837086,77.9,0.663511283708615,0.440247223608655
1997,9,"KY","rw_drift",76.248048110983,75.57,0.678048110983056,0.459749240807691
1997,9,"LA","rw_drift",75.19724890154,74.67,0.527248901540048,0.277991404175187
1997,9,"ME","rw_drift",79.1586291378426,78.43,0.72862913784256,0.530900420513193
1997,9,"MD","rw_drift",77.5626756556311,77.61,-0.0473243443688744,0.00223959356994382
1997,9,"MA","rw_drift",79.7450775936638,79.55,0.195077593663839,0.038055267549674
1997,9,"MI","rw_drift",77.6446951010582,77.52,0.124695101058222,0.0155488682279203
1997,9,"MN","rw_drift",80.3400700939403,80.31,0.03007009394031,0.000904210549579069
1997,9,"MS","rw_drift",74.6789872028448,73.95,0.728987202844806,0.531422341911494
1997,9,"MO","rw_drift",76.9972948732655,76.72,0.277294873265518,0.0768924467393397
1997,9,"MT","rw_drift",78.8967680759696,78.04,0.856768075969612,0.73405153600067
1997,9,"NE","rw_drift",79.0135211892186,79.12,-0.106478810781383,0.0113377371454175
1997,9,"NV","rw_drift",77.5049329064256,76.57,0.934932906425601,0.874099539517422
1997,9,"NH","rw_drift",79.7355700166507,79.52,0.215570016650673,0.0464704320787716
1997,9,"NJ","rw_drift",78.566230740438,78.8,-0.233769259561981,0.054648066716157
1997,9,"NM","rw_drift",78.5923865464395,77.35,1.24238654643953,1.54352433077395
1997,9,"NY","rw_drift",78.64134420044,79.21,-0.568655799559949,0.323369418373164
1997,9,"NC","rw_drift",77.2746492959856,76.86,0.414649295985612,0.171934038661364
1997,9,"ND","rw_drift",79.9601544513928,79.29,0.670154451392762,0.449106988721533
1997,9,"OH","rw_drift",77.5707084830794,77.13,0.440708483079391,0.194223967058137
1997,9,"OK","rw_drift",75.8663829316059,75.37,0.496382931605893,0.246396014789661
1997,9,"OR","rw_drift",78.8281971625761,78.52,0.308197162576107,0.0949854910199634
1997,9,"PA","rw_drift",77.8543666641457,77.58,0.274366664145745,0.0752770663944641
1997,9,"RI","rw_drift",79.3047986069949,78.98,0.324798606994932,0.105494135105848
1997,9,"SC","rw_drift",76.6882579231625,75.95,0.73825792316245,0.545024761112135
1997,9,"SD","rw_drift",79.2069643168558,78.65,0.556964316855797,0.310209250250645
1997,9,"TN","rw_drift",75.8774441691771,75.52,0.357444169177072,0.127766334078687
1997,9,"TX","rw_drift",77.533545103343,77.63,-0.0964548966570078,0.00930354708911405
1997,9,"UT","rw_drift",80.0112363748429,79.22,0.791236374842939,0.626055000874595
1997,9,"VT","rw_drift",79.4968966410625,79.43,0.0668966410625416,0.00447516058545052
1997,9,"VA","rw_drift",78.1491379584831,78.08,0.0691379584831111,0.0047800573032124
1997,9,"WA","rw_drift",79.5510339183697,79.33,0.221033918369685,0.0488559930698564
1997,9,"WV","rw_drift",76.0157838824038,75.23,0.785783882403834,0.617456309845642
1997,9,"WI","rw_drift",79.4212490163004,79.09,0.331249016300347,0.109725910799948
1997,9,"WY","rw_drift",78.623908324875,77.1,1.52390832487495,2.32229658262318
1997,10,"USA","rw_drift",78.2192836660325,78.08,0.139283666032497,0.0193999396234523
1997,10,"AL","rw_drift",75.8279352951802,74.89,0.937935295180154,0.879722617944682
1997,10,"AK","rw_drift",78.1290436468922,77.39,0.739043646892185,0.5461855120117
1997,10,"AZ","rw_drift",78.9445893685662,78.29,0.654589368566207,0.428487241439905
1997,10,"AR","rw_drift",75.524779659944,75.64,-0.115220340056055,0.013275726762633
1997,10,"CA","rw_drift",79.0408914406604,79.52,-0.479108559339622,0.229545011632488
1997,10,"CO","rw_drift",79.8591066406139,79.58,0.279106640613904,0.0779005168347788
1997,10,"CT","rw_drift",79.6399980417772,80.04,-0.400001958222802,0.160001566582076
1997,10,"DE","rw_drift",77.7675321062697,77.98,-0.212467893730306,0.0451426058661926
1997,10,"FL","rw_drift",78.5767273437432,78.25,0.326727343743187,0.106750757149479
1997,10,"GA","rw_drift",76.8583476352166,76.51,0.34834763521657,0.121346074960976
1997,10,"HI","rw_drift",81.051923759907,80.46,0.591923759907033,0.350373737542479
1997,10,"ID","rw_drift",79.5242153522466,79.03,0.494215352246641,0.244248814396272
1997,10,"IL","rw_drift",78.0963500716715,78.26,-0.163649928328496,0.026781299041922
1997,10,"IN","rw_drift",77.4735525278722,77.41,0.0635525278722184,0.0040389237989491
1997,10,"IA","rw_drift",79.7681453811537,79.38,0.388145381153706,0.150656836910955
1997,10,"KS","rw_drift",78.7017088874233,78.16,0.541708887423269,0.293448518713356
1997,10,"KY","rw_drift",76.3825894323578,75.86,0.522589432357805,0.273099714812052
1997,10,"LA","rw_drift",75.3434412606682,74.87,0.473441260668153,0.22414662730305
1997,10,"ME","rw_drift",79.3508922442484,78.59,0.760892244248382,0.578957007357339
1997,10,"MD","rw_drift",77.7458557054399,77.8,-0.0541442945601034,0.00293160463341124
1997,10,"MA","rw_drift",79.9316411888869,79.73,0.20164118888691,0.0406591690557265
1997,10,"MI","rw_drift",77.801251858906,77.61,0.191251858906057,0.0365772735350222
1997,10,"MN","rw_drift",80.5177791577392,80.56,-0.0422208422607611,0.00178259952120807
1997,10,"MS","rw_drift",74.8216760987015,74.36,0.461676098701489,0.213144820112227
1997,10,"MO","rw_drift",77.1334873650034,77.11,0.0234873650033762,0.000551656314801822
1997,10,"MT","rw_drift",79.097743897772,78.17,0.927743897771947,0.860708739853085
1997,10,"NE","rw_drift",79.1617183366573,78.98,0.18171833665734,0.0330215538775105
1997,10,"NV","rw_drift",77.705455321328,77.04,0.665455321328025,0.442830784683785
1997,10,"NH","rw_drift",79.9288110667044,79.51,0.418811066704393,0.175402709594071
1997,10,"NJ","rw_drift",78.7459439057234,79.26,-0.514056094276597,0.26425366806291
1997,10,"NM","rw_drift",78.7795196616174,77.42,1.35951966161741,1.84829371032432
1997,10,"NY","rw_drift",78.8307468777205,79.46,-0.629253122279508,0.395959491898509
1997,10,"NC","rw_drift",77.4551623539473,77.02,0.435162353947263,0.189366274292923
1997,10,"ND","rw_drift",80.133282816111,79.81,0.323282816111004,0.104511779192661
1997,10,"OH","rw_drift",77.7255144796449,77.29,0.435514479644851,0.189672861980326
1997,10,"OK","rw_drift",75.9650570507827,75.28,0.68505705078266,0.469303162827036
1997,10,"OR","rw_drift",78.9981597061631,78.75,0.248159706163065,0.0615832397629388
1997,10,"PA","rw_drift",78.0307085092632,77.89,0.140708509263206,0.0197988845790737
1997,10,"RI","rw_drift",79.4886483437662,79.09,0.398648343766155,0.158920501987498
1997,10,"SC","rw_drift",76.9032231004546,76.13,0.773223100454643,0.597873963076692
1997,10,"SD","rw_drift",79.378151339118,79.28,0.0981513391180329,0.00963368537066309
1997,10,"TN","rw_drift",76.0096825480299,75.86,0.149682548029872,0.0224048651847151
1997,10,"TX","rw_drift",77.6817469925208,77.7,-0.0182530074792027,0.000333172282035828
1997,10,"UT","rw_drift",80.1860533397315,79.22,0.966053339731502,0.933259055206389
1997,10,"VT","rw_drift",79.6872486306623,79.57,0.117248630662345,0.0137472413921951
1997,10,"VA","rw_drift",78.3439104823851,78.19,0.153910482385115,0.0236884365880187
1997,10,"WA","rw_drift",79.7333471257444,79.34,0.393347125744413,0.154721961331391
1997,10,"WV","rw_drift",76.1544460372722,75.06,1.09444603727223,1.1978121285009
1997,10,"WI","rw_drift",79.5929414643459,79.12,0.472941464345922,0.223673628697665
1997,10,"WY","rw_drift",78.8033646078709,77.34,1.46336460787087,2.14143597556907
1997,1,"USA","unpooled",76.6985910188918,76.69,0.00859101889179215,7.38056055991295e-05
1997,1,"AL","unpooled",74.4270488583067,74.29,0.137048858306699,0.0187823895631696
1997,1,"AK","unpooled",76.3654697518496,76.8,-0.434530248150381,0.188816536557632
1997,1,"AZ","unpooled",77.1968879664083,77.05,0.146887966408272,0.0215760746755577
1997,1,"AR","unpooled",74.6183331050353,74.84,-0.221666894964699,0.0491362123232908
1997,1,"CA","unpooled",77.597051962561,77.64,-0.0429480374389755,0.00184453391985964
1997,1,"CO","unpooled",78.1804433257244,77.98,0.200443325724393,0.0401775268274552
1997,1,"CT","unpooled",78.0695949954253,78.03,0.0395949954252615,0.00156776366272648
1997,1,"DE","unpooled",76.2734766818514,76.34,-0.06652331814864,0.00442535185750517
1997,1,"FL","unpooled",77.0638629802813,76.99,0.0738629802812909,0.00545573985603437
1997,1,"GA","unpooled",75.1934630033803,75.16,0.033463003380291,0.00111977259522936
1997,1,"HI","unpooled",79.3011565407873,79.25,0.0511565407873178,0.00261699166532451
1997,1,"ID","unpooled",77.9714010520593,77.88,0.0914010520593251,0.00835415231755146
1997,1,"IL","unpooled",76.5302865440981,76.4,0.130286544098112,0.0169745835730293
1997,1,"IN","unpooled",76.187386183726,76.17,0.0173861837259892,0.000302279384553852
1997,1,"IA","unpooled",78.2975445035453,78.1,0.197544503545316,0.0390238308809655
1997,1,"KS","unpooled",77.4450889198402,77.34,0.105088919840227,0.0110436810731857
1997,1,"KY","unpooled",75.1789429465857,75.28,-0.101057053414337,0.0102125280447881
1997,1,"LA","unpooled",74.0271431944817,74.04,-0.0128568055183393,0.000165297448136401
1997,1,"ME","unpooled",77.6252746981311,77.38,0.245274698131126,0.0601596775433152
1997,1,"MD","unpooled",76.0479495373712,76.13,-0.0820504626287573,0.00673227841759309
1997,1,"MA","unpooled",78.1756690562414,78.16,0.0156690562414212,0.000245519323496822
1997,1,"MI","unpooled",76.3922398615211,76.24,0.152239861521139,0.0231769754359755
1997,1,"MN","unpooled",78.8999534964578,78.86,0.0399534964577555,0.00159628187919988
1997,1,"MS","unpooled",73.5405928565306,73.43,0.110592856530545,0.0122307799155857
1997,1,"MO","unpooled",75.9077563949849,75.82,0.087756394984936,0.00770118486075211
1997,1,"MT","unpooled",77.288958780622,77.23,0.0589587806219498,0.0034761378124272
1997,1,"NE","unpooled",77.8279460192151,77.89,-0.0620539807848814,0.00385069653125044
1997,1,"NV","unpooled",75.8842447463702,75.54,0.344244746370165,0.11850444540346
1997,1,"NH","unpooled",78.1896416464144,78.1,0.089641646414421,0.00803562477188807
1997,1,"NJ","unpooled",77.1285247830294,77.38,-0.251475216970633,0.0632397847504268
1997,1,"NM","unpooled",77.089938278381,77.07,0.0199382783809625,0.000397534944796757
1997,1,"NY","unpooled",77.1261238543741,77.4,-0.273876145625863,0.0750081431428789
1997,1,"NC","unpooled",75.830545763173,75.66,0.17054576317301,0.0290858573362644
1997,1,"ND","unpooled",78.5624488693314,78.22,0.34244886933142,0.117271228106368
1997,1,"OH","unpooled",76.3269191231212,76.29,0.0369191231212085,0.00136302165203895
1997,1,"OK","unpooled",75.1129468351089,75.15,-0.0370531648911339,0.00137293702844956
1997,1,"OR","unpooled",77.4684978040725,77.32,0.148497804072477,0.0220515978143477
1997,1,"PA","unpooled",76.4396587848927,76.73,-0.290341215107318,0.0842980211899941
1997,1,"RI","unpooled",77.9078516272646,77.95,-0.0421483727354399,0.00177648532424558
1997,1,"SC","unpooled",74.9321312955505,74.78,0.152131295550461,0.0231439310858618
1997,1,"SD","unpooled",77.8312005435822,77.46,0.371200543582233,0.137789843555746
1997,1,"TN","unpooled",74.8222245794483,74.8,0.0222245794483058,0.000493931931654057
1997,1,"TX","unpooled",76.345552443444,76.51,-0.164447556555984,0.0270429988572337
1997,1,"UT","unpooled",78.6713918896439,78.42,0.25139188964387,0.0631978821787155
1997,1,"VT","unpooled",77.9716676003843,78.07,-0.0983323996156997,0.00966926081418166
1997,1,"VA","unpooled",76.5887199650423,76.62,-0.0312800349577316,0.000978440586956909
1997,1,"WA","unpooled",78.0661008716914,77.98,0.0861008716914426,0.00741336010602627
1997,1,"WV","unpooled",74.9064865978104,74.84,0.0664865978103677,0.00442046768839759
1997,1,"WI","unpooled",78.0121448983536,77.75,0.262144898353583,0.0687199477328102
1997,1,"WY","unpooled",77.1941782300408,76.81,0.384178230040803,0.147592912437284
1997,2,"USA","unpooled",76.867553424745,76.68,0.187553424745033,0.0351762871335908
1997,2,"AL","unpooled",74.5814714966855,74.26,0.321471496685461,0.103343923181191
1997,2,"AK","unpooled",76.5576062527979,76.61,-0.0523937472020606,0.00274510474587343
1997,2,"AZ","unpooled",77.3910439229404,76.99,0.40104392294036,0.160836228127394
1997,2,"AR","unpooled",74.7245414252114,74.95,-0.225458574788561,0.0508315689456893
1997,2,"CA","unpooled",77.7574781274701,77.87,-0.112521872529896,0.0126611717976343
1997,2,"CO","unpooled",78.3629548496407,78.11,0.252954849640716,0.0639861559567572
1997,2,"CT","unpooled",78.2440839238589,78.44,-0.195916076141089,0.0383831088905208
1997,2,"DE","unpooled",76.4390635471792,76.68,-0.240936452820776,0.058050374297858
1997,2,"FL","unpooled",77.2319598142908,76.91,0.321959814290835,0.103658122018189
1997,2,"GA","unpooled",75.3755468458715,75.18,0.19554684587149,0.0382385689302884
1997,2,"HI","unpooled",79.4956857072883,79.35,0.145685707288308,0.0212243253080946
1997,2,"ID","unpooled",78.1439357161304,77.77,0.373935716130418,0.139827919797969
1997,2,"IL","unpooled",76.7042946196326,76.23,0.47429461963263,0.224955386212461
1997,2,"IN","unpooled",76.3298209425173,75.98,0.349820942517326,0.12237469182371
1997,2,"IA","unpooled",78.459233177003,78.21,0.249233177002964,0.0621171765189906
1997,2,"KS","unpooled",77.5829672638394,77.25,0.332967263839379,0.110867198788682
1997,2,"KY","unpooled",75.3136674215737,75.09,0.223667421573666,0.0500271154734118
1997,2,"LA","unpooled",74.1733218265862,74.04,0.133321826586155,0.0177747094442687
1997,2,"ME","unpooled",77.8176565694989,77.56,0.257656569498863,0.0663869078059224
1997,2,"MD","unpooled",76.2298943722218,76.12,0.109894372221802,0.0120767730460241
1997,2,"MA","unpooled",78.3603108802096,78.25,0.11031088020961,0.012168490292619
1997,2,"MI","unpooled",76.5487956627002,76.14,0.4087956627002,0.167113893842496
1997,2,"MN","unpooled",79.0772022626819,78.69,0.387202262681882,0.149925592225969
1997,2,"MS","unpooled",73.6833567690683,73.44,0.243356769068313,0.0592225170513684
1997,2,"MO","unpooled",76.0439502389158,75.77,0.273950238915774,0.0750487334020094
1997,2,"MT","unpooled",77.4899327429205,77.16,0.329932742920477,0.108855614851029
1997,2,"NE","unpooled",77.9761446395645,77.72,0.256144639564539,0.0656100763776476
1997,2,"NV","unpooled",76.0843509695409,75.65,0.434350969540859,0.188660764741084
1997,2,"NH","unpooled",78.3828827256139,78.31,0.0728827256138516,0.00531189169290397
1997,2,"NJ","unpooled",77.3082374128873,77.24,0.0682374128873136,0.00465634451755371
1997,2,"NM","unpooled",77.2769346435123,76.71,0.566934643512326,0.321414890014448
1997,2,"NY","unpooled",77.3155277765019,77.34,-0.0244722234981083,0.000598889722941364
1997,2,"NC","unpooled",76.0110597979928,75.7,0.311059797992826,0.0967581979273376
1997,2,"ND","unpooled",78.7352612451093,78.21,0.525261245109277,0.275899375613748
1997,2,"OH","unpooled",76.481591645742,76.15,0.33159164574198,0.109953019525875
1997,2,"OK","unpooled",75.2125310899804,75.02,0.192531089980392,0.0370682206090377
1997,2,"OR","unpooled",77.6384610408069,77.64,-0.00153895919309832,2.36839539802184e-06
1997,2,"PA","unpooled",76.6159013967024,76.53,0.0859013967024254,0.00737904995542745
1997,2,"RI","unpooled",78.0935504873408,78.16,-0.0664495126592186,0.00441553773264765
1997,2,"SC","unpooled",75.1461846830714,74.62,0.526184683071349,0.276870320698896
1997,2,"SD","unpooled",78.0022291697347,77.65,0.35222916973467,0.124065388011975
1997,2,"TN","unpooled",74.9545434398354,74.96,-0.00545656016454643,2.9774048829315e-05
1997,2,"TX","unpooled",76.4936910252605,76.52,-0.0263089747394645,0.00069216215184178
1997,2,"UT","unpooled",78.8476769095192,78.51,0.337676909519146,0.114025695222402
1997,2,"VT","unpooled",78.1619596390283,78.11,0.0519596390282686,0.00269980408794797
1997,2,"VA","unpooled",76.7834380119863,76.71,0.0734380119863545,0.00539314160450794
1997,2,"WA","unpooled",78.247752997946,77.99,0.257752997946014,0.0664366079501578
1997,2,"WV","unpooled",75.0451486436664,74.96,0.0851486436664004,0.00725029151822763
1997,2,"WI","unpooled",78.182949903701,77.8,0.382949903700947,0.146650628744565
1997,2,"WY","unpooled",77.3737825431187,76.54,0.833782543118716,0.695193329209513
1997,3,"USA","unpooled",77.0365158305983,76.8,0.236515830598293,0.0559397381236005
1997,3,"AL","unpooled",74.7358941350642,74.42,0.315894135064227,0.0997891045679758
1997,3,"AK","unpooled",76.7497427537463,76.14,0.609742753746261,0.371786225746073
1997,3,"AZ","unpooled",77.5851998794724,77.13,0.455199879472445,0.207206930271729
1997,3,"AR","unpooled",74.8307497453876,74.78,0.0507497453875771,0.00257553665690391
1997,3,"CA","unpooled",77.9179042923792,78.09,-0.172095707620812,0.0296169325815081
1997,3,"CO","unpooled",78.545466373557,78.36,0.185466373557034,0.0343977757203973
1997,3,"CT","unpooled",78.4185728522926,78.25,0.168572852292556,0.0284168065300478
1997,3,"DE","unpooled",76.6046504125071,76.38,0.224650412507103,0.0504678078396114
1997,3,"FL","unpooled",77.4000566483004,76.97,0.430056648300379,0.184948720747356
1997,3,"GA","unpooled",75.5576306883627,75.1,0.457630688362713,0.20942584693133
1997,3,"HI","unpooled",79.6902148737893,79.51,0.180214873789282,0.0324774007348869
1997,3,"ID","unpooled",78.3164703802015,78.08,0.23647038020151,0.0559182407126467
1997,3,"IL","unpooled",76.8783026951672,76.55,0.328302695167153,0.107782659654017
1997,3,"IN","unpooled",76.4722557013087,76.02,0.452255701308673,0.204535219366199
1997,3,"IA","unpooled",78.6209218504606,78.33,0.290921850460606,0.0846355230754232
1997,3,"KS","unpooled",77.7208456078385,77.42,0.300845607838525,0.0905080797557316
1997,3,"KY","unpooled",75.4483918965617,75.08,0.368391896561675,0.135712589452308
1997,3,"LA","unpooled",74.3195004586907,74.09,0.229500458690651,0.0526704605392194
1997,3,"ME","unpooled",78.0100384408666,77.59,0.420038440866605,0.176432291805649
1997,3,"MD","unpooled",76.4118392070724,76.22,0.191839207072377,0.0368022813701583
1997,3,"MA","unpooled",78.5449527041778,78.22,0.324952704177804,0.105594259952467
1997,3,"MI","unpooled",76.7053514638793,76.35,0.355351463879273,0.126274662881143
1997,3,"MN","unpooled",79.254451028906,79.02,0.234451028906008,0.0549672849550859
1997,3,"MS","unpooled",73.8261206816061,73.39,0.43612068160607,0.190201248924543
1997,3,"MO","unpooled",76.1801440828466,76.08,0.100144082846612,0.010028837329189
1997,3,"MT","unpooled",77.690906705219,77.29,0.400906705218986,0.160726186289543
1997,3,"NE","unpooled",78.124343259914,78.28,-0.155656740086044,0.0242290207342144
1997,3,"NV","unpooled",76.2844571927116,75.94,0.344457192711559,0.118650757610728
1997,3,"NH","unpooled",78.5761238048133,78.51,0.0661238048132873,0.00437235756298571
1997,3,"NJ","unpooled",77.4879500427453,77.32,0.167950042745261,0.028207216858135
1997,3,"NM","unpooled",77.4639310086437,77.13,0.333931008643688,0.111509918533791
1997,3,"NY","unpooled",77.5049316986296,77.63,-0.125068301370348,0.0156420800076642
1997,3,"NC","unpooled",76.1915738328127,75.6,0.591573832812657,0.349959599668657
1997,3,"ND","unpooled",78.9080736208871,78.77,0.138073620887127,0.0190643247848821
1997,3,"OH","unpooled",76.6362641683628,76.33,0.306264168362759,0.0937977408229324
1997,3,"OK","unpooled",75.3121153448519,75.03,0.282115344851903,0.079589067800908
1997,3,"OR","unpooled",77.8084242775413,77.83,-0.0215757224586639,0.000465511799613294
1997,3,"PA","unpooled",76.7921440085122,76.65,0.142144008512162,0.0202049191559055
1997,3,"RI","unpooled",78.279249347417,77.97,0.309249347416994,0.0956351588778368
1997,3,"SC","unpooled",75.3602380705922,74.74,0.620238070592251,0.384695264211998
1997,3,"SD","unpooled",78.1732577958871,77.98,0.193257795887121,0.037348575671148
1997,3,"TN","unpooled",75.0868623002226,74.71,0.376862300222598,0.142025193329068
1997,3,"TX","unpooled",76.641829607077,76.52,0.121829607077046,0.0148424531605475
1997,3,"UT","unpooled",79.0239619293944,78.6,0.423961929394437,0.179743717575854
1997,3,"VT","unpooled",78.3522516776722,78.19,0.162251677672245,0.0263256069074581
1997,3,"VA","unpooled",76.9781560589304,76.77,0.208156058930427,0.0433289448694476
1997,3,"WA","unpooled",78.4294051242006,78.19,0.239405124200573,0.0573148134934918
1997,3,"WV","unpooled",75.1838106895224,74.88,0.303810689522422,0.0923009350680893
1997,3,"WI","unpooled",78.3537549090483,77.97,0.383754909048307,0.147267830218674
1997,3,"WY","unpooled",77.5533868561966,77.1,0.453386856196644,0.205559641371877
1997,4,"USA","unpooled",77.2054782364515,76.93,0.275478236451534,0.075888258758447
1997,4,"AL","unpooled",74.890316773443,74.51,0.380316773442985,0.144640848162083
1997,4,"AK","unpooled",76.9418792546946,76.42,0.521879254694582,0.272357956480572
1997,4,"AZ","unpooled",77.7793558360045,77.29,0.48935583600452,0.239469134231683
1997,4,"AR","unpooled",74.9369580655637,75.05,-0.113041934436282,0.0127784789410967
1997,4,"CA","unpooled",78.0783304572883,78.13,-0.0516695427117213,0.00266974164403839
1997,4,"CO","unpooled",78.7279778974734,78.34,0.387977897473348,0.15052684892784
1997,4,"CT","unpooled",78.5930617807262,78.61,-0.016938219273797,0.000286903272167229
1997,4,"DE","unpooled",76.770237277835,76.18,0.590237277834959,0.348380044146022
1997,4,"FL","unpooled",77.5681534823099,77.04,0.528153482309918,0.278946100876093
1997,4,"GA","unpooled",75.7397145308539,75.28,0.459714530853915,0.211337449878236
1997,4,"HI","unpooled",79.8847440402903,79.79,0.0947440402902657,0.0089764331705235
1997,4,"ID","unpooled",78.4890050442726,78.14,0.349005044272602,0.121804520927721
1997,4,"IL","unpooled",77.0523107707017,76.8,0.252310770701669,0.0636607250120703
1997,4,"IN","unpooled",76.6146904601,76.27,0.344690460100011,0.118811513283958
1997,4,"IA","unpooled",78.7826105239183,78.63,0.152610523918256,0.0232899720106045
1997,4,"KS","unpooled",77.8587239518377,77.35,0.50872395183768,0.258800059173347
1997,4,"KY","unpooled",75.5831163715497,75.12,0.463116371549674,0.214476773597336
1997,4,"LA","unpooled",74.4656790907951,74.04,0.425679090795143,0.181202688340179
1997,4,"ME","unpooled",78.2024203122344,77.77,0.432420312234356,0.186987326432858
1997,4,"MD","unpooled",76.593784041923,76.39,0.203784041922944,0.0415279357424522
1997,4,"MA","unpooled",78.729594528146,78.27,0.459594528145999,0.211227130301743
1997,4,"MI","unpooled",76.8619072650583,76.63,0.231907265058339,0.0537809795868389
1997,4,"MN","unpooled",79.4316997951301,79.23,0.201699795130125,0.0406828073555344
1997,4,"MS","unpooled",73.9688845941438,73.69,0.278884594143832,0.0777766168507702
1997,4,"MO","unpooled",76.3163379267775,76.18,0.136337926777443,0.0185880302779715
1997,4,"MT","unpooled",77.8918806675175,77.48,0.411880667517508,0.169645684274668
1997,4,"NE","unpooled",78.2725418802634,78.3,-0.0274581197366217,0.000753948339470655
1997,4,"NV","unpooled",76.4845634158822,75.96,0.524563415882255,0.27516677728206
1997,4,"NH","unpooled",78.7693648840127,78.56,0.209364884012729,0.0438336546576633
1997,4,"NJ","unpooled",77.6676626726032,77.37,0.297662672603195,0.088603066661277
1997,4,"NM","unpooled",77.650927373775,76.94,0.71092737377505,0.50541773078269
1997,4,"NY","unpooled",77.6943356207574,77.63,0.0643356207574044,0.00413907209824056
1997,4,"NC","unpooled",76.3720878676325,76.02,0.352087867632477,0.123965866533985
1997,4,"ND","unpooled",79.080885996665,78.41,0.670885996664978,0.450088020521161
1997,4,"OH","unpooled",76.7909366909835,76.47,0.32093669098353,0.103000359619458
1997,4,"OK","unpooled",75.4116995997234,75.3,0.111699599723423,0.0124768005783729
1997,4,"OR","unpooled",77.9783875142758,77.85,0.128387514275772,0.0164833538219116
1997,4,"PA","unpooled",76.9683866203219,76.81,0.158386620321906,0.0250863214969956
1997,4,"RI","unpooled",78.4649482074932,77.94,0.52494820749321,0.275570620550335
1997,4,"SC","unpooled",75.5742914581131,75.05,0.52429145811314,0.274881533050403
1997,4,"SD","unpooled",78.3442864220396,78.03,0.314286422039572,0.0987759550784361
1997,4,"TN","unpooled",75.2191811606097,75.02,0.19918116060974,0.039673134741843
1997,4,"TX","unpooled",76.7899681888936,76.57,0.21996818889356,0.0483860041251129
1997,4,"UT","unpooled",79.2002469492697,78.64,0.560246949269711,0.313876644166018
1997,4,"VT","unpooled",78.5425437163162,78.31,0.232543716316215,0.0540765799981563
1997,4,"VA","unpooled",77.1728741058745,77.06,0.112874105874496,0.012740563776967
1997,4,"WA","unpooled",78.6110572504551,78.26,0.351057250455128,0.123241193097114
1997,4,"WV","unpooled",75.3224727353784,75.1,0.222472735378446,0.049494117986768
1997,4,"WI","unpooled",78.5245599143957,78.07,0.454559914395674,0.206624715775402
1997,4,"WY","unpooled",77.7329911692746,76.91,0.822991169274559,0.677314464703906
1997,5,"USA","unpooled",77.3744406423048,77.02,0.354440642304795,0.125628168917435
1997,5,"AL","unpooled",75.0447394118218,74.5,0.544739411821752,0.296741026791908
1997,5,"AK","unpooled",77.1340157556429,76.88,0.254015755642911,0.064524004114839
1997,5,"AZ","unpooled",77.9735117925366,77.26,0.713511792536607,0.509099078088803
1997,5,"AR","unpooled",75.0431663857399,74.82,0.223166385739859,0.0498032357241914
1997,5,"CA","unpooled",78.2387566221974,78.37,-0.131243377802647,0.0172248242170484
1997,5,"CO","unpooled",78.9104894213897,78.29,0.620489421389664,0.38500712205648
1997,5,"CT","unpooled",78.7675507091598,78.72,0.0475507091598502,0.00226106994160466
1997,5,"DE","unpooled",76.9358241431628,77.03,-0.0941758568371682,0.00886909201101481
1997,5,"FL","unpooled",77.7362503163195,77.21,0.526250316319476,0.276939395426349
1997,5,"GA","unpooled",75.9217983733451,75.46,0.461798373345133,0.21325773762421
1997,5,"HI","unpooled",80.0792732067913,79.72,0.359273206791258,0.129077237118074
1997,5,"ID","unpooled",78.6615397083437,78.34,0.321539708343693,0.103387784041747
1997,5,"IL","unpooled",77.2263188462362,76.87,0.356318846236178,0.126963120183081
1997,5,"IN","unpooled",76.7571252188913,76.41,0.34712521889135,0.120495917590367
1997,5,"IA","unpooled",78.9442991973759,78.74,0.204299197375903,0.0417381620484382
1997,5,"KS","unpooled",77.9966022958368,77.35,0.646602295836828,0.418094528981457
1997,5,"KY","unpooled",75.7178408465377,74.91,0.807840846537687,0.652606833334726
1997,5,"LA","unpooled",74.6118577228996,74.07,0.54185772289965,0.293609791865994
1997,5,"ME","unpooled",78.3948021836021,77.66,0.734802183602099,0.539934249026413
1997,5,"MD","unpooled",76.7757288767735,76.66,0.115728876773517,0.0133931729192598
1997,5,"MA","unpooled",78.9142363521142,78.37,0.544236352114183,0.296193206962553
1997,5,"MI","unpooled",77.0184630662374,76.62,0.398463066237397,0.158772815155308
1997,5,"MN","unpooled",79.6089485613543,79.2,0.408948561354251,0.167238925833711
1997,5,"MS","unpooled",74.1116485066816,73.58,0.531648506681591,0.282650134656766
1997,5,"MO","unpooled",76.4525317707083,76.03,0.422531770708289,0.178533097257882
1997,5,"MT","unpooled",78.092854629816,77.12,0.972854629816027,0.946446130754478
1997,5,"NE","unpooled",78.4207405006128,77.9,0.520740500612789,0.271170668978458
1997,5,"NV","unpooled",76.6846696390529,76.1,0.584669639052947,0.341838586830304
1997,5,"NH","unpooled",78.9626059632122,78.73,0.232605963212166,0.0541055341218593
1997,5,"NJ","unpooled",77.8473753024611,77.79,0.0573753024611392,0.00329192533250721
1997,5,"NM","unpooled",77.8379237389064,76.92,0.91792373890641,0.842583990447923
1997,5,"NY","unpooled",77.8837395428852,78.02,-0.136260457114844,0.0185669121731462
1997,5,"NC","unpooled",76.5526019024523,76.2,0.352601902452292,0.124328101612976
1997,5,"ND","unpooled",79.2536983724428,78.9,0.353698372442821,0.125102538668701
1997,5,"OH","unpooled",76.9456092136043,76.4,0.545609213604294,0.297689413969896
1997,5,"OK","unpooled",75.5112838545949,75.05,0.461283854594939,0.212782794509965
1997,5,"OR","unpooled",78.1483507510102,77.69,0.458350751010201,0.210085410951615
1997,5,"PA","unpooled",77.1446292321316,76.85,0.294629232131655,0.0868063844264885
1997,5,"RI","unpooled",78.6506470675694,77.85,0.800647067569429,0.641035726807526
1997,5,"SC","unpooled",75.788344845634,75.08,0.708344845634031,0.501752420336299
1997,5,"SD","unpooled",78.515315048192,78.29,0.225315048192016,0.0507668709417704
1997,5,"TN","unpooled",75.3515000209969,74.81,0.541500020996878,0.293222272739619
1997,5,"TX","unpooled",76.9381067707101,76.6,0.33810677071007,0.114316188399992
1997,5,"UT","unpooled",79.376531969145,78.59,0.786531969144988,0.618632538487093
1997,5,"VT","unpooled",78.7328357549602,78.78,-0.0471642450398093,0.00222446601017518
1997,5,"VA","unpooled",77.3675921528186,77.17,0.197592152818572,0.039042658855478
1997,5,"WA","unpooled",78.7927093767097,78.33,0.462709376709697,0.214099967295076
1997,5,"WV","unpooled",75.4611347812345,74.82,0.64113478123447,0.411053807708572
1997,5,"WI","unpooled",78.695364919743,78.13,0.565364919743033,0.319637492476046
1997,5,"WY","unpooled",77.9125954823525,76.58,1.33259548235247,1.77581071958622
1997,6,"USA","unpooled",77.543403048158,77.17,0.373403048158039,0.139429836373715
1997,6,"AL","unpooled",75.1991620502005,74.48,0.719162050200509,0.5171940544486
1997,6,"AK","unpooled",77.3261522565912,76.61,0.716152256591229,0.51287405462071
1997,6,"AZ","unpooled",78.1676677490687,77.45,0.717667749068696,0.515046998053328
1997,6,"AR","unpooled",75.149374705916,75.15,-0.000625294084017014,3.90992691506677e-07
1997,6,"CA","unpooled",78.3991827871064,78.38,0.0191827871064447,0.000367979321171182
1997,6,"CO","unpooled",79.093000945306,78.39,0.703000945305988,0.494210329101112
1997,6,"CT","unpooled",78.9420396375935,79.09,-0.147960362406508,0.0218922688434651
1997,6,"DE","unpooled",77.1014110084907,76.97,0.131411008490701,0.0172688531525432
1997,6,"FL","unpooled",77.904347150329,77.32,0.584347150329023,0.34146159209765
1997,6,"GA","unpooled",76.1038822158363,75.54,0.56388221583633,0.317963153336489
1997,6,"HI","unpooled",80.2738023732922,79.81,0.463802373292239,0.215112641471514
1997,6,"ID","unpooled",78.8340743724148,78.15,0.684074372414784,0.467957746994681
1997,6,"IL","unpooled",77.4003269217707,77.13,0.270326921770703,0.0730766446340239
1997,6,"IN","unpooled",76.8995599776827,76.41,0.489559977682688,0.239668971748674
1997,6,"IA","unpooled",79.1059878708335,78.65,0.455987870833539,0.207924938347304
1997,6,"KS","unpooled",78.134480639836,77.71,0.424480639835977,0.18018381359556
1997,6,"KY","unpooled",75.8525653215257,75.1,0.752565321525694,0.566354563163071
1997,6,"LA","unpooled",74.7580363550041,74.08,0.678036355004139,0.459733298707298
1997,6,"ME","unpooled",78.5871840549698,77.94,0.647184054969841,0.418847201007207
1997,6,"MD","unpooled",76.9576737116241,76.68,0.277673711624075,0.0771026901270901
1997,6,"MA","unpooled",79.0988781760824,78.53,0.568878176082379,0.323622379222814
1997,6,"MI","unpooled",77.1750188674165,76.92,0.255018867416467,0.0650346227383777
1997,6,"MN","unpooled",79.7861973275784,79.65,0.136197327578373,0.0185497120394905
1997,6,"MS","unpooled",74.2544124192193,73.79,0.464412419219343,0.215678895125163
1997,6,"MO","unpooled",76.5887256146391,76.25,0.338725614639131,0.114735042012657
1997,6,"MT","unpooled",78.2938285921146,77.24,1.05382859211456,1.11055470155815
1997,6,"NE","unpooled",78.5689391209622,78.43,0.138939120962206,0.0193040793337506
1997,6,"NV","unpooled",76.8847758622236,75.95,0.934775862223631,0.873805912595933
1997,6,"NH","unpooled",79.1558470424116,79.21,-0.0541529575883857,0.0029325428155695
1997,6,"NJ","unpooled",78.0270879323191,78.01,0.017087932319086,0.000291997430941664
1997,6,"NM","unpooled",78.0249201040378,76.82,1.20492010403778,1.45183245711442
1997,6,"NY","unpooled",78.0731434650129,78.31,-0.236856534987098,0.0561010181660942
1997,6,"NC","unpooled",76.7331159372721,76.22,0.513115937272119,0.263287965082645
1997,6,"ND","unpooled",79.4265107482207,78.43,0.996510748220672,0.993033671319323
1997,6,"OH","unpooled",77.1002817362251,76.58,0.520281736225073,0.270693085049376
1997,6,"OK","unpooled",75.6108681094665,75.07,0.540868109466459,0.292538311837821
1997,6,"OR","unpooled",78.3183139877446,77.9,0.418313987744625,0.17498659234281
1997,6,"PA","unpooled",77.3208718439414,77.01,0.310871843941385,0.0966413033555168
1997,6,"RI","unpooled",78.8363459276456,78.06,0.776345927645636,0.602712999371963
1997,6,"SC","unpooled",76.0023982331549,75.24,0.762398233154926,0.581251065917752
1997,6,"SD","unpooled",78.6863436743445,77.76,0.926343674344466,0.858112602998006
1997,6,"TN","unpooled",75.483818881384,74.85,0.63381888138403,0.401726374398904
1997,6,"TX","unpooled",77.0862453525266,76.85,0.236245352526581,0.0558118665904084
1997,6,"UT","unpooled",79.5528169890203,78.62,0.932816989020267,0.870147535004838
1997,6,"VT","unpooled",78.9231277936042,78.9,0.0231277936041607,0.000534894836996658
1997,6,"VA","unpooled",77.5623101997626,77.14,0.422310199762649,0.178345904823568
1997,6,"WA","unpooled",78.9743615029643,78.47,0.504361502964258,0.254380525672365
1997,6,"WV","unpooled",75.5997968270905,74.89,0.709796827090486,0.503811535747721
1997,6,"WI","unpooled",78.8661699250904,78.51,0.356169925090384,0.12685701553889
1997,6,"WY","unpooled",78.0921997954304,76.85,1.24219979543039,1.54306033176731
1997,7,"USA","unpooled",77.7123654540113,77.57,0.142365454011298,0.0202679224958429
1997,7,"AL","unpooled",75.3535846885793,74.63,0.72358468857928,0.523574801546373
1997,7,"AK","unpooled",77.5182887575396,77.49,0.0282887575395563,0.000800253803131803
1997,7,"AZ","unpooled",78.3618237056008,77.82,0.541823705600791,0.293572927950973
1997,7,"AR","unpooled",75.2555830260921,75.26,-0.00441697390787965,1.95096585028896e-05
1997,7,"CA","unpooled",78.5596089520155,78.9,-0.340391047984482,0.115866065547974
1997,7,"CO","unpooled",79.2755124692223,79.1,0.175512469222312,0.030804626852513
1997,7,"CT","unpooled",79.1165285660271,79.34,-0.223471433972861,0.0499394818018868
1997,7,"DE","unpooled",77.2669978738186,77.07,0.196997873818574,0.038808162289039
1997,7,"FL","unpooled",78.0724439843386,77.56,0.51244398433856,0.262598837084779
1997,7,"GA","unpooled",76.2859660583275,75.91,0.375966058327549,0.141350477014354
1997,7,"HI","unpooled",80.4683315397932,80.12,0.348331539793222,0.121334861614717
1997,7,"ID","unpooled",79.0066090364859,78.71,0.29660903648589,0.087976920525088
1997,7,"IL","unpooled",77.5743349973052,77.57,0.00433499730522158,1.87922016362783e-05
1997,7,"IN","unpooled",77.041994736474,76.88,0.161994736474028,0.0262422946452899
1997,7,"IA","unpooled",79.2676765442912,79.24,0.0276765442911966,0.000765991103902567
1997,7,"KS","unpooled",78.2723589838351,77.97,0.30235898383512,0.0914209551058063
1997,7,"KY","unpooled",75.9872897965137,75.58,0.407289796513695,0.165884978344167
1997,7,"LA","unpooled",74.9042149871086,74.16,0.744214987108634,0.553855947037105
1997,7,"ME","unpooled",78.7795659263376,78.11,0.669565926337583,0.448318529712306
1997,7,"MD","unpooled",77.1396185464747,77.24,-0.100381453525344,0.0100764362118608
1997,7,"MA","unpooled",79.2835200000506,79.02,0.263520000050576,0.0694427904266557
1997,7,"MI","unpooled",77.3315746685955,77.33,0.00157466859553779,2.47958118577295e-06
1997,7,"MN","unpooled",79.9634460938025,80,-0.0365539061974971,0.00133618805829542
1997,7,"MS","unpooled",74.3971763317571,74.12,0.277176331757104,0.0768267188863244
1997,7,"MO","unpooled",76.72491945857,76.65,0.0749194585699655,0.00561292527241678
1997,7,"MT","unpooled",78.4948025544131,78.12,0.374802554413066,0.140476954794559
1997,7,"NE","unpooled",78.7171377413116,78.98,-0.262862258688372,0.0690965670427527
1997,7,"NV","unpooled",77.0848820853943,76.39,0.694882085394326,0.482861112601967
1997,7,"NH","unpooled",79.349088121611,79.03,0.319088121611045,0.101817229353265
1997,7,"NJ","unpooled",78.206800562177,78.46,-0.253199437822957,0.0641099553138614
1997,7,"NM","unpooled",78.2119164691691,77.45,0.761916469169137,0.580516705991164
1997,7,"NY","unpooled",78.2625473871407,78.66,-0.39745261285934,0.157968579468716
1997,7,"NC","unpooled",76.9136299720919,76.55,0.363629972091942,0.132226756603587
1997,7,"ND","unpooled",79.5993231239985,79.7,-0.100676876001472,0.0101358333614158
1997,7,"OH","unpooled",77.2549542588458,76.92,0.33495425884584,0.112194355518966
1997,7,"OK","unpooled",75.710452364338,75.45,0.260452364337965,0.0678354340892361
1997,7,"OR","unpooled",78.4882772244791,78.38,0.108277224479068,0.0117239573408904
1997,7,"PA","unpooled",77.4971144557511,77.3,0.197114455751134,0.0388541086660657
1997,7,"RI","unpooled",79.0220447877219,78.72,0.302044787721854,0.0912310537899401
1997,7,"SC","unpooled",76.2164516206758,75.7,0.516451620675809,0.26672227649867
1997,7,"SD","unpooled",78.8573723004969,78.43,0.427372300496913,0.182647083232023
1997,7,"TN","unpooled",75.6161377417712,75.29,0.326137741771163,0.106365826607594
1997,7,"TX","unpooled",77.2343839343431,77.28,-0.0456160656569153,0.00208082544601601
1997,7,"UT","unpooled",79.7291020088956,78.85,0.879102008895558,0.772820342044205
1997,7,"VT","unpooled",79.1134198322481,79.48,-0.366580167751863,0.134381019388984
1997,7,"VA","unpooled",77.7570282467067,77.75,0.00702824670672442,4.93962517705826e-05
1997,7,"WA","unpooled",79.1560136292188,78.98,0.176013629218815,0.0309807976707785
1997,7,"WV","unpooled",75.7384588729465,75.15,0.588458872946504,0.346283845149469
1997,7,"WI","unpooled",79.0369749304378,78.87,0.166974930437746,0.0278806273946902
1997,7,"WY","unpooled",78.2718041085083,77.62,0.651804108508301,0.424848595868301
1997,8,"USA","unpooled",77.8813278598645,77.56,0.321327859864539,0.103251593525125
1997,8,"AL","unpooled",75.508007326958,74.56,0.948007326958034,0.898717891966118
1997,8,"AK","unpooled",77.7104252584879,77.67,0.0404252584878719,0.00163420152381126
1997,8,"AZ","unpooled",78.5559796621329,77.52,1.03597966213287,1.07325386035294
1997,8,"AR","unpooled",75.3617913462683,75.34,0.0217913462682588,0.000474862772183159
1997,8,"CA","unpooled",78.7200351169246,78.91,-0.18996488307539,0.0360866568018467
1997,8,"CO","unpooled",79.4580239931386,78.97,0.488023993138626,0.238167417878969
1997,8,"CT","unpooled",79.2910174944608,79.51,-0.218982505539216,0.0479533377322329
1997,8,"DE","unpooled",77.4325847391464,77.14,0.292584739146434,0.0856058295813871
1997,8,"FL","unpooled",78.2405408183481,77.68,0.560540818348102,0.31420600903436
1997,8,"GA","unpooled",76.4680499008188,76.13,0.33804990081876,0.114277735443573
1997,8,"HI","unpooled",80.6628607062942,80.25,0.412860706294211,0.170453962801755
1997,8,"ID","unpooled",79.179143700557,78.69,0.48914370055698,0.239261559794576
1997,8,"IL","unpooled",77.7483430728397,77.61,0.138343072839731,0.0191388058027392
1997,8,"IN","unpooled",77.1844294952654,76.73,0.454429495265359,0.206506166167129
1997,8,"IA","unpooled",79.4293652177488,78.98,0.449365217748834,0.201929098922457
1997,8,"KS","unpooled",78.4102373278343,77.77,0.640237327834271,0.409903835952368
1997,8,"KY","unpooled",76.1220142715017,75.43,0.692014271501691,0.478883751962016
1997,8,"LA","unpooled",75.0503936192131,73.67,1.38039361921312,1.9054865439643
1997,8,"ME","unpooled",78.9719477977053,77.87,1.10194779770532,1.21428894886761
1997,8,"MD","unpooled",77.3215633813252,77.43,-0.108436618674787,0.0117585002696212
1997,8,"MA","unpooled",79.4681618240188,79.28,0.188161824018763,0.0354048720180681
1997,8,"MI","unpooled",77.4881304697746,77.23,0.258130469774599,0.0666313394260553
1997,8,"MN","unpooled",80.1406948600266,80.09,0.0506948600266242,0.00256996883311902
1997,8,"MS","unpooled",74.5399402442949,73.7,0.839940244294866,0.705499613986118
1997,8,"MO","unpooled",76.8611133025008,76.63,0.231113302500816,0.0534133585928337
1997,8,"MT","unpooled",78.6957765167116,77.68,1.01577651671158,1.03180193190272
1997,8,"NE","unpooled",78.865336361661,78.93,-0.0646636383389563,0.00418138612323134
1997,8,"NV","unpooled",77.284988308565,76.08,1.20498830856502,1.45199682377839
1997,8,"NH","unpooled",79.5423292008105,79.12,0.422329200810481,0.178361953857219
1997,8,"NJ","unpooled",78.386513192035,78.59,-0.203486807965021,0.0414068810157933
1997,8,"NM","unpooled",78.3989128343005,77.28,1.1189128343005,1.25196593076238
1997,8,"NY","unpooled",78.4519513092684,78.84,-0.388048690731594,0.150581786378504
1997,8,"NC","unpooled",77.0941440069118,76.61,0.484144006911762,0.234395419428577
1997,8,"ND","unpooled",79.7721354997764,79.44,0.332135499776385,0.110313990211709
1997,8,"OH","unpooled",77.4096267814666,76.77,0.639626781466617,0.409122419569344
1997,8,"OK","unpooled",75.8100366192095,75.05,0.760036619209487,0.577655662539386
1997,8,"OR","unpooled",78.6582404612135,78.38,0.2782404612135,0.077417754256301
1997,8,"PA","unpooled",77.6733570675609,77.24,0.433357067560877,0.187798348004962
1997,8,"RI","unpooled",79.2077436477981,78.65,0.557743647798063,0.311077976659089
1997,8,"SC","unpooled",76.4305050081967,75.61,0.820505008196704,0.673228468475874
1997,8,"SD","unpooled",79.0284009266494,78.3,0.728400926649371,0.530567909943663
1997,8,"TN","unpooled",75.7484566021583,75.23,0.518456602158309,0.26879724832154
1997,8,"TX","unpooled",77.3825225161596,77.36,0.0225225161595972,0.000507263734159318
1997,8,"UT","unpooled",79.9053870287708,79.2,0.705387028770829,0.497570860358139
1997,8,"VT","unpooled",79.3037118708921,79.36,-0.0562881291078838,0.0031683534784658
1997,8,"VA","unpooled",77.9517462936508,77.73,0.221746293650796,0.0491714187478649
1997,8,"WA","unpooled",79.3376657554734,78.97,0.367665755473382,0.135178107747813
1997,8,"WV","unpooled",75.8771209188025,75.23,0.647120918802528,0.418765483551829
1997,8,"WI","unpooled",79.2077799357851,78.71,0.497779935785118,0.247784864470236
1997,8,"WY","unpooled",78.4514084215862,77.47,0.981408421586224,0.963162489960363
1997,9,"USA","unpooled",78.0502902657178,77.83,0.220290265717793,0.0485278011700158
1997,9,"AL","unpooled",75.6624299653368,74.58,1.0824299653368,1.17165462985903
1997,9,"AK","unpooled",77.9025617594362,77.32,0.582561759436203,0.339378203557404
1997,9,"AZ","unpooled",78.750135618665,77.71,1.04013561866496,1.08188210521554
1997,9,"AR","unpooled",75.4679996664444,75.44,0.0279996664444013,0.000783981320997734
1997,9,"CA","unpooled",78.8804612818337,79.14,-0.259538718166311,0.067360346227412
1997,9,"CO","unpooled",79.6405355170549,79.38,0.260535517054947,0.0678787556470887
1997,9,"CT","unpooled",79.4655064228944,79.68,-0.214493577105571,0.0460074946195437
1997,9,"DE","unpooled",77.5981716044743,77.67,-0.0718283955256993,0.0051593184037963
1997,9,"FL","unpooled",78.4086376523577,77.89,0.518637652357654,0.268985014443059
1997,9,"GA","unpooled",76.65013374331,76.28,0.370133743309964,0.136998987936646
1997,9,"HI","unpooled",80.8573898727952,80.13,0.7273898727952,0.529096027045017
1997,9,"ID","unpooled",79.3516783646281,78.86,0.491678364628072,0.241747614243335
1997,9,"IL","unpooled",77.9223511483742,77.92,0.00235114837424533,5.52789867771644e-06
1997,9,"IN","unpooled",77.3268642540567,76.84,0.486864254056698,0.237036801878185
1997,9,"IA","unpooled",79.5910538912065,79.29,0.301053891206479,0.0906334454105624
1997,9,"KS","unpooled",78.5481156718334,77.9,0.648115671833409,0.420053924076071
1997,9,"KY","unpooled",76.2567387464897,75.57,0.686738746489709,0.471610105930257
1997,9,"LA","unpooled",75.1965722513176,74.67,0.526572251317617,0.277278335857704
1997,9,"ME","unpooled",79.1643296690731,78.43,0.734329669073063,0.539240062880953
1997,9,"MD","unpooled",77.5035082161758,77.61,-0.106491783824211,0.0113405000220625
1997,9,"MA","unpooled",79.652803647987,79.55,0.10280364798696,0.0105685900394268
1997,9,"MI","unpooled",77.6446862709537,77.52,0.124686270953674,0.0155466661643331
1997,9,"MN","unpooled",80.3179436262508,80.31,0.00794362625074996,6.31011980116038e-05
1997,9,"MS","unpooled",74.6827041568326,73.95,0.732704156832625,0.536855381439808
1997,9,"MO","unpooled",76.9973071464317,76.72,0.277307146431653,0.0768992534620662
1997,9,"MT","unpooled",78.8967504790101,78.04,0.856750479010103,0.73402138328404
1997,9,"NE","unpooled",79.0135349820105,79.12,-0.106465017989535,0.0113348000555121
1997,9,"NV","unpooled",77.4850945317357,76.57,0.915094531735718,0.837398002012614
1997,9,"NH","unpooled",79.7355702800099,79.52,0.215570280009928,0.0464705456235586
1997,9,"NJ","unpooled",78.5662258218929,78.8,-0.233774178107069,0.0546503663496356
1997,9,"NM","unpooled",78.5859091994319,77.35,1.23590919943187,1.52747154924033
1997,9,"NY","unpooled",78.6413552313962,79.21,-0.568644768603832,0.323356872860506
1997,9,"NC","unpooled",77.2746580417316,76.86,0.414658041731585,0.171941291572673
1997,9,"ND","unpooled",79.9449478755542,79.29,0.654947875554228,0.428956719692997
1997,9,"OH","unpooled",77.5642993040874,77.13,0.434299304087389,0.188615885530791
1997,9,"OK","unpooled",75.909620874081,75.37,0.539620874080995,0.291190687743937
1997,9,"OR","unpooled",78.8282036979479,78.52,0.308203697947931,0.0949895194287796
1997,9,"PA","unpooled",77.8495996793706,77.58,0.269599679370614,0.0726839871167381
1997,9,"RI","unpooled",79.3934425078743,78.98,0.413442507874279,0.170934707317374
1997,9,"SC","unpooled",76.6445583957176,75.95,0.694558395717593,0.482411365061796
1997,9,"SD","unpooled",79.1994295528018,78.65,0.549429552801811,0.301872833491998
1997,9,"TN","unpooled",75.8807754625455,75.52,0.360775462545462,0.130158934374892
1997,9,"TX","unpooled",77.5306610979761,77.63,-0.099338902023888,0.00986821745531161
1997,9,"UT","unpooled",80.0816720486461,79.22,0.861672048646113,0.74247871941799
1997,9,"VT","unpooled",79.4940039095361,79.43,0.0640039095360834,0.00409650043590314
1997,9,"VA","unpooled",78.1464643405949,78.08,0.0664643405948766,0.00441750857071176
1997,9,"WA","unpooled",79.5193178817279,79.33,0.189317881727945,0.0358412603419561
1997,9,"WV","unpooled",76.0157829646586,75.23,0.785782964658551,0.617454867547582
1997,9,"WI","unpooled",79.3785849411325,79.09,0.28858494113247,0.0832812682484311
1997,9,"WY","unpooled",78.6310127346641,77.1,1.53101273466415,2.34399999370378
1997,10,"USA","unpooled",78.219252671571,78.08,0.139252671571043,0.0193913065396728
1997,10,"AL","unpooled",75.8168526037156,74.89,0.92685260371556,0.859055749014312
1997,10,"AK","unpooled",78.0946982603845,77.39,0.704698260384518,0.496599638188966
1997,10,"AZ","unpooled",78.944291575197,78.29,0.654291575197036,0.428097465373818
1997,10,"AR","unpooled",75.5742079866205,75.64,-0.0657920133794647,0.00432858902452367
1997,10,"CA","unpooled",79.0408874467428,79.52,-0.479112553257224,0.229548838688656
1997,10,"CO","unpooled",79.8230470409713,79.58,0.243047040971263,0.0590718641248866
1997,10,"CT","unpooled",79.6399953513281,80.04,-0.400004648671924,0.16000371895915
1997,10,"DE","unpooled",77.7637584698022,77.98,-0.216241530197834,0.0467603993823008
1997,10,"FL","unpooled",78.5767344863672,78.25,0.326734486367201,0.106755424581639
1997,10,"GA","unpooled",76.8322175858012,76.51,0.32221758580117,0.103824172599534
1997,10,"HI","unpooled",81.0519190392962,80.46,0.591919039296187,0.35036814908132
1997,10,"ID","unpooled",79.5242130286992,79.03,0.494213028699164,0.244246517736001
1997,10,"IL","unpooled",78.0963592239088,78.26,-0.163640776091242,0.026778303599744
1997,10,"IN","unpooled",77.469299012848,77.41,0.0592990128480437,0.00351637292475246
1997,10,"IA","unpooled",79.7527425646641,79.38,0.372742564664136,0.138937019512398
1997,10,"KS","unpooled",78.6859940158326,78.16,0.525994015832566,0.27666970469167
1997,10,"KY","unpooled",76.3914632214777,75.86,0.531463221477708,0.282453155783463
1997,10,"LA","unpooled",75.3427508834221,74.87,0.472750883422108,0.223493397776384
1997,10,"ME","unpooled",79.3567115404408,78.59,0.766711540440809,0.587846586245119
1997,10,"MD","unpooled",77.6854530510264,77.8,-0.11454694897364,0.0131210035191697
1997,10,"MA","unpooled",79.8374454719551,79.73,0.107445471955145,0.0115445294436639
1997,10,"MI","unpooled",77.8012420721327,77.61,0.191242072132738,0.0365735301536233
1997,10,"MN","unpooled",80.4951923924749,80.56,-0.0648076075251254,0.00420002599313069
1997,10,"MS","unpooled",74.8254680693704,74.36,0.465468069370388,0.216660523603396
1997,10,"MO","unpooled",77.1335009903625,77.11,0.0235009903624928,0.000552296548017977
1997,10,"MT","unpooled",79.0977244413086,78.17,0.927724441308627,0.860672639001403
1997,10,"NE","unpooled",79.1617336023599,78.98,0.181733602359884,0.0330271022267005
1997,10,"NV","unpooled",77.6852007549064,77.04,0.645200754906398,0.416284014131786
1997,10,"NH","unpooled",79.9288113592094,79.51,0.418811359209357,0.175402954602789
1997,10,"NJ","unpooled",78.7459384517509,79.26,-0.514061548249131,0.264259275388294
1997,10,"NM","unpooled",78.7729055645632,77.42,1.35290556456323,1.83035346662615
1997,10,"NY","unpooled",78.8307591535239,79.46,-0.62924084647608,0.395944042873933
1997,10,"NC","unpooled",77.4551720765514,77.02,0.43517207655141,0.189374736210066
1997,10,"ND","unpooled",80.1177602513321,79.81,0.307760251332084,0.0947163722999876
1997,10,"OH","unpooled",77.7189718267082,77.29,0.42897182670815,0.184016828109327
1997,10,"OK","unpooled",76.0092051289525,75.28,0.729205128952515,0.531740120090654
1997,10,"OR","unpooled",78.9981669346824,78.75,0.248166934682359,0.0615868274696384
1997,10,"PA","unpooled",78.0258422911804,77.89,0.135842291180353,0.0184531280731278
1997,10,"RI","unpooled",79.5791413679505,79.09,0.489141367950495,0.239259277840482
1997,10,"SC","unpooled",76.8586117832385,76.13,0.728611783238492,0.530875130673975
1997,10,"SD","unpooled",79.3704581789543,79.28,0.0904581789542647,0.00818268213972177
1997,10,"TN","unpooled",76.0130943229326,75.86,0.153094322932603,0.023437871714192
1997,10,"TX","unpooled",77.6787996797926,77.7,-0.0212003202073845,0.000449453576895635
1997,10,"UT","unpooled",80.2579570685214,79.22,1.03795706852139,1.07735487609352
1997,10,"VT","unpooled",79.6842959481801,79.57,0.114295948180072,0.0130635637703816
1997,10,"VA","unpooled",78.341182387539,78.19,0.151182387538952,0.022856114301978
1997,10,"WA","unpooled",79.7009700079825,79.34,0.360970007982502,0.130299346662887
1997,10,"WV","unpooled",76.1544450105146,75.06,1.09444501051458,1.19780988104025
1997,10,"WI","unpooled",79.5493899464798,79.12,0.42938994647983,0.184375726137951
1997,10,"WY","unpooled",78.810617047742,77.34,1.47061704774205,2.16271450110955
1997,1,"USA","ratio_unpooled_3",76.686186162007,76.69,-0.00381383799296486,1.45453602365823e-05
1997,1,"AL","ratio_unpooled_3",74.4288343839186,74.29,0.138834383918592,0.019274986158055
1997,1,"AK","ratio_unpooled_3",76.3833400125617,76.8,-0.416659987438308,0.173605545132091
1997,1,"AZ","ratio_unpooled_3",77.1838442515747,77.05,0.1338442515747,0.0179142836795917
1997,1,"AR","ratio_unpooled_3",74.6054716846358,74.84,-0.234528315364216,0.055003530707577
1997,1,"CA","ratio_unpooled_3",77.5822976039915,77.64,-0.057702396008537,0.00332956650512603
1997,1,"CO","ratio_unpooled_3",78.2004670219139,77.98,0.220467021913862,0.0486057077515673
1997,1,"CT","ratio_unpooled_3",78.058592336791,78.03,0.0285923367909504,0.000817521723167137
1997,1,"DE","ratio_unpooled_3",76.2689922993195,76.34,-0.0710077006804681,0.00504209355592695
1997,1,"FL","ratio_unpooled_3",77.0465260332953,76.99,0.0565260332952562,0.00319519244009641
1997,1,"GA","ratio_unpooled_3",75.1988604763389,75.16,0.0388604763389395,0.00151013662128928
1997,1,"HI","ratio_unpooled_3",79.2985156785606,79.25,0.0485156785606051,0.00235377106619596
1997,1,"ID","ratio_unpooled_3",77.9761492896912,77.88,0.0961492896912262,0.00924468590812733
1997,1,"IL","ratio_unpooled_3",76.5042209370002,76.4,0.104220937000235,0.010862003709207
1997,1,"IN","ratio_unpooled_3",76.1875812707705,76.17,0.0175812707705063,0.00030910108190586
1997,1,"IA","ratio_unpooled_3",78.3005436567069,78.1,0.200543656706941,0.0402177582453914
1997,1,"KS","ratio_unpooled_3",77.4509958276405,77.34,0.110995827640465,0.0123200737535919
1997,1,"KY","ratio_unpooled_3",75.1760709562178,75.28,-0.103929043782159,0.010801246141474
1997,1,"LA","ratio_unpooled_3",74.028715687376,74.04,-0.0112843126240278,0.000127335711396794
1997,1,"ME","ratio_unpooled_3",77.6254667390574,77.38,0.245466739057406,0.0602539199834766
1997,1,"MD","ratio_unpooled_3",76.0803432998244,76.13,-0.0496567001756318,0.0024657878723326
1997,1,"MA","ratio_unpooled_3",78.2377722591207,78.16,0.0777722591207493,0.00604852428874497
1997,1,"MI","ratio_unpooled_3",76.3865457524113,76.24,0.146545752411299,0.0214756575497938
1997,1,"MN","ratio_unpooled_3",78.9042799758129,78.86,0.0442799758128558,0.0019607162579871
1997,1,"MS","ratio_unpooled_3",73.5462497350936,73.43,0.116249735093618,0.0135140009093363
1997,1,"MO","ratio_unpooled_3",75.9075568164512,75.82,0.0875568164512259,0.00766619610707367
1997,1,"MT","ratio_unpooled_3",77.2919288367517,77.23,0.0619288367516475,0.00383518082141221
1997,1,"NE","ratio_unpooled_3",77.8281794578218,77.89,-0.0618205421781539,0.00382177943520091
1997,1,"NV","ratio_unpooled_3",75.8851191968282,75.54,0.345119196828179,0.119107260019327
1997,1,"NH","ratio_unpooled_3",78.190252698217,78.1,0.0902526982169718,0.00814554953544378
1997,1,"NJ","ratio_unpooled_3",77.1047210448443,77.38,-0.275278955155684,0.0757785031516053
1997,1,"NM","ratio_unpooled_3",77.0897776888756,77.07,0.0197776888756351,0.000391156977261422
1997,1,"NY","ratio_unpooled_3",77.0832218192542,77.4,-0.316778180745814,0.100348415796628
1997,1,"NC","ratio_unpooled_3",75.813842138966,75.66,0.153842138965999,0.0236674037216337
1997,1,"ND","ratio_unpooled_3",78.5709543899417,78.22,0.350954389941691,0.123168983819345
1997,1,"OH","ratio_unpooled_3",76.3268154874773,76.29,0.0368154874773126,0.00135538011819216
1997,1,"OK","ratio_unpooled_3",75.0880062608556,75.15,-0.0619937391444552,0.00384322369311075
1997,1,"OR","ratio_unpooled_3",77.4575461342704,77.32,0.137546134270423,0.0189189390527372
1997,1,"PA","ratio_unpooled_3",76.4394879718575,76.73,-0.290512028142516,0.0843972384954777
1997,1,"RI","ratio_unpooled_3",77.8528902550814,77.95,-0.0971097449186118,0.00943030255815785
1997,1,"SC","ratio_unpooled_3",74.9499604094793,74.78,0.169960409479316,0.0288865407903767
1997,1,"SD","ratio_unpooled_3",77.8356974056446,77.46,0.37569740564463,0.141148540608105
1997,1,"TN","ratio_unpooled_3",74.8257943703692,74.8,0.0257943703692121,0.000665349542744085
1997,1,"TX","ratio_unpooled_3",76.3467614961685,76.51,-0.163238503831494,0.0266468091331446
1997,1,"UT","ratio_unpooled_3",78.6251879948881,78.42,0.205187994888107,0.0421021132462016
1997,1,"VT","ratio_unpooled_3",77.9734131095345,78.07,-0.0965868904654741,0.00932902740978949
1997,1,"VA","ratio_unpooled_3",76.5867745572966,76.62,-0.0332254427033831,0.00110393004283579
1997,1,"WA","ratio_unpooled_3",78.0761285566841,77.98,0.0961285566840786,0.00924069941016411
1997,1,"WV","ratio_unpooled_3",74.9197324311725,74.84,0.0797324311725021,0.00635726058067778
1997,1,"WI","ratio_unpooled_3",78.0367315324501,77.75,0.286731532450077,0.0822149717011693
1997,1,"WY","ratio_unpooled_3",77.1923811714093,76.81,0.382381171409278,0.146215360248332
1997,2,"USA","ratio_unpooled_3",76.8548404306179,76.68,0.174840430617905,0.0305691761786546
1997,2,"AL","ratio_unpooled_3",74.5832805750203,74.26,0.323280575020277,0.104510330185441
1997,2,"AK","ratio_unpooled_3",76.5759235933054,76.61,-0.0340764066945525,0.00116120149321254
1997,2,"AZ","ratio_unpooled_3",77.3776904313346,76.99,0.387690431334605,0.150303870548412
1997,2,"AR","ratio_unpooled_3",74.7113607327399,74.95,-0.238639267260069,0.0569486998784227
1997,2,"CA","ratio_unpooled_3",77.7423394895396,77.87,-0.127660510460416,0.0162972059310139
1997,2,"CO","ratio_unpooled_3",78.383459331208,78.11,0.273459331207945,0.0747800058246968
1997,2,"CT","ratio_unpooled_3",78.2328075822992,78.44,-0.207192417700838,0.0429286979527187
1997,2,"DE","ratio_unpooled_3",76.4344667485283,76.68,-0.245533251471755,0.0602865775782923
1997,2,"FL","ratio_unpooled_3",77.2141891581238,76.91,0.304189158123847,0.092531043920095
1997,2,"GA","ratio_unpooled_3",75.3810780056008,75.18,0.201078005600749,0.0404323643363749
1997,2,"HI","ratio_unpooled_3",79.4929649559686,79.35,0.142964955968623,0.0204389786351102
1997,2,"ID","ratio_unpooled_3",78.1482535933042,77.77,0.378253593304251,0.143075780847578
1997,2,"IL","ratio_unpooled_3",76.679954675197,76.23,0.449954675196992,0.20245920973163
1997,2,"IN","ratio_unpooled_3",76.3299263566473,75.98,0.349926356647345,0.122448455076485
1997,2,"IA","ratio_unpooled_3",78.4623072481252,78.21,0.252307248125206,0.0636589474565142
1997,2,"KS","ratio_unpooled_3",77.5890997948946,77.25,0.339099794894622,0.114988670897575
1997,2,"KY","ratio_unpooled_3",75.3107460405913,75.09,0.220746040591266,0.0487288144367207
1997,2,"LA","ratio_unpooled_3",74.1749171821094,74.04,0.134917182109362,0.0182026460283307
1997,2,"ME","ratio_unpooled_3",77.8178533744422,77.56,0.257853374442206,0.0664883627112325
1997,2,"MD","ratio_unpooled_3",76.2631018825435,76.12,0.143101882543505,0.020478148787495
1997,2,"MA","ratio_unpooled_3",78.4239664320456,78.25,0.173966432045589,0.0302643194786724
1997,2,"MI","ratio_unpooled_3",76.5430118563379,76.14,0.403011856337855,0.162418556348884
1997,2,"MN","ratio_unpooled_3",79.0817811793307,78.69,0.391781179330692,0.153492492477748
1997,2,"MS","ratio_unpooled_3",73.6891529341285,73.44,0.249152934128517,0.0620771845848493
1997,2,"MO","ratio_unpooled_3",76.0437541907067,75.77,0.273754190706669,0.074941356929463
1997,2,"MT","ratio_unpooled_3",77.4929215619163,77.16,0.332921561916294,0.110836766388785
1997,2,"NE","ratio_unpooled_3",77.9763839736973,77.72,0.256383973697297,0.0657327419688161
1997,2,"NV","ratio_unpooled_3",76.0852314186517,75.65,0.435231418651668,0.189426387781543
1997,2,"NH","ratio_unpooled_3",78.3835091654974,78.31,0.0735091654973701,0.00540359741211974
1997,2,"NJ","ratio_unpooled_3",77.2838386579084,77.24,0.0438386579084522,0.0019218279272143
1997,2,"NM","ratio_unpooled_3",77.2767535472066,76.71,0.56675354720656,0.321209583271218
1997,2,"NY","ratio_unpooled_3",77.2715591936173,77.34,-0.0684408063827107,0.00468414397831569
1997,2,"NC","ratio_unpooled_3",75.9939310437457,75.7,0.293931043745658,0.0863954584774121
1997,2,"ND","ratio_unpooled_3",78.743981548832,78.21,0.53398154883206,0.285136294493085
1997,2,"OH","ratio_unpooled_3",76.4814858745979,76.15,0.331485874597931,0.109882885057955
1997,2,"OK","ratio_unpooled_3",75.186947418241,75.02,0.166947418241008,0.0278714404573382
1997,2,"OR","ratio_unpooled_3",77.6272347876312,77.64,-0.0127652123688193,0.000162950646821058
1997,2,"PA","ratio_unpooled_3",76.6157245384585,76.53,0.0857245384585354,0.00734869649392892
1997,2,"RI","ratio_unpooled_3",78.0372063240087,78.16,-0.122793675991332,0.0150782868634642
1997,2,"SC","ratio_unpooled_3",75.1644576075323,74.62,0.544457607532294,0.29643408639979
1997,2,"SD","ratio_unpooled_3",78.0067166303954,77.65,0.356716630395411,0.127246754400656
1997,2,"TN","ratio_unpooled_3",74.9582044458327,74.96,-0.00179555416725918,3.22401476756182e-06
1997,2,"TX","ratio_unpooled_3",76.4947662496267,76.52,-0.0252337503732605,0.000636742157900023
1997,2,"UT","ratio_unpooled_3",78.8003838164497,78.51,0.290383816449719,0.084322760855904
1997,2,"VT","ratio_unpooled_3",78.1636518069482,78.11,0.0536518069481815,0.00287851638880494
1997,2,"VA","ratio_unpooled_3",76.7814537084288,76.71,0.0714537084287912,0.0051056324482267
1997,2,"WA","ratio_unpooled_3",78.2580317721563,77.99,0.268031772156348,0.0718410308852726
1997,2,"WV","ratio_unpooled_3",75.0587257435077,74.96,0.098725743507714,0.00974677243115094
1997,2,"WI","ratio_unpooled_3",78.2081704258558,77.8,0.408170425855758,0.166603096543271
1997,2,"WY","ratio_unpooled_3",77.3719549992962,76.54,0.831954999296173,0.692149120853894
1997,3,"USA","ratio_unpooled_3",77.0234946992288,76.8,0.223494699228795,0.0499498805833693
1997,3,"AL","ratio_unpooled_3",74.737726766122,74.42,0.317726766121964,0.100950297910322
1997,3,"AK","ratio_unpooled_3",76.7685071740492,76.14,0.628507174049204,0.395021267831317
1997,3,"AZ","ratio_unpooled_3",77.5715366110945,77.13,0.441536611094506,0.194954578936821
1997,3,"AR","ratio_unpooled_3",74.8172497808441,74.78,0.0372497808440784,0.00138754617293187
1997,3,"CA","ratio_unpooled_3",77.9023813750877,78.09,-0.18761862491229,0.0352007484139784
1997,3,"CO","ratio_unpooled_3",78.566451640502,78.36,0.206451640502024,0.0426222798659771
1997,3,"CT","ratio_unpooled_3",78.4070228278074,78.25,0.157022827807367,0.0246561684526221
1997,3,"DE","ratio_unpooled_3",76.599941197737,76.38,0.219941197736972,0.0483741304619738
1997,3,"FL","ratio_unpooled_3",77.3818522829524,76.97,0.411852282952438,0.169622302973135
1997,3,"GA","ratio_unpooled_3",75.5632955348626,75.1,0.463295534862581,0.214642752623605
1997,3,"HI","ratio_unpooled_3",79.6874142333766,79.51,0.177414233376624,0.031475810204615
1997,3,"ID","ratio_unpooled_3",78.3203578969173,78.08,0.240357896917274,0.057771918610495
1997,3,"IL","ratio_unpooled_3",76.8556884133938,76.55,0.305688413393753,0.09344540608319
1997,3,"IN","ratio_unpooled_3",76.4722714425242,76.02,0.452271442524193,0.204549457722914
1997,3,"IA","ratio_unpooled_3",78.6240708395435,78.33,0.294070839543465,0.0864776586697986
1997,3,"KS","ratio_unpooled_3",77.7272037621488,77.42,0.307203762148774,0.0943741514783604
1997,3,"KY","ratio_unpooled_3",75.4454211249647,75.08,0.365421124964698,0.133532598570465
1997,3,"LA","ratio_unpooled_3",74.3211186768428,74.09,0.231118676842755,0.0534158427855457
1997,3,"ME","ratio_unpooled_3",78.010240009827,77.59,0.420240009827012,0.176601665859407
1997,3,"MD","ratio_unpooled_3",76.4458604652627,76.22,0.225860465262656,0.0510129497686634
1997,3,"MA","ratio_unpooled_3",78.6101606049704,78.22,0.390160604970433,0.152225297670894
1997,3,"MI","ratio_unpooled_3",76.6994779602644,76.35,0.349477960264423,0.122134844710582
1997,3,"MN","ratio_unpooled_3",79.2592823828485,79.02,0.239282382848529,0.05725605874167
1997,3,"MS","ratio_unpooled_3",73.8320561331634,73.39,0.442056133163405,0.195413624867382
1997,3,"MO","ratio_unpooled_3",76.1799515649621,76.08,0.0999515649621117,0.00999031533837523
1997,3,"MT","ratio_unpooled_3",77.6939142870809,77.29,0.403914287080923,0.16314675130809
1997,3,"NE","ratio_unpooled_3",78.1245884895727,78.28,-0.155411510427257,0.0241527375732814
1997,3,"NV","ratio_unpooled_3",76.2853436404752,75.94,0.345343640475164,0.119262230016639
1997,3,"NH","ratio_unpooled_3",78.5767656327778,78.51,0.0667656327777735,0.0044576497202165
1997,3,"NJ","ratio_unpooled_3",77.4629562709726,77.32,0.14295627097259,0.0204364954103886
1997,3,"NM","ratio_unpooled_3",77.4637294055375,77.13,0.333729405537483,0.111375316120402
1997,3,"NY","ratio_unpooled_3",77.4598965679804,77.63,-0.170103432019602,0.0289351775848472
1997,3,"NC","ratio_unpooled_3",76.1740199485253,75.6,0.574019948525333,0.329498901305026
1997,3,"ND","ratio_unpooled_3",78.9170087077224,78.77,0.147008707722421,0.0216115601462161
1997,3,"OH","ratio_unpooled_3",76.6361562617186,76.33,0.306156261718556,0.0937316565894808
1997,3,"OK","ratio_unpooled_3",75.2858885756265,75.03,0.255888575626457,0.0654789631361371
1997,3,"OR","ratio_unpooled_3",77.796923440992,77.83,-0.0330765590080517,0.00109405875581313
1997,3,"PA","ratio_unpooled_3",76.7919611050596,76.65,0.141961105059579,0.0201529553497368
1997,3,"RI","ratio_unpooled_3",78.2215223929359,77.97,0.251522392935939,0.0632635141482211
1997,3,"SC","ratio_unpooled_3",75.3789548055853,74.74,0.638954805585286,0.40826324358053
1997,3,"SD","ratio_unpooled_3",78.1777358551462,77.98,0.197735855146206,0.0390994684104014
1997,3,"TN","ratio_unpooled_3",75.0906145212963,74.71,0.380614521296266,0.144867413821586
1997,3,"TX","ratio_unpooled_3",76.642771003085,76.52,0.122771003084964,0.0150727191984881
1997,3,"UT","ratio_unpooled_3",78.9755796380113,78.6,0.375579638011345,0.141060064488733
1997,3,"VT","ratio_unpooled_3",78.3538905043618,78.19,0.163890504361845,0.02686009741998
1997,3,"VA","ratio_unpooled_3",76.976132859561,76.77,0.206132859560952,0.0424907557907753
1997,3,"WA","ratio_unpooled_3",78.4399349876286,78.19,0.249934987628606,0.0624674980409115
1997,3,"WV","ratio_unpooled_3",75.1977190558429,74.88,0.317719055842915,0.100945398445713
1997,3,"WI","ratio_unpooled_3",78.3796093192614,77.97,0.409609319261435,0.167779794425816
1997,3,"WY","ratio_unpooled_3",77.5515288271831,77.1,0.451528827183083,0.20387828177733
1997,4,"USA","ratio_unpooled_3",77.1921489678397,76.93,0.262148967839664,0.0687220813394013
1997,4,"AL","ratio_unpooled_3",74.8921729572237,74.51,0.382172957223645,0.146056169233066
1997,4,"AK","ratio_unpooled_3",76.961090754793,76.42,0.541090754792961,0.292779204922416
1997,4,"AZ","ratio_unpooled_3",77.7653827908544,77.29,0.475382790854397,0.225988797840515
1997,4,"AR","ratio_unpooled_3",74.9231388289482,75.05,-0.126861171051772,0.0160937567206269
1997,4,"CA","ratio_unpooled_3",78.0624232606358,78.13,-0.0675767393641564,0.00456661570309113
1997,4,"CO","ratio_unpooled_3",78.7494439497961,78.34,0.409443949796099,0.167644348024631
1997,4,"CT","ratio_unpooled_3",78.5812380733156,78.61,-0.0287619266844246,0.000827248426600214
1997,4,"DE","ratio_unpooled_3",76.7654156469457,76.18,0.585415646945677,0.342711479688825
1997,4,"FL","ratio_unpooled_3",77.549515407781,77.04,0.509515407781024,0.259605950766263
1997,4,"GA","ratio_unpooled_3",75.7455130641244,75.28,0.465513064124394,0.216702412870482
1997,4,"HI","ratio_unpooled_3",79.8818635107846,79.79,0.0918635107846342,0.0084389046136786
1997,4,"ID","ratio_unpooled_3",78.4924622005303,78.14,0.352462200530297,0.12422960280266
1997,4,"IL","ratio_unpooled_3",77.0314221515905,76.8,0.231422151590507,0.0535562122467798
1997,4,"IN","ratio_unpooled_3",76.614616528401,76.27,0.344616528401033,0.11876055164718
1997,4,"IA","ratio_unpooled_3",78.7858344309617,78.63,0.155834430961733,0.024284369873167
1997,4,"KS","ratio_unpooled_3",77.8653077294029,77.35,0.515307729402934,0.265542055982408
1997,4,"KY","ratio_unpooled_3",75.5800962093381,75.12,0.460096209338118,0.211688521847306
1997,4,"LA","ratio_unpooled_3",74.4673201715761,74.04,0.427320171576142,0.182602529035863
1997,4,"ME","ratio_unpooled_3",78.2026266452118,77.77,0.432626645211826,0.187165814147239
1997,4,"MD","ratio_unpooled_3",76.6286190479818,76.39,0.2386190479818,0.0569390500597405
1997,4,"MA","ratio_unpooled_3",78.7963547778953,78.27,0.526354777895278,0.277049352213188
1997,4,"MI","ratio_unpooled_3",76.855944064191,76.63,0.225944064190983,0.0510507201431392
1997,4,"MN","ratio_unpooled_3",79.4367835863664,79.23,0.206783586366356,0.0427594515905322
1997,4,"MS","ratio_unpooled_3",73.9749593321983,73.69,0.284959332198298,0.0812018210068999
1997,4,"MO","ratio_unpooled_3",76.3161489392176,76.18,0.136148939217549,0.0185365336500637
1997,4,"MT","ratio_unpooled_3",77.8949070122456,77.48,0.414907012245564,0.172147828810541
1997,4,"NE","ratio_unpooled_3",78.2727930054482,78.3,-0.0272069945518041,0.000740220552541897
1997,4,"NV","ratio_unpooled_3",76.4854558622987,75.96,0.525455862298656,0.276103863224025
1997,4,"NH","ratio_unpooled_3",78.7700221000582,78.56,0.210022100058183,0.0441092825128492
1997,4,"NJ","ratio_unpooled_3",77.6420738840367,77.37,0.272073884036715,0.0740241983748237
1997,4,"NM","ratio_unpooled_3",77.6507052638684,76.94,0.710705263868405,0.50510197209026
1997,4,"NY","ratio_unpooled_3",77.6482339423435,77.63,0.0182339423434996,0.000332476653386068
1997,4,"NC","ratio_unpooled_3",76.354108853305,76.02,0.334108853304997,0.11162872585678
1997,4,"ND","ratio_unpooled_3",79.0900358666128,78.41,0.680035866612783,0.462448779879799
1997,4,"OH","ratio_unpooled_3",76.7908266488392,76.47,0.320826648839173,0.102929738605374
1997,4,"OK","ratio_unpooled_3",75.3848297330119,75.3,0.0848297330119152,0.00719608360287282
1997,4,"OR","ratio_unpooled_3",77.9666120943527,77.85,0.116612094352718,0.0135983805493271
1997,4,"PA","ratio_unpooled_3",76.9681976716606,76.81,0.158197671660631,0.0250265033188447
1997,4,"RI","ratio_unpooled_3",78.4058384618632,77.94,0.465838461863214,0.217005472551085
1997,4,"SC","ratio_unpooled_3",75.5934520036383,75.05,0.543452003638265,0.295340080258445
1997,4,"SD","ratio_unpooled_3",78.348755079897,78.03,0.318755079897002,0.101604800960144
1997,4,"TN","ratio_unpooled_3",75.2230245967598,75.02,0.203024596759789,0.041218986889475
1997,4,"TX","ratio_unpooled_3",76.7907757565432,76.57,0.22077575654319,0.0487419346772181
1997,4,"UT","ratio_unpooled_3",79.150775459573,78.64,0.510775459572955,0.260891570101963
1997,4,"VT","ratio_unpooled_3",78.5441292017755,78.31,0.234129201775502,0.0548164831240339
1997,4,"VA","ratio_unpooled_3",77.1708120106931,77.06,0.11081201069311,0.0122793017138498
1997,4,"WA","ratio_unpooled_3",78.6218382031009,78.26,0.361838203100859,0.130926885223259
1997,4,"WV","ratio_unpooled_3",75.3367123681781,75.1,0.236712368178118,0.0560327452484929
1997,4,"WI","ratio_unpooled_3",78.5510482126671,78.07,0.481048212667119,0.23140738291023
1997,4,"WY","ratio_unpooled_3",77.73110265507,76.91,0.821102655069978,0.674209570162968
1997,5,"USA","ratio_unpooled_3",77.3608032364506,77.02,0.340803236450554,0.116146845975173
1997,5,"AL","ratio_unpooled_3",75.0466191483253,74.5,0.546619148325334,0.298792493315913
1997,5,"AK","ratio_unpooled_3",77.1536743355367,76.88,0.273674335536725,0.0748976419314681
1997,5,"AZ","ratio_unpooled_3",77.9592289706143,77.26,0.6992289706143,0.488921153346333
1997,5,"AR","ratio_unpooled_3",75.0290278770524,74.82,0.209027877052378,0.0436926533850241
1997,5,"CA","ratio_unpooled_3",78.222465146184,78.37,-0.14753485381604,0.0217665330905204
1997,5,"CO","ratio_unpooled_3",78.9324362590902,78.29,0.642436259090175,0.412724346993779
1997,5,"CT","ratio_unpooled_3",78.7554533188238,78.72,0.0354533188237838,0.00125693781562086
1997,5,"DE","ratio_unpooled_3",76.9308900961544,77.03,-0.0991099038456014,0.00982277304028435
1997,5,"FL","ratio_unpooled_3",77.7171785326096,77.21,0.507178532609629,0.257230063940056
1997,5,"GA","ratio_unpooled_3",75.9277305933862,75.46,0.467730593386221,0.218771907989427
1997,5,"HI","ratio_unpooled_3",80.0763127881927,79.72,0.356312788192653,0.126958803029623
1997,5,"ID","ratio_unpooled_3",78.6645665041433,78.34,0.32456650414332,0.105343415611816
1997,5,"IL","ratio_unpooled_3",77.2071558897873,76.87,0.337155889787255,0.113674094018235
1997,5,"IN","ratio_unpooled_3",76.7569616142779,76.41,0.346961614277873,0.120382361782308
1997,5,"IA","ratio_unpooled_3",78.94759802238,78.74,0.207598022379997,0.0430969388960859
1997,5,"KS","ratio_unpooled_3",78.0034116966571,77.35,0.653411696657088,0.426946845328294
1997,5,"KY","ratio_unpooled_3",75.7147712937116,74.91,0.804771293711553,0.647656835182167
1997,5,"LA","ratio_unpooled_3",74.6135216663095,74.07,0.543521666309545,0.295415801747904
1997,5,"ME","ratio_unpooled_3",78.3950132805966,77.66,0.735013280596633,0.540244522653424
1997,5,"MD","ratio_unpooled_3",76.811377630701,76.66,0.151377630700949,0.022915187076633
1997,5,"MA","ratio_unpooled_3",78.9825489508201,78.37,0.612548950820113,0.375216217150821
1997,5,"MI","ratio_unpooled_3",77.0124101681175,76.62,0.392410168117536,0.153985740042033
1997,5,"MN","ratio_unpooled_3",79.6142847898842,79.2,0.414284789884192,0.171631887129389
1997,5,"MS","ratio_unpooled_3",74.1178625312332,73.58,0.537862531233188,0.289296102504572
1997,5,"MO","ratio_unpooled_3",76.452346313473,76.03,0.422346313473,0.178376408504233
1997,5,"MT","ratio_unpooled_3",78.0958997374102,77.12,0.975899737410202,0.952380297477302
1997,5,"NE","ratio_unpooled_3",78.4209975213236,77.9,0.520997521323636,0.271438417225373
1997,5,"NV","ratio_unpooled_3",76.6855680841221,76.1,0.585568084122144,0.342889981142479
1997,5,"NH","ratio_unpooled_3",78.9632785673386,78.73,0.233278567338587,0.0544188899795437
1997,5,"NJ","ratio_unpooled_3",77.8211914971009,77.79,0.0311914971008491,0.000972909491392279
1997,5,"NM","ratio_unpooled_3",77.8376811221993,76.92,0.917681122199326,0.842138642041015
1997,5,"NY","ratio_unpooled_3",77.8365713167066,78.02,-0.1834286832934,0.0336460818547504
1997,5,"NC","ratio_unpooled_3",76.5341977580847,76.2,0.334197758084656,0.11168814150881
1997,5,"ND","ratio_unpooled_3",79.2630630255031,78.9,0.363063025503138,0.131814760487492
1997,5,"OH","ratio_unpooled_3",76.9454970359598,76.4,0.545497035959784,0.29756701624091
1997,5,"OK","ratio_unpooled_3",75.4837708903974,75.05,0.433770890397369,0.188157185356126
1997,5,"OR","ratio_unpooled_3",78.1363007477135,77.69,0.44630074771348,0.199184357409611
1997,5,"PA","ratio_unpooled_3",77.1444342382617,76.85,0.294434238261687,0.0866915206607397
1997,5,"RI","ratio_unpooled_3",78.5901545307905,77.85,0.740154530790491,0.547828729449692
1997,5,"SC","ratio_unpooled_3",75.8079492016912,75.08,0.727949201691246,0.529910040242922
1997,5,"SD","ratio_unpooled_3",78.5197743046478,78.29,0.22977430464779,0.0527962310763756
1997,5,"TN","ratio_unpooled_3",75.3554346722233,74.81,0.545434672223308,0.297498981663348
1997,5,"TX","ratio_unpooled_3",76.9387805100014,76.6,0.338780510001413,0.114772233956818
1997,5,"UT","ratio_unpooled_3",79.3259712811346,78.59,0.735971281134567,0.541653726654856
1997,5,"VT","ratio_unpooled_3",78.7343678991892,78.78,-0.0456321008108347,0.00208228862441018
1997,5,"VA","ratio_unpooled_3",77.3654911618253,77.17,0.195491161825274,0.0382167943517954
1997,5,"WA","ratio_unpooled_3",78.8037414185731,78.33,0.473741418573127,0.224430931671679
1997,5,"WV","ratio_unpooled_3",75.4757056805133,74.82,0.655705680513321,0.429949939457438
1997,5,"WI","ratio_unpooled_3",78.7224871060728,78.13,0.592487106072795,0.351040970862516
1997,5,"WY","ratio_unpooled_3",77.9106764829569,76.58,1.33067648295687,1.77069990229448
1997,6,"USA","ratio_unpooled_3",77.5294575050614,77.17,0.359457505061428,0.129209697944987
1997,6,"AL","ratio_unpooled_3",75.201065339427,74.48,0.721065339427014,0.519935223722995
1997,6,"AK","ratio_unpooled_3",77.3462579162805,76.61,0.736257916280479,0.542075719285673
1997,6,"AZ","ratio_unpooled_3",78.1530751503742,77.45,0.703075150374204,0.494314667073709
1997,6,"AR","ratio_unpooled_3",75.1349169251565,75.15,-0.0150830748434885,0.000227499146734275
1997,6,"CA","ratio_unpooled_3",78.3825070317321,78.38,0.00250703173209388,6.28520810572563e-06
1997,6,"CO","ratio_unpooled_3",79.1154285683843,78.39,0.72542856838426,0.526246607828036
1997,6,"CT","ratio_unpooled_3",78.929668564332,79.09,-0.160331435668013,0.0257061692633662
1997,6,"DE","ratio_unpooled_3",77.0963645453631,76.97,0.126364545363117,0.0159679983248273
1997,6,"FL","ratio_unpooled_3",77.8848416574382,77.32,0.564841657438222,0.319046097977558
1997,6,"GA","ratio_unpooled_3",76.109948122648,75.54,0.569948122648029,0.324840862510012
1997,6,"HI","ratio_unpooled_3",80.2707620656007,79.81,0.460762065600662,0.212301681096588
1997,6,"ID","ratio_unpooled_3",78.8366708077563,78.15,0.686670807756343,0.471516798224749
1997,6,"IL","ratio_unpooled_3",77.382889627984,77.13,0.252889627984018,0.0639531639418952
1997,6,"IN","ratio_unpooled_3",76.8993067001547,76.41,0.489306700154714,0.239421046816295
1997,6,"IA","ratio_unpooled_3",79.1093616137983,78.65,0.459361613798251,0.211013092231333
1997,6,"KS","ratio_unpooled_3",78.1415156639112,77.71,0.431515663911242,0.18620576820076
1997,6,"KY","ratio_unpooled_3",75.849446378085,75.1,0.749446378084983,0.561669873624699
1997,6,"LA","ratio_unpooled_3",74.7597231610429,74.08,0.679723161042929,0.462023575658192
1997,6,"ME","ratio_unpooled_3",78.5873999159814,77.94,0.647399915981438,0.419126651212773
1997,6,"MD","ratio_unpooled_3",76.9941362134201,76.68,0.314136213420085,0.098681560581909
1997,6,"MA","ratio_unpooled_3",79.168743123745,78.53,0.638743123744959,0.407992778131468
1997,6,"MI","ratio_unpooled_3",77.1688762720441,76.92,0.2488762720441,0.061939398786569
1997,6,"MN","ratio_unpooled_3",79.791785993402,79.65,0.141785993402024,0.0201032679249989
1997,6,"MS","ratio_unpooled_3",74.2607657302681,73.79,0.47076573026807,0.221620372794829
1997,6,"MO","ratio_unpooled_3",76.5885436877284,76.25,0.338543687728446,0.114611828500776
1997,6,"MT","ratio_unpooled_3",78.2968924625748,77.24,1.05689246257485,1.11702167744753
1997,6,"NE","ratio_unpooled_3",78.5692020371991,78.43,0.139202037199084,0.0193772071603751
1997,6,"NV","ratio_unpooled_3",76.8856803059456,75.95,0.935680305945624,0.875497634934497
1997,6,"NH","ratio_unpooled_3",79.156535034619,79.21,-0.0534649653809964,0.00285850252319115
1997,6,"NJ","ratio_unpooled_3",78.000309110165,78.01,-0.00969088983501365,9.39133457943709e-05
1997,6,"NM","ratio_unpooled_3",78.0246569805303,76.82,1.20465698053026,1.45119844074028
1997,6,"NY","ratio_unpooled_3",78.0249086910697,78.31,-0.285091308930305,0.0812770544275945
1997,6,"NC","ratio_unpooled_3",76.7142866628643,76.22,0.494286662864326,0.244319305085552
1997,6,"ND","ratio_unpooled_3",79.4360901843935,78.43,1.0060901843935,1.01221745913295
1997,6,"OH","ratio_unpooled_3",77.1001674230804,76.58,0.520167423080409,0.270574148034113
1997,6,"OK","ratio_unpooled_3",75.5827120477828,75.07,0.512712047782827,0.26287364394166
1997,6,"OR","ratio_unpooled_3",78.3059894010742,77.9,0.405989401074237,0.164827393784618
1997,6,"PA","ratio_unpooled_3",77.3206708048627,77.01,0.310670804862724,0.0965163489940527
1997,6,"RI","ratio_unpooled_3",78.7744705997178,78.06,0.714470599717757,0.510468237861051
1997,6,"SC","ratio_unpooled_3",76.0224463997442,75.24,0.782446399744231,0.612222368472709
1997,6,"SD","ratio_unpooled_3",78.6907935293986,77.76,0.930793529398585,0.866376594370274
1997,6,"TN","ratio_unpooled_3",75.4878447476868,74.85,0.637844747686842,0.406845922151691
1997,6,"TX","ratio_unpooled_3",77.0867852634596,76.85,0.236785263459637,0.0560672609916499
1997,6,"UT","ratio_unpooled_3",79.5011671026962,78.62,0.881167102696182,0.776455462873983
1997,6,"VT","ratio_unpooled_3",78.9246065966028,78.9,0.0246065966028226,0.000605484596374041
1997,6,"VA","ratio_unpooled_3",77.5601703129574,77.14,0.420170312957438,0.176543091890752
1997,6,"WA","ratio_unpooled_3",78.9856446340454,78.47,0.515644634045387,0.265889388619801
1997,6,"WV","ratio_unpooled_3",75.6146989928485,74.89,0.724698992848516,0.525188630235654
1997,6,"WI","ratio_unpooled_3",78.8939259994785,78.51,0.383925999478464,0.147399173075538
1997,6,"WY","ratio_unpooled_3",78.0902503108438,76.85,1.24025031084378,1.53822083354809
1997,7,"USA","ratio_unpooled_3",77.6981117736723,77.57,0.128111773672316,0.0164126265534667
1997,7,"AL","ratio_unpooled_3",75.3555115305287,74.63,0.725511530528706,0.526366980930106
1997,7,"AK","ratio_unpooled_3",77.5388414970242,77.49,0.0488414970242417,0.00238549183156901
1997,7,"AZ","ratio_unpooled_3",78.3469213301341,77.82,0.526921330134115,0.277646088150305
1997,7,"AR","ratio_unpooled_3",75.2408059732607,75.26,-0.019194026739342,0.000368410662470576
1997,7,"CA","ratio_unpooled_3",78.5425489172802,78.9,-0.357451082719791,0.127771276537551
1997,7,"CO","ratio_unpooled_3",79.2984208776783,79.1,0.198420877678345,0.0393708446986446
1997,7,"CT","ratio_unpooled_3",79.1038838098402,79.34,-0.236116190159805,0.0557508552555813
1997,7,"DE","ratio_unpooled_3",77.2618389945718,77.07,0.191838994571839,0.036802199838334
1997,7,"FL","ratio_unpooled_3",78.0525047822668,77.56,0.492504782266806,0.242560960555674
1997,7,"GA","ratio_unpooled_3",76.2921656519099,75.91,0.382165651909858,0.146050585499687
1997,7,"HI","ratio_unpooled_3",80.4652113430087,80.12,0.345211343008671,0.11917087134185
1997,7,"ID","ratio_unpooled_3",79.0087751113694,78.71,0.29877511136938,0.0892665671737857
1997,7,"IL","ratio_unpooled_3",77.5586233661808,77.57,-0.0113766338192249,0.000129427797056733
1997,7,"IN","ratio_unpooled_3",77.0416517860316,76.88,0.161651786031555,0.0261312999271918
1997,7,"IA","ratio_unpooled_3",79.2711252052165,79.24,0.0311252052165258,0.000968778399770848
1997,7,"KS","ratio_unpooled_3",78.2796196311654,77.97,0.30961963116539,0.095864316002992
1997,7,"KY","ratio_unpooled_3",75.9841214624584,75.58,0.404121462458406,0.163314156419521
1997,7,"LA","ratio_unpooled_3",74.9059246557763,74.16,0.745924655776321,0.556403592095023
1997,7,"ME","ratio_unpooled_3",78.7797865513662,78.11,0.669786551366244,0.448614024391086
1997,7,"MD","ratio_unpooled_3",77.1768947961392,77.24,-0.0631052038607578,0.0039822667543078
1997,7,"MA","ratio_unpooled_3",79.3549372966698,79.02,0.334937296669807,0.112182992700478
1997,7,"MI","ratio_unpooled_3",77.3253423759707,77.33,-0.00465762402933478,2.16934615986368e-05
1997,7,"MN","ratio_unpooled_3",79.9692871969199,80,-0.0307128030801351,0.000943276273039158
1997,7,"MS","ratio_unpooled_3",74.403668929303,74.12,0.283668929302962,0.080468061451889
1997,7,"MO","ratio_unpooled_3",76.7247410619839,76.65,0.074741061983886,0.00558622634647908
1997,7,"MT","ratio_unpooled_3",78.4978851877395,78.12,0.37788518773948,0.142797215112902
1997,7,"NE","ratio_unpooled_3",78.7174065530745,78.98,-0.262593446925464,0.0689553183681967
1997,7,"NV","ratio_unpooled_3",77.0857925277691,76.39,0.695792527769115,0.484127241699334
1997,7,"NH","ratio_unpooled_3",79.3497915018994,79.03,0.319791501899402,0.102266604687076
1997,7,"NJ","ratio_unpooled_3",78.1794267232291,78.46,-0.280573276770866,0.0787213636379411
1997,7,"NM","ratio_unpooled_3",78.2116328388612,77.45,0.761632838861175,0.580084581231732
1997,7,"NY","ratio_unpooled_3",78.2132460654328,78.66,-0.446753934567198,0.199589078051272
1997,7,"NC","ratio_unpooled_3",76.894375567644,76.55,0.344375567643993,0.118594531590123
1997,7,"ND","ratio_unpooled_3",79.6091173432839,79.7,-0.0908826567161327,0.00825965729178242
1997,7,"OH","ratio_unpooled_3",77.254837810201,76.92,0.334837810201023,0.112116359140216
1997,7,"OK","ratio_unpooled_3",75.6816532051683,75.45,0.231653205168271,0.0536632074647332
1997,7,"OR","ratio_unpooled_3",78.475678054435,78.38,0.0956780544350124,0.0091542901004692
1997,7,"PA","ratio_unpooled_3",77.4969073714638,77.3,0.19690737146378,0.0387725129367751
1997,7,"RI","ratio_unpooled_3",78.958786668645,78.72,0.238786668645034,0.0570190731225931
1997,7,"SC","ratio_unpooled_3",76.2369435977972,75.7,0.536943597797205,0.288308427215406
1997,7,"SD","ratio_unpooled_3",78.8618127541494,78.43,0.431812754149377,0.18646225464607
1997,7,"TN","ratio_unpooled_3",75.6202548231504,75.29,0.330254823150355,0.109068248214072
1997,7,"TX","ratio_unpooled_3",77.2347900169179,77.28,-0.0452099830821453,0.00204394257028786
1997,7,"UT","ratio_unpooled_3",79.6763629242578,78.85,0.826362924257808,0.682875682587915
1997,7,"VT","ratio_unpooled_3",79.1148452940165,79.48,-0.365154705983514,0.133337959301906
1997,7,"VA","ratio_unpooled_3",77.7548494640896,77.75,0.00484946408960241,2.35173019563433e-05
1997,7,"WA","ratio_unpooled_3",79.1675478495176,78.98,0.187547849517642,0.0351741958586922
1997,7,"WV","ratio_unpooled_3",75.7536923051837,75.15,0.603692305183714,0.364444399338026
1997,7,"WI","ratio_unpooled_3",79.0653648928841,78.87,0.195364892884143,0.0381674413716327
1997,7,"WY","ratio_unpooled_3",78.2698241387307,77.62,0.649824138730665,0.42227141127705
1997,8,"USA","ratio_unpooled_3",77.8667660422832,77.56,0.306766042283186,0.0941054046980897
1997,8,"AL","ratio_unpooled_3",75.5099577216304,74.56,0.949957721630383,0.902419672885189
1997,8,"AK","ratio_unpooled_3",77.731425077768,77.67,0.0614250777679928,0.00377304017880396
1997,8,"AZ","ratio_unpooled_3",78.540767509894,77.52,1.02076750989401,1.04196630925523
1997,8,"AR","ratio_unpooled_3",75.3466950213648,75.34,0.0066950213648056,4.48233110752034e-05
1997,8,"CA","ratio_unpooled_3",78.7025908028283,78.91,-0.207409197171657,0.0430185750713913
1997,8,"CO","ratio_unpooled_3",79.4814131869724,78.97,0.511413186972419,0.261543447809286
1997,8,"CT","ratio_unpooled_3",79.2780990553484,79.51,-0.231900944651599,0.0537780481303041
1997,8,"DE","ratio_unpooled_3",77.4273134437805,77.14,0.287313443780548,0.0825490149770379
1997,8,"FL","ratio_unpooled_3",78.2201679070954,77.68,0.540167907095395,0.291781367855819
1997,8,"GA","ratio_unpooled_3",76.4743831811717,76.13,0.344383181171679,0.118599775473926
1997,8,"HI","ratio_unpooled_3",80.6596606204167,80.25,0.409660620416687,0.167821823920185
1997,8,"ID","ratio_unpooled_3",79.1808794149824,78.69,0.490879414982402,0.240962600053465
1997,8,"IL","ratio_unpooled_3",77.7343571043775,77.61,0.124357104377523,0.0154646894091622
1997,8,"IN","ratio_unpooled_3",77.1839968719084,76.73,0.453996871908387,0.206113159702601
1997,8,"IA","ratio_unpooled_3",79.4328887966348,78.98,0.452888796634781,0.2051082621173
1997,8,"KS","ratio_unpooled_3",78.4177235984195,77.77,0.647723598419546,0.419545859949565
1997,8,"KY","ratio_unpooled_3",76.1187965468318,75.43,0.688796546831824,0.474440682927445
1997,8,"LA","ratio_unpooled_3",75.0521261505097,73.67,1.38212615050971,1.91027269592278
1997,8,"ME","ratio_unpooled_3",78.972173186751,77.87,1.10217318675105,1.21478573359295
1997,8,"MD","ratio_unpooled_3",77.3596533788584,77.43,-0.0703466211416242,0.0049486471060432
1997,8,"MA","ratio_unpooled_3",79.5411314695946,79.28,0.261131469594645,0.0681896444126589
1997,8,"MI","ratio_unpooled_3",77.4818084798972,77.23,0.251808479897221,0.0634075105481492
1997,8,"MN","ratio_unpooled_3",80.1467884004377,80.09,0.0567884004376964,0.00322492242427216
1997,8,"MS","ratio_unpooled_3",74.5465721283379,73.7,0.846572128337854,0.716684368478484
1997,8,"MO","ratio_unpooled_3",76.8609384362393,76.63,0.230938436239342,0.0533325613326725
1997,8,"MT","ratio_unpooled_3",78.6988779129041,77.68,1.01887791290412,1.03811220140385
1997,8,"NE","ratio_unpooled_3",78.86561106895,78.93,-0.0643889310500185,0.00414593444176404
1997,8,"NV","ratio_unpooled_3",77.2859047495926,76.08,1.20590474959261,1.45420626509
1997,8,"NH","ratio_unpooled_3",79.5430479691798,79.12,0.423047969179805,0.178969584227157
1997,8,"NJ","ratio_unpooled_3",78.3585443362933,78.59,-0.23145566370674,0.0535717242619274
1997,8,"NM","ratio_unpooled_3",78.3986086971921,77.28,1.1186086971921,1.25128541743381
1997,8,"NY","ratio_unpooled_3",78.4015834397959,78.84,-0.438416560204104,0.192209080261198
1997,8,"NC","ratio_unpooled_3",77.0744644724237,76.61,0.464464472423657,0.215727246143786
1997,8,"ND","ratio_unpooled_3",79.7821445021742,79.44,0.342144502174236,0.117062860368056
1997,8,"OH","ratio_unpooled_3",77.4095081973216,76.77,0.639508197321646,0.408970734441582
1997,8,"OK","ratio_unpooled_3",75.7805943625537,75.05,0.730594362553731,0.533768122595292
1997,8,"OR","ratio_unpooled_3",78.6453667077958,78.38,0.265366707795778,0.0704194896063697
1997,8,"PA","ratio_unpooled_3",77.6731439380648,77.24,0.433143938064831,0.18761367108231
1997,8,"RI","ratio_unpooled_3",79.1431027375723,78.65,0.4931027375723,0.243150309801297
1997,8,"SC","ratio_unpooled_3",76.4514407958502,75.61,0.84144079585019,0.708022612921001
1997,8,"SD","ratio_unpooled_3",79.0328319789002,78.3,0.73283197890018,0.537042709298753
1997,8,"TN","ratio_unpooled_3",75.7526648986139,75.23,0.522664898613883,0.27317859624306
1997,8,"TX","ratio_unpooled_3",77.3827947703761,77.36,0.0227947703760805,0.000519601556498235
1997,8,"UT","ratio_unpooled_3",79.8515587458194,79.2,0.651558745819415,0.424528799253769
1997,8,"VT","ratio_unpooled_3",79.3050839914302,79.36,-0.0549160085698475,0.00301576799724356
1997,8,"VA","ratio_unpooled_3",77.9495286152218,77.73,0.219528615221762,0.0481928129011844
1997,8,"WA","ratio_unpooled_3",79.3494510649899,78.97,0.379451064989908,0.143983110721975
1997,8,"WV","ratio_unpooled_3",75.8926856175189,75.23,0.662685617518918,0.439152227666429
1997,8,"WI","ratio_unpooled_3",79.2368037862898,78.71,0.526803786289832,0.277522229249303
1997,8,"WY","ratio_unpooled_3",78.4493979666176,77.47,0.979397966617569,0.959220377014628
1997,9,"USA","ratio_unpooled_3",78.0354203108941,77.83,0.20542031089407,0.0421975041278163
1997,9,"AL","ratio_unpooled_3",75.6644039127321,74.58,1.08440391273207,1.17593184594863
1997,9,"AK","ratio_unpooled_3",77.9240086585118,77.32,0.604008658511759,0.364826459557175
1997,9,"AZ","ratio_unpooled_3",78.7346136896539,77.71,1.02461368965392,1.04983321302622
1997,9,"AR","ratio_unpooled_3",75.452584069469,75.44,0.0125840694689572,0.00015835880439954
1997,9,"CA","ratio_unpooled_3",78.8626326883765,79.14,-0.277367311623536,0.0769326255572676
1997,9,"CO","ratio_unpooled_3",79.6644054962665,79.38,0.284405496266501,0.0808864863065949
1997,9,"CT","ratio_unpooled_3",79.4523143008566,79.68,-0.227685699143393,0.0518407775944157
1997,9,"DE","ratio_unpooled_3",77.5927878929893,77.67,-0.0772121070107374,0.00596170946903757
1997,9,"FL","ratio_unpooled_3",78.387831031924,77.89,0.497831031923994,0.247835736346509
1997,9,"GA","ratio_unpooled_3",76.6566007104335,76.28,0.376600710433493,0.141828095099012
1997,9,"HI","ratio_unpooled_3",80.8541098978247,80.13,0.724109897824704,0.524335144127703
1997,9,"ID","ratio_unpooled_3",79.3529837185954,78.86,0.492983718595426,0.243032946800174
1997,9,"IL","ratio_unpooled_3",77.9100908425743,77.92,-0.0099091574257244,9.8191400887789e-05
1997,9,"IN","ratio_unpooled_3",77.3263419577852,76.84,0.486341957785228,0.236528499902369
1997,9,"IA","ratio_unpooled_3",79.594652388053,79.29,0.304652388053043,0.0928130775464219
1997,9,"KS","ratio_unpooled_3",78.5558275656737,77.9,0.65582756567369,0.430109795897478
1997,9,"KY","ratio_unpooled_3",76.2534716312053,75.57,0.683471631205265,0.467133470662386
1997,9,"LA","ratio_unpooled_3",75.1983276452431,74.67,0.528327645243095,0.279130100728114
1997,9,"ME","ratio_unpooled_3",79.1645598221359,78.43,0.73455982213585,0.539578132296252
1997,9,"MD","ratio_unpooled_3",77.5424119615775,77.61,-0.0675880384224712,0.00456814293779744
1997,9,"MA","ratio_unpooled_3",79.7273256425195,79.55,0.177325642519492,0.0314443834949505
1997,9,"MI","ratio_unpooled_3",77.6382745838238,77.52,0.118274583823791,0.0139888771786909
1997,9,"MN","ratio_unpooled_3",80.3242896039555,80.31,0.0142896039555325,0.000204192781205969
1997,9,"MS","ratio_unpooled_3",74.6894753273727,73.95,0.739475327372745,0.546823759793028
1997,9,"MO","ratio_unpooled_3",76.9971358104948,76.72,0.277135810494784,0.0768042574586006
1997,9,"MT","ratio_unpooled_3",78.8998706380688,78.04,0.859870638068756,0.73937751421277
1997,9,"NE","ratio_unpooled_3",79.0138155848254,79.12,-0.106184415174567,0.0112751300259649
1997,9,"NV","ratio_unpooled_3",77.4860169714161,76.57,0.916016971416099,0.839087091922322
1997,9,"NH","ratio_unpooled_3",79.7363044364602,79.52,0.21630443646022,0.0467876092323734
1997,9,"NJ","ratio_unpooled_3",78.5376619493574,78.8,-0.262338050642597,0.068821252814958
1997,9,"NM","ratio_unpooled_3",78.585584555523,77.35,1.23558455552303,1.52666919384705
1997,9,"NY","ratio_unpooled_3",78.589920814159,79.21,-0.620079185840993,0.384498196713229
1997,9,"NC","ratio_unpooled_3",77.2545533772033,76.86,0.394553377203323,0.155672367462548
1997,9,"ND","ratio_unpooled_3",79.9551716610646,79.29,0.665171661064591,0.442453338683427
1997,9,"OH","ratio_unpooled_3",77.5641785844423,77.13,0.434178584442265,0.188511043188289
1997,9,"OK","ratio_unpooled_3",75.8795355199392,75.37,0.509535519939178,0.259626446079688
1997,9,"OR","ratio_unpooled_3",78.8150553611565,78.52,0.295055361156543,0.0870576661472177
1997,9,"PA","ratio_unpooled_3",77.8493805046659,77.58,0.269380504665875,0.0725658562940417
1997,9,"RI","ratio_unpooled_3",79.3274188064996,78.98,0.347418806499576,0.12069982710959
1997,9,"SC","ratio_unpooled_3",76.6659379939032,75.95,0.715937993903168,0.512567211114093
1997,9,"SD","ratio_unpooled_3",79.203851203651,78.65,0.553851203650964,0.306751155785622
1997,9,"TN","ratio_unpooled_3",75.8850749740774,75.52,0.365074974077416,0.133279736697626
1997,9,"TX","ratio_unpooled_3",77.5307995238343,77.63,-0.0992004761656915,0.00984073447149993
1997,9,"UT","ratio_unpooled_3",80.026754567381,79.22,0.806754567381034,0.65085293199016
1997,9,"VT","ratio_unpooled_3",79.4953226888438,79.43,0.065322688843807,0.00426705367778483
1997,9,"VA","ratio_unpooled_3",78.1442077663539,78.08,0.0642077663539311,0.00412263726016101
1997,9,"WA","ratio_unpooled_3",79.5313542804622,79.33,0.201354280462169,0.0405435462604379
1997,9,"WV","ratio_unpooled_3",76.0316789298541,75.23,0.80167892985412,0.642689106572047
1997,9,"WI","ratio_unpooled_3",79.4082426796955,79.09,0.318242679695501,0.101278403179773
1997,9,"WY","ratio_unpooled_3",78.6289717945045,77.1,1.52897179450447,2.33775474839022
1997,10,"USA","ratio_unpooled_3",78.204074579505,78.08,0.124074579504949,0.01539450127933
1997,10,"AL","ratio_unpooled_3",75.8188501038338,74.89,0.928850103833753,0.862762515391973
1997,10,"AK","ratio_unpooled_3",78.1165922392555,77.39,0.72659223925551,0.527936282146336
1997,10,"AZ","ratio_unpooled_3",78.9284598694138,78.29,0.638459869413808,0.407631004851896
1997,10,"AR","ratio_unpooled_3",75.5584731175731,75.64,-0.0815268824268998,0.00664663255824954
1997,10,"CA","ratio_unpooled_3",79.0226745739246,79.52,-0.497325426075406,0.247332579421084
1997,10,"CO","ratio_unpooled_3",79.8473978055606,79.58,0.267397805560577,0.0715015864186123
1997,10,"CT","ratio_unpooled_3",79.6265295463648,80.04,-0.413470453635185,0.170957816029285
1997,10,"DE","ratio_unpooled_3",77.758262342198,77.98,-0.221737657802024,0.0491675888875273
1997,10,"FL","ratio_unpooled_3",78.5554941567526,78.25,0.305494156752587,0.0933266798099744
1997,10,"GA","ratio_unpooled_3",76.8388182396953,76.51,0.328818239695309,0.108121434756322
1997,10,"HI","ratio_unpooled_3",81.0485591752327,80.46,0.588559175232717,0.346401902750616
1997,10,"ID","ratio_unpooled_3",79.5250880222085,79.03,0.495088022208449,0.245112149734274
1997,10,"IL","ratio_unpooled_3",78.085824580771,78.26,-0.174175419228973,0.0303370766635886
1997,10,"IN","ratio_unpooled_3",77.4686870436621,77.41,0.0586870436620757,0.00344416909379438
1997,10,"IA","ratio_unpooled_3",79.7564159794713,79.38,0.376415979471318,0.141688989601352
1997,10,"KS","ratio_unpooled_3",78.6939315329278,78.16,0.533931532927852,0.285082881854686
1997,10,"KY","ratio_unpooled_3",76.3881467155787,75.86,0.528146715578686,0.278938953176553
1997,10,"LA","ratio_unpooled_3",75.3445291399765,74.87,0.474529139976482,0.22517790468682
1997,10,"ME","ratio_unpooled_3",79.3569464575207,78.59,0.76694645752066,0.58820686870349
1997,10,"MD","ratio_unpooled_3",77.7251705442967,77.8,-0.0748294557033233,0.00559944744085563
1997,10,"MA","ratio_unpooled_3",79.9135198154443,79.73,0.183519815444328,0.0336795226607201
1997,10,"MI","ratio_unpooled_3",77.7947406877503,77.61,0.184740687750349,0.0341291217104719
1997,10,"MN","ratio_unpooled_3",80.5017908074734,80.56,-0.0582091925266326,0.00338831009460258
1997,10,"MS","ratio_unpooled_3",74.8323785264076,74.36,0.472378526407638,0.223141472211052
1997,10,"MO","ratio_unpooled_3",77.1333331847502,77.11,0.0233331847502285,0.000544437510588296
1997,10,"MT","ratio_unpooled_3",79.1008633632334,78.17,0.930863363233399,0.866506601010196
1997,10,"NE","ratio_unpooled_3",79.1620201007009,78.98,0.182020100700882,0.0331313170591592
1997,10,"NV","ratio_unpooled_3",77.6861291932396,77.04,0.646129193239574,0.417482934356423
1997,10,"NH","ratio_unpooled_3",79.9295609037406,79.51,0.419560903740617,0.176031351947643
1997,10,"NJ","ratio_unpooled_3",78.7167795624215,79.26,-0.543220437578469,0.295088443802944
1997,10,"NM","ratio_unpooled_3",78.772560413854,77.42,1.35256041385395,1.82941967312477
1997,10,"NY","ratio_unpooled_3",78.7782581885221,79.46,-0.681741811477892,0.464771897517157
1997,10,"NC","ratio_unpooled_3",77.434642281983,77.02,0.414642281982992,0.171928222008063
1997,10,"ND","ratio_unpooled_3",80.128198819955,79.81,0.318198819954958,0.101250489020728
1997,10,"OH","ratio_unpooled_3",77.7188489715629,77.29,0.428848971562871,0.183911440410532
1997,10,"OK","ratio_unpooled_3",75.9784766773246,75.28,0.698476677324635,0.487869668766462
1997,10,"OR","ratio_unpooled_3",78.9847440145173,78.75,0.234744014517304,0.0551047523517002
1997,10,"PA","ratio_unpooled_3",78.0256170712669,77.89,0.135617071266921,0.0183919900190172
1997,10,"RI","ratio_unpooled_3",79.5117348754269,79.09,0.42173487542685,0.177860305151301
1997,10,"SC","ratio_unpooled_3",76.8804351919562,76.13,0.750435191956157,0.563152977326274
1997,10,"SD","ratio_unpooled_3",79.3748704284018,79.28,0.0948704284017623,0.00900039818513391
1997,10,"TN","ratio_unpooled_3",76.0174850495409,75.86,0.157485049540938,0.0248015408289117
1997,10,"TX","ratio_unpooled_3",77.6788042772925,77.7,-0.0211957227074748,0.000449258661092164
1997,10,"UT","ratio_unpooled_3",80.2019503889426,79.22,0.98195038894265,0.964226566344622
1997,10,"VT","ratio_unpooled_3",79.6855613862575,79.57,0.115561386257482,0.0133544339937511
1997,10,"VA","ratio_unpooled_3",78.3388869174861,78.19,0.148886917486095,0.0221673141985113
1997,10,"WA","ratio_unpooled_3",79.7132574959344,79.34,0.373257495934425,0.139321158271237
1997,10,"WV","ratio_unpooled_3",76.1706722421893,75.06,1.11067224218932,1.23359282956986
1997,10,"WI","ratio_unpooled_3",79.5796815731012,79.12,0.459681573101179,0.211307148648774
1997,10,"WY","ratio_unpooled_3",78.8085456223914,77.34,1.46854562239136,2.15662624504483
1997,1,"USA","pooled_3",76.6863451568006,76.69,-0.00365484319935661,1.33578788118832e-05
1997,1,"AL","pooled_3",74.427872374692,74.29,0.137872374692037,0.0190087917032215
1997,1,"AK","pooled_3",76.3613720808476,76.8,-0.438627919152395,0.19239445145996
1997,1,"AZ","pooled_3",77.1826392140319,77.05,0.13263921403194,0.0175931610990108
1997,1,"AR","pooled_3",74.6180948387336,74.84,-0.221905161266392,0.0492419005966634
1997,1,"CA","pooled_3",77.5836475521361,77.64,-0.0563524478639295,0.00317559838025689
1997,1,"CO","pooled_3",78.2009023633359,77.98,0.220902363335881,0.0487978541273776
1997,1,"CT","pooled_3",78.0671771905462,78.03,0.03717719054616,0.00138214349690549
1997,1,"DE","pooled_3",76.2590893484453,76.34,-0.0809106515547455,0.00654653353501345
1997,1,"FL","pooled_3",77.0443222140799,76.99,0.0543222140798747,0.00295090294253974
1997,1,"GA","pooled_3",75.1952578629057,75.16,0.035257862905695,0.00124311689667678
1997,1,"HI","pooled_3",79.2980577739638,79.25,0.0480577739637909,0.00230954963835481
1997,1,"ID","pooled_3",77.9660528018584,77.88,0.086052801858358,0.00740508470767381
1997,1,"IL","pooled_3",76.5034101125085,76.4,0.103410112508485,0.0106936513690174
1997,1,"IN","pooled_3",76.1879347780954,76.17,0.0179347780953663,0.000321656265330029
1997,1,"IA","pooled_3",78.3051877368021,78.1,0.205187736802074,0.0421020073339572
1997,1,"KS","pooled_3",77.457279918975,77.34,0.117279918974972,0.0137545793947761
1997,1,"KY","pooled_3",75.1752132954148,75.28,-0.104786704585166,0.0109802534578189
1997,1,"LA","pooled_3",74.0288709417434,74.04,-0.0111290582565715,0.000123855937678163
1997,1,"ME","pooled_3",77.6259115372999,77.38,0.245911537299875,0.0604724841771879
1997,1,"MD","pooled_3",76.0812045466509,76.13,-0.0487954533491433,0.00238099626754842
1997,1,"MA","pooled_3",78.2325848626243,78.16,0.0725848626242964,0.00526856228218798
1997,1,"MI","pooled_3",76.3885157303581,76.24,0.148515730358085,0.0220569221637954
1997,1,"MN","pooled_3",78.9099752062854,78.86,0.0499752062853531,0.0024975212432636
1997,1,"MS","pooled_3",73.5496168472435,73.43,0.119616847243535,0.0143081901444831
1997,1,"MO","pooled_3",75.9076838215453,75.82,0.0876838215453404,0.0076884525607951
1997,1,"MT","pooled_3",77.293360848908,77.23,0.063360848907962,0.00401459717433759
1997,1,"NE","pooled_3",77.8293655613965,77.89,-0.0606344386034721,0.00367653514475822
1997,1,"NV","pooled_3",75.8766562716741,75.54,0.336656271674087,0.113337445257497
1997,1,"NH","pooled_3",78.1899348285987,78.1,0.0899348285986719,0.00808827339507249
1997,1,"NJ","pooled_3",77.1116687748262,77.38,-0.268331225173782,0.0720016464032627
1997,1,"NM","pooled_3",77.0872756344604,77.07,0.0172756344604323,0.000298447546010477
1997,1,"NY","pooled_3",77.0848290209902,77.4,-0.315170979009778,0.0993327460099821
1997,1,"NC","pooled_3",75.811572555384,75.66,0.151572555384035,0.0229742395456465
1997,1,"ND","pooled_3",78.570023612083,78.22,0.350023612082964,0.122516529015605
1997,1,"OH","pooled_3",76.3278159812061,76.29,0.0378159812061085,0.00143004843458075
1997,1,"OK","pooled_3",75.0867502329424,75.15,-0.0632497670575702,0.0040005330328369
1997,1,"OR","pooled_3",77.464207486205,77.32,0.144207486205019,0.0207957990775708
1997,1,"PA","pooled_3",76.440128226087,76.73,-0.289871773913049,0.0840256453114978
1997,1,"RI","pooled_3",77.8450862120947,77.95,-0.104913787905275,0.011006902892633
1997,1,"SC","pooled_3",74.9418931089636,74.78,0.161893108963596,0.0262093787298989
1997,1,"SD","pooled_3",77.834271906488,77.46,0.374271906488019,0.140079459986177
1997,1,"TN","pooled_3",74.8258796883681,74.8,0.0258796883681072,0.000669758270030341
1997,1,"TX","pooled_3",76.3469862704955,76.51,-0.163013729504527,0.0265734760069752
1997,1,"UT","pooled_3",78.6213827797647,78.42,0.201382779764657,0.0405550239857404
1997,1,"VT","pooled_3",77.9733566202635,78.07,-0.0966433797365056,0.00933994284689442
1997,1,"VA","pooled_3",76.5872793908436,76.62,-0.0327206091563568,0.00107063826356306
1997,1,"WA","pooled_3",78.0779434194855,77.98,0.0979434194855173,0.00959291342051601
1997,1,"WV","pooled_3",74.915830130858,74.84,0.0758301308579519,0.0057502087459341
1997,1,"WI","pooled_3",78.0399475495915,77.75,0.289947549591488,0.0840695815141087
1997,1,"WY","pooled_3",77.2030482264327,76.81,0.393048226432654,0.154486908301855
1997,2,"USA","pooled_3",76.8550198431692,76.68,0.175019843169153,0.0306319455029549
1997,2,"AL","pooled_3",74.5823374822818,74.26,0.32233748228181,0.103901452483776
1997,2,"AK","pooled_3",76.5534181461393,76.61,-0.0565818538606635,0.00320150618630948
1997,2,"AZ","pooled_3",77.3764764503384,76.99,0.386476450338378,0.149364046666153
1997,2,"AR","pooled_3",74.7243059763031,74.95,-0.225694023696889,0.0509377923324918
1997,2,"CA","pooled_3",77.7437472638622,77.87,-0.126252736137786,0.0159397533822775
1997,2,"CO","pooled_3",78.3839474233557,78.11,0.27394742335575,0.0750471907632546
1997,2,"CT","pooled_3",78.2416251057296,78.44,-0.198374894270358,0.0393525986767759
1997,2,"DE","pooled_3",76.4243352607628,76.68,-0.255664739237247,0.0653644588892494
1997,2,"FL","pooled_3",77.2119327439229,76.91,0.301932743922919,0.0911633818528228
1997,2,"GA","pooled_3",75.3773955883691,75.18,0.197395588369105,0.038965018307585
1997,2,"HI","pooled_3",79.4925076913077,79.35,0.142507691307742,0.0203084420818627
1997,2,"ID","pooled_3",78.1384655647383,77.77,0.368465564738315,0.135766872397926
1997,2,"IL","pooled_3",76.6767451531933,76.23,0.446745153193319,0.199581231901722
1997,2,"IN","pooled_3",76.330394741759,75.98,0.350394741758976,0.122776475052339
1997,2,"IA","pooled_3",78.4670876446592,78.21,0.25708764465918,0.0660940570364046
1997,2,"KS","pooled_3",77.5954803475262,77.25,0.345480347526177,0.119356670526808
1997,2,"KY","pooled_3",75.3098676046889,75.09,0.219867604688886,0.0483417635916284
1997,2,"LA","pooled_3",74.175114602252,74.04,0.135114602251946,0.0182559557417015
1997,2,"ME","pooled_3",77.8183027516434,77.56,0.258302751643413,0.0667203115065586
1997,2,"MD","pooled_3",76.2639935939203,76.12,0.143993593920328,0.0207341550900923
1997,2,"MA","pooled_3",78.4186551841388,78.25,0.168655184138842,0.0284445711369068
1997,2,"MI","pooled_3",76.5449841557088,76.14,0.404984155708846,0.164012166375206
1997,2,"MN","pooled_3",79.0874834751884,78.69,0.397483475188395,0.157993113047843
1997,2,"MS","pooled_3",73.6926276878115,73.44,0.252627687811525,0.0638207486489976
1997,2,"MO","pooled_3",76.0438914952393,75.77,0.273891495239255,0.0750165511643947
1997,2,"MT","pooled_3",77.4944791407186,77.16,0.334479140718599,0.111876295575853
1997,2,"NE","pooled_3",77.9776084969448,77.72,0.257608496944769,0.0663621376981431
1997,2,"NV","pooled_3",76.0765716272809,75.65,0.426571627280865,0.181963353201045
1997,2,"NH","pooled_3",78.3831795118433,78.31,0.0731795118432927,0.00535524095362262
1997,2,"NJ","pooled_3",77.2909592837915,77.24,0.0509592837914852,0.00259684860454112
1997,2,"NM","pooled_3",77.274210931708,76.71,0.564210931708061,0.318333975458878
1997,2,"NY","pooled_3",77.2732046303631,77.34,-0.0667953696369352,0.00446162140493481
1997,2,"NC","pooled_3",75.9916167717677,75.7,0.291616771767693,0.0850403415762106
1997,2,"ND","pooled_3",78.7430459279682,78.21,0.533045927968232,0.284137961323513
1997,2,"OH","pooled_3",76.4825161043536,76.15,0.332516104353601,0.110566959654495
1997,2,"OK","pooled_3",75.1856921677073,75.02,0.165692167707306,0.0274538944395459
1997,2,"OR","pooled_3",77.634084038617,77.64,-0.00591596138301043,3.49985990852706e-05
1997,2,"PA","pooled_3",76.6163872215976,76.53,0.0863872215976045,0.00746275205535362
1997,2,"RI","pooled_3",78.0292171203746,78.16,-0.130782879625414,0.0171041616031156
1997,2,"SC","pooled_3",75.1562144337624,74.62,0.53621443376241,0.287525918975142
1997,2,"SD","pooled_3",78.0054062380843,77.65,0.355406238084299,0.126313594069234
1997,2,"TN","pooled_3",74.9582975906551,74.96,-0.00170240934488675,2.89819757755772e-06
1997,2,"TX","pooled_3",76.4951660029235,76.52,-0.0248339970764562,0.000616727410793434
1997,2,"UT","pooled_3",78.7964234132469,78.51,0.286423413246851,0.0820383716559764
1997,2,"VT","pooled_3",78.1637183203429,78.11,0.0537183203429095,0.00288565794046344
1997,2,"VA","pooled_3",76.7819757120295,76.71,0.071975712029527,0.0051805031221574
1997,2,"WA","pooled_3",78.2599007009964,77.99,0.269900700996388,0.0728463883983416
1997,2,"WV","pooled_3",75.0547276558164,74.96,0.0947276558164276,0.00897332877647557
1997,2,"WI","pooled_3",78.2114562696582,77.8,0.411456269658203,0.169296261841044
1997,2,"WY","pooled_3",77.3828782794228,76.54,0.842878279422791,0.710443793922725
1997,3,"USA","pooled_3",77.0236945295377,76.8,0.223694529537681,0.0500392425450846
1997,3,"AL","pooled_3",74.7368025898716,74.42,0.316802589871585,0.100363880949344
1997,3,"AK","pooled_3",76.7454642114311,76.14,0.60546421143107,0.366586911323847
1997,3,"AZ","pooled_3",77.5703136866448,77.13,0.440313686644814,0.193876142646747
1997,3,"AR","pooled_3",74.8305171138726,74.78,0.0505171138726155,0.0025519787940188
1997,3,"CA","pooled_3",77.9038469755884,78.09,-0.186153024411638,0.0346529484975999
1997,3,"CO","pooled_3",78.5669924833756,78.36,0.206992483375615,0.0428458881740041
1997,3,"CT","pooled_3",78.4160730209131,78.25,0.166073020913117,0.0275802482752087
1997,3,"DE","pooled_3",76.5895811730803,76.38,0.209581173080267,0.0439242681097007
1997,3,"FL","pooled_3",77.379543273766,76.97,0.409543273765962,0.167725693086942
1997,3,"GA","pooled_3",75.5595333138325,75.1,0.459533313832537,0.211170866521913
1997,3,"HI","pooled_3",79.6869576086517,79.51,0.176957608651676,0.0313139952597199
1997,3,"ID","pooled_3",78.3108783276183,78.08,0.230878327618271,0.0533048021638096
1997,3,"IL","pooled_3",76.8500801938782,76.55,0.300080193878159,0.0900481227579536
1997,3,"IN","pooled_3",76.4728547054226,76.02,0.452854705422595,0.205077384223386
1997,3,"IA","pooled_3",78.6289875525163,78.33,0.29898755251628,0.0893935565596754
1997,3,"KS","pooled_3",77.7336807760774,77.42,0.313680776077376,0.0983956292805051
1997,3,"KY","pooled_3",75.444521913963,75.08,0.364521913962946,0.132876225759209
1997,3,"LA","pooled_3",74.3213582627605,74.09,0.231358262760466,0.0535266457475408
1997,3,"ME","pooled_3",78.010693965987,77.59,0.420693965986956,0.176983413017834
1997,3,"MD","pooled_3",76.4467826411898,76.22,0.226782641189814,0.051430366345028
1997,3,"MA","pooled_3",78.6047255056534,78.22,0.384725505653392,0.148013714700259
1997,3,"MI","pooled_3",76.7014525810596,76.35,0.351452581059618,0.123518916733468
1997,3,"MN","pooled_3",79.2649917440914,79.02,0.244991744091436,0.0600209546729638
1997,3,"MS","pooled_3",73.8356385283795,73.39,0.445638528379504,0.19859369797625
1997,3,"MO","pooled_3",76.1800991689332,76.08,0.10009916893317,0.0100198436211113
1997,3,"MT","pooled_3",77.6955974325292,77.29,0.40559743252922,0.164509277274295
1997,3,"NE","pooled_3",78.125851432493,78.28,-0.154148567506994,0.0237617808644582
1997,3,"NV","pooled_3",76.2764869828876,75.94,0.336486982887649,0.113223489652833
1997,3,"NH","pooled_3",78.5764241950879,78.51,0.0664241950879187,0.00441217369307789
1997,3,"NJ","pooled_3",77.4702497927567,77.32,0.150249792756753,0.0225750002234473
1997,3,"NM","pooled_3",77.4611462289557,77.13,0.331146228955689,0.109657824951573
1997,3,"NY","pooled_3",77.4615802397359,77.63,-0.168419760264086,0.0283652156474124
1997,3,"NC","pooled_3",76.1716609881514,75.6,0.571660988151365,0.326796285374195
1997,3,"ND","pooled_3",78.9160682438535,78.77,0.146068243853492,0.0213359318624431
1997,3,"OH","pooled_3",76.6372162275011,76.33,0.307216227501101,0.0943818104400082
1997,3,"OK","pooled_3",75.2846341024722,75.03,0.254634102472167,0.064838526141806
1997,3,"OR","pooled_3",77.803960591029,77.83,-0.0260394089710303,0.000678050819560573
1997,3,"PA","pooled_3",76.7926462171083,76.65,0.142646217108251,0.0203479432552941
1997,3,"RI","pooled_3",78.2133480286544,77.97,0.243348028654438,0.0592182630500012
1997,3,"SC","pooled_3",75.3705357585612,74.74,0.630535758561237,0.397575342824395
1997,3,"SD","pooled_3",78.1765405696806,77.98,0.196540569680593,0.0386281955303721
1997,3,"TN","pooled_3",75.0907154929421,74.71,0.380715492942116,0.144944286566158
1997,3,"TX","pooled_3",76.6433457353516,76.52,0.123345735351606,0.0152141704294284
1997,3,"UT","pooled_3",78.971464046729,78.6,0.371464046729059,0.137985538012329
1997,3,"VT","pooled_3",78.3540800204223,78.19,0.164080020422332,0.026922253101793
1997,3,"VA","pooled_3",76.9766720332154,76.77,0.206672033215398,0.0427133293133865
1997,3,"WA","pooled_3",78.4418579825072,78.19,0.251857982507246,0.0634324433526205
1997,3,"WV","pooled_3",75.1936251807749,74.88,0.313625180774892,0.0983607540160837
1997,3,"WI","pooled_3",78.3829649897249,77.97,0.412964989724912,0.170540082738497
1997,3,"WY","pooled_3",77.5627083324129,77.1,0.462708332412944,0.214099000884368
1997,4,"USA","pooled_3",77.1923692159062,76.93,0.26236921590619,0.0688376054552291
1997,4,"AL","pooled_3",74.8912676974614,74.51,0.381267697461354,0.145365057127482
1997,4,"AK","pooled_3",76.9375102767228,76.42,0.517510276722803,0.267816886513712
1997,4,"AZ","pooled_3",77.7641509229512,77.29,0.474150922951239,0.224819097735512
1997,4,"AR","pooled_3",74.9367282514421,75.05,-0.113271748557878,0.0128304890213591
1997,4,"CA","pooled_3",78.0639466873145,78.13,-0.066053312685483,0.00436304011672619
1997,4,"CO","pooled_3",78.7500375433955,78.34,0.410037543395475,0.168130786993796
1997,4,"CT","pooled_3",78.5905209360966,78.61,-0.0194790639034039,0.000379433930552894
1997,4,"DE","pooled_3",76.7548270853978,76.18,0.574827085397757,0.330426178106881
1997,4,"FL","pooled_3",77.547153803609,77.04,0.507153803609,0.257204980515077
1997,4,"GA","pooled_3",75.741671039296,75.28,0.46167103929595,0.213140148524603
1997,4,"HI","pooled_3",79.8814075259956,79.79,0.0914075259956206,0.00835533580864006
1997,4,"ID","pooled_3",78.4832910904982,78.14,0.343291090498226,0.117848772815462
1997,4,"IL","pooled_3",77.023415234563,76.8,0.223415234562992,0.0499143670348369
1997,4,"IN","pooled_3",76.6153146690862,76.27,0.345314669086207,0.119242220686117
1997,4,"IA","pooled_3",78.7908874603734,78.63,0.160887460373388,0.0258847749053985
1997,4,"KS","pooled_3",77.8718812046286,77.35,0.521881204628585,0.272359991744583
1997,4,"KY","pooled_3",75.579176223237,75.12,0.459176223236994,0.21084280398619
1997,4,"LA","pooled_3",74.467601923269,74.04,0.42760192326898,0.182843404783331
1997,4,"ME","pooled_3",78.2030851803305,77.77,0.433085180330508,0.187562773421909
1997,4,"MD","pooled_3",76.6295716884593,76.39,0.239571688459293,0.0573945939112365
1997,4,"MA","pooled_3",78.7907958271679,78.27,0.520795827167944,0.271228293595544
1997,4,"MI","pooled_3",76.8579210064104,76.63,0.227921006410384,0.0519479851631221
1997,4,"MN","pooled_3",79.4425000129945,79.23,0.212500012994468,0.0451562555226491
1997,4,"MS","pooled_3",73.9786493689475,73.69,0.288649368947489,0.0833184581937836
1997,4,"MO","pooled_3",76.3163068426271,76.18,0.136306842627079,0.0185795553469632
1997,4,"MT","pooled_3",77.8967157243399,77.48,0.416715724339852,0.173651994912088
1997,4,"NE","pooled_3",78.2740943680412,78.3,-0.0259056319587501,0.000671101767182213
1997,4,"NV","pooled_3",76.4764023384944,75.96,0.51640233849443,0.266671375202516
1997,4,"NH","pooled_3",78.7696688783326,78.56,0.20966887833255,0.0439610385412298
1997,4,"NJ","pooled_3",77.649540301722,77.37,0.279540301722008,0.0781427802868314
1997,4,"NM","pooled_3",77.6480815262033,76.94,0.708081526203316,0.501379447750417
1997,4,"NY","pooled_3",77.6499558491087,77.63,0.0199558491087544,0.000398235913651372
1997,4,"NC","pooled_3",76.351705204535,76.02,0.331705204535027,0.110028342715624
1997,4,"ND","pooled_3",79.0890905597388,78.41,0.679090559738754,0.461163988326294
1997,4,"OH","pooled_3",76.7919163506486,76.47,0.321916350648593,0.103630136814908
1997,4,"OK","pooled_3",75.383576037237,75.3,0.0835760372370373,0.00698495400024665
1997,4,"OR","pooled_3",77.973837143441,77.85,0.123837143440952,0.0153356380956148
1997,4,"PA","pooled_3",76.9689052126189,76.81,0.158905212618905,0.0252508665974593
1997,4,"RI","pooled_3",78.3974789369343,77.94,0.457478936934294,0.209286977738532
1997,4,"SC","pooled_3",75.58485708336,75.05,0.534857083360052,0.286072099620422
1997,4,"SD","pooled_3",78.3476749012769,78.03,0.317674901276888,0.100917342901281
1997,4,"TN","pooled_3",75.2231333952291,75.02,0.203133395229116,0.0412631762573084
1997,4,"TX","pooled_3",76.7915254677797,76.57,0.221525467779671,0.0490735328750019
1997,4,"UT","pooled_3",79.1465046802113,78.64,0.50650468021125,0.256546991075901
1997,4,"VT","pooled_3",78.5444417205018,78.31,0.234441720501749,0.0549629203118203
1997,4,"VA","pooled_3",77.1713683544013,77.06,0.111368354401264,0.0124029103620456
1997,4,"WA","pooled_3",78.6238152640181,78.26,0.3638152640181,0.13236154633256
1997,4,"WV","pooled_3",75.3325227057334,75.1,0.232522705733359,0.0540668086815624
1997,4,"WI","pooled_3",78.5544737097916,78.07,0.484473709791629,0.234714775479264
1997,4,"WY","pooled_3",77.7425383854031,76.91,0.832538385403083,0.693120163169573
1997,5,"USA","pooled_3",77.3610439022747,77.02,0.34104390227472,0.116310943278769
1997,5,"AL","pooled_3",75.0457328050511,74.5,0.545732805051131,0.297824294508975
1997,5,"AK","pooled_3",77.1295563420145,76.88,0.249556342014543,0.0622783678396796
1997,5,"AZ","pooled_3",77.9579881592577,77.26,0.697988159257676,0.487187470463919
1997,5,"AR","pooled_3",75.0429393890116,74.82,0.222939389011628,0.0497019711728782
1997,5,"CA","pooled_3",78.2240463990407,78.37,-0.145953600959345,0.0213024536329997
1997,5,"CO","pooled_3",78.9330826034153,78.29,0.643082603415337,0.413555234815448
1997,5,"CT","pooled_3",78.7649688512801,78.72,0.0449688512800748,0.00202219758544948
1997,5,"DE","pooled_3",76.9200729977153,77.03,-0.109927002284735,0.0120839458313081
1997,5,"FL","pooled_3",77.714764333452,77.21,0.504764333452059,0.254787032325301
1997,5,"GA","pooled_3",75.9238087647594,75.46,0.463808764759378,0.21511857026762
1997,5,"HI","pooled_3",80.0758574433396,79.72,0.355857443339573,0.126634519980178
1997,5,"ID","pooled_3",78.6557038533782,78.34,0.315703853378182,0.0996689230378323
1997,5,"IL","pooled_3",77.1967502752478,76.87,0.326750275247818,0.106765742374525
1997,5,"IN","pooled_3",76.7577746327498,76.41,0.347774632749818,0.120947195184271
1997,5,"IA","pooled_3",78.9527873682305,78.74,0.212787368230494,0.0452784640784597
1997,5,"KS","pooled_3",78.0100816331798,77.35,0.660081633179786,0.435707762461293
1997,5,"KY","pooled_3",75.713830532511,74.91,0.803830532511057,0.64614352499701
1997,5,"LA","pooled_3",74.6138455837775,74.07,0.543845583777511,0.295768018994302
1997,5,"ME","pooled_3",78.395476394674,77.66,0.735476394674052,0.540925527122742
1997,5,"MD","pooled_3",76.8123607357288,76.66,0.152360735728777,0.0232137937918143
1997,5,"MA","pooled_3",78.9768661486825,78.37,0.606866148682485,0.368286522416712
1997,5,"MI","pooled_3",77.0143894317611,76.62,0.394389431761141,0.155543023884876
1997,5,"MN","pooled_3",79.6200082818975,79.2,0.420008281897509,0.176406956862497
1997,5,"MS","pooled_3",74.1216602095155,73.58,0.54166020951547,0.293395782572343
1997,5,"MO","pooled_3",76.452514516321,76.03,0.422514516321002,0.17851851650197
1997,5,"MT","pooled_3",78.0978340161505,77.12,0.977834016150481,0.95615936314098
1997,5,"NE","pooled_3",78.4223373035895,77.9,0.522337303589481,0.27283625872113
1997,5,"NV","pooled_3",76.6763176941012,76.1,0.576317694101206,0.332142084534132
1997,5,"NH","pooled_3",78.9629135615772,78.73,0.232913561577178,0.0542487271665657
1997,5,"NJ","pooled_3",77.8288308106873,77.79,0.0388308106872728,0.00150783185863082
1997,5,"NM","pooled_3",77.8350168234509,76.92,0.915016823450941,0.83725578719825
1997,5,"NY","pooled_3",77.8383314584816,78.02,-0.181668541518405,0.0330034589774246
1997,5,"NC","pooled_3",76.5317494209187,76.2,0.331749420918683,0.110057678279882
1997,5,"ND","pooled_3",79.262112875624,78.9,0.362112875624007,0.131125734692687
1997,5,"OH","pooled_3",76.9466164737961,76.4,0.546616473796078,0.298789569425259
1997,5,"OK","pooled_3",75.4825179720019,75.05,0.432517972001904,0.18707179610464
1997,5,"OR","pooled_3",78.1437136958529,77.69,0.453713695852926,0.205856117804521
1997,5,"PA","pooled_3",77.1451642081296,76.85,0.295164208129563,0.087121909760752
1997,5,"RI","pooled_3",78.5816098452141,77.85,0.731609845214152,0.535252965614275
1997,5,"SC","pooled_3",75.7991784081589,75.08,0.719178408158868,0.517217582761923
1997,5,"SD","pooled_3",78.5188092328732,78.29,0.228809232873175,0.0523536650480108
1997,5,"TN","pooled_3",75.3555512975161,74.81,0.545551297516113,0.297626218221514
1997,5,"TX","pooled_3",76.9397052002077,76.6,0.339705200207732,0.115399623048175
1997,5,"UT","pooled_3",79.3215453136934,78.59,0.731545313693445,0.535158545986841
1997,5,"VT","pooled_3",78.7348034205812,78.78,-0.0451965794188283,0.00204273079116245
1997,5,"VA","pooled_3",77.3660646755871,77.17,0.196064675587138,0.0384413570130897
1997,5,"WA","pooled_3",78.805772545529,78.33,0.475772545528969,0.226359515079115
1997,5,"WV","pooled_3",75.4714202306918,74.82,0.651420230691826,0.424348316954592
1997,5,"WI","pooled_3",78.7259824298583,78.13,0.595982429858338,0.355195056699849
1997,5,"WY","pooled_3",77.9223684383932,76.58,1.34236843839322,1.80195302439426
1997,6,"USA","pooled_3",77.5297185886432,77.17,0.359718588643233,0.129397463015479
1997,6,"AL","pooled_3",75.2001979126409,74.48,0.720197912640899,0.518685033372307
1997,6,"AK","pooled_3",77.3216024073063,76.61,0.711602407306273,0.506377986084083
1997,6,"AZ","pooled_3",78.1518253955641,77.45,0.701825395564114,0.492558885858725
1997,6,"AR","pooled_3",75.1491505265811,75.15,-0.00084947341888153,7.21605089386275e-07
1997,6,"CA","pooled_3",78.3841461107668,78.38,0.00414611076681126,1.71902344906683e-05
1997,6,"CO","pooled_3",79.1161276634352,78.39,0.726127663435207,0.527261383605873
1997,6,"CT","pooled_3",78.9394167664636,79.09,-0.150583233536452,0.0226753102222935
1997,6,"DE","pooled_3",77.0853189100328,76.97,0.115318910032769,0.013298451011146
1997,6,"FL","pooled_3",77.8823748632951,77.32,0.562374863295105,0.316265486866188
1997,6,"GA","pooled_3",76.1059464902228,75.54,0.565946490222785,0.320295429795489
1997,6,"HI","pooled_3",80.2703073606835,79.81,0.460307360683515,0.211882866299424
1997,6,"ID","pooled_3",78.8281166162581,78.15,0.678116616258137,0.459842145245386
1997,6,"IL","pooled_3",77.3700853159327,77.13,0.24008531593266,0.0576409589264852
1997,6,"IN","pooled_3",76.9002345964134,76.41,0.49023459641343,0.240329959520638
1997,6,"IA","pooled_3",79.1146872760876,78.65,0.464687276087588,0.215934264557702
1997,6,"KS","pooled_3",78.148282061731,77.71,0.438282061730987,0.192091165635165
1997,6,"KY","pooled_3",75.8484848417851,75.1,0.748484841785114,0.560229558382087
1997,6,"LA","pooled_3",74.760089244286,74.08,0.680089244286023,0.462521380193534
1997,6,"ME","pooled_3",78.5878676090176,77.94,0.647867609017595,0.419732438814176
1997,6,"MD","pooled_3",76.9951497829983,76.68,0.315149782998247,0.0993193857238425
1997,6,"MA","pooled_3",79.162936470197,78.53,0.632936470197038,0.400608575305486
1997,6,"MI","pooled_3",77.1708578571119,76.92,0.25085785711191,0.0629296644747796
1997,6,"MN","pooled_3",79.7975165508006,79.65,0.147516550800546,0.0217611327600901
1997,6,"MS","pooled_3",74.2646710500835,73.79,0.474671050083444,0.225312605787319
1997,6,"MO","pooled_3",76.5887221900149,76.25,0.33872219001492,0.114732722008504
1997,6,"MT","pooled_3",78.2989523079611,77.24,1.05895230796112,1.12137999053619
1997,6,"NE","pooled_3",78.5705802391377,78.43,0.140580239137719,0.0197628036360184
1997,6,"NV","pooled_3",76.876233049708,75.95,0.926233049707974,0.857907662371335
1997,6,"NH","pooled_3",79.1561582448218,79.21,-0.0538417551781833,0.00289893460066743
1997,6,"NJ","pooled_3",78.0081213196525,78.01,-0.00187868034745975,3.52943984793148e-06
1997,6,"NM","pooled_3",78.0219521206986,76.82,1.20195212069858,1.44468890045181
1997,6,"NY","pooled_3",78.0267070678544,78.31,-0.283292932145571,0.080254885403635
1997,6,"NC","pooled_3",76.7117936373023,76.22,0.491793637302351,0.241860981691076
1997,6,"ND","pooled_3",79.4351351915093,78.43,1.00513519150927,1.01029675321037
1997,6,"OH","pooled_3",77.1013165969436,76.58,0.521316596943578,0.271770994248833
1997,6,"OK","pooled_3",75.5814599067668,75.07,0.511459906766774,0.261591236229877
1997,6,"OR","pooled_3",78.3135902482649,77.9,0.413590248264896,0.171056893459818
1997,6,"PA","pooled_3",77.3214232036402,77.01,0.311423203640203,0.0969844117655273
1997,6,"RI","pooled_3",78.765740753494,78.06,0.705740753493998,0.498070011142277
1997,6,"SC","pooled_3",76.0134997329577,75.24,0.773499732957688,0.598301836885615
1997,6,"SD","pooled_3",78.6899435644695,77.76,0.929943564469468,0.86479503309818
1997,6,"TN","pooled_3",75.4879691998031,74.85,0.637969199803123,0.407004699897438
1997,6,"TX","pooled_3",77.0878849326358,76.85,0.237884932635794,0.0565892411751361
1997,6,"UT","pooled_3",79.4965859471756,78.62,0.876585947175641,0.768402922785816
1997,6,"VT","pooled_3",78.9251651206606,78.9,0.0251651206605885,0.000633283297861979
1997,6,"VA","pooled_3",77.560760996773,77.14,0.420760996773012,0.177039816405419
1997,6,"WA","pooled_3",78.9877298270398,78.47,0.51772982703983,0.268044173806692
1997,6,"WV","pooled_3",75.6103177556503,74.89,0.720317755650285,0.518857669105064
1997,6,"WI","pooled_3",78.897491149925,78.51,0.38749114992504,0.15014939127023
1997,6,"WY","pooled_3",78.1021984913834,76.85,1.25219849138337,1.56800106182278
1997,7,"USA","pooled_3",77.6983932750118,77.57,0.12839327501176,0.0164848330682454
1997,7,"AL","pooled_3",75.3546630202307,74.63,0.724663020230679,0.525136492889849
1997,7,"AK","pooled_3",77.513648472598,77.49,0.023648472598012,0.000559250256218922
1997,7,"AZ","pooled_3",78.3456626318706,77.82,0.52566263187056,0.276321202545084
1997,7,"AR","pooled_3",75.2553616641506,75.26,-0.00463833584937845,2.15141594516293e-05
1997,7,"CA","pooled_3",78.544245822493,78.9,-0.355754177507052,0.126561034813719
1997,7,"CO","pooled_3",79.2991727234551,79.1,0.199172723455078,0.039669773768513
1997,7,"CT","pooled_3",79.113864681647,79.34,-0.226135318352974,0.0511371822066007
1997,7,"DE","pooled_3",77.2505648223503,77.07,0.180564822350277,0.0326036550703871
1997,7,"FL","pooled_3",78.0499853931381,77.56,0.489985393138141,0.240085685488739
1997,7,"GA","pooled_3",76.2880842156862,75.91,0.378084215686215,0.14294767415106
1997,7,"HI","pooled_3",80.4647572780275,80.12,0.344757278027458,0.118857580752902
1997,7,"ID","pooled_3",79.0005293791381,78.71,0.290529379138107,0.0844073201423739
1997,7,"IL","pooled_3",77.5434203566175,77.57,-0.0265796433825045,0.000706477442341116
1997,7,"IN","pooled_3",77.042694560077,76.88,0.162694560077043,0.0264695198786624
1997,7,"IA","pooled_3",79.2765871839447,79.24,0.0365871839447038,0.00133862202900359
1997,7,"KS","pooled_3",78.2864824902822,77.97,0.316482490282183,0.100161166655212
1997,7,"KY","pooled_3",75.9831391510592,75.58,0.403139151059165,0.162521175116704
1997,7,"LA","pooled_3",74.9063329047945,74.16,0.746332904794542,0.557012804779059
1997,7,"ME","pooled_3",78.7802588233611,78.11,0.670258823361138,0.449246890293457
1997,7,"MD","pooled_3",77.1779388302677,77.24,-0.0620611697322602,0.00385158878853641
1997,7,"MA","pooled_3",79.3490067917116,79.02,0.329006791711592,0.108245468992355
1997,7,"MI","pooled_3",77.3273262824627,77.33,-0.00267371753731993,7.14876546937215e-06
1997,7,"MN","pooled_3",79.9750248197036,80,-0.0249751802964084,0.000623759630838108
1997,7,"MS","pooled_3",74.4076818906514,74.12,0.287681890651427,0.0827608702087798
1997,7,"MO","pooled_3",76.7249298637088,76.65,0.0749298637088316,0.00561448447542408
1997,7,"MT","pooled_3",78.5000705997717,78.12,0.380070599771742,0.144453660810851
1997,7,"NE","pooled_3",78.718823174686,78.98,-0.261176825314038,0.0682133340811197
1997,7,"NV","pooled_3",77.0761484053148,76.39,0.686148405314754,0.470799634115979
1997,7,"NH","pooled_3",79.3494029280664,79.03,0.319402928066438,0.102018230457414
1997,7,"NJ","pooled_3",78.1874118286178,78.46,-0.272588171382182,0.0743043111774819
1997,7,"NM","pooled_3",78.2088874179462,77.45,0.758887417946198,0.575910113117048
1997,7,"NY","pooled_3",78.2150826772273,78.66,-0.444917322772724,0.197951424103249
1997,7,"NC","pooled_3",76.891837853686,76.55,0.341837853686016,0.116853118212662
1997,7,"ND","pooled_3",79.6081575073945,79.7,-0.0918424926054655,0.00843504344798499
1997,7,"OH","pooled_3",77.2560167200911,76.92,0.336016720091067,0.112907236180758
1997,7,"OK","pooled_3",75.6804018415316,75.45,0.230401841531631,0.0530850085811667
1997,7,"OR","pooled_3",78.4834668006769,78.38,0.103466800676884,0.01070537884231
1997,7,"PA","pooled_3",77.4976821991509,77.3,0.197682199150861,0.0390782518611209
1997,7,"RI","pooled_3",78.9498716617739,78.72,0.229871661773856,0.0528409808866742
1997,7,"SC","pooled_3",76.2278210577565,75.7,0.527821057756498,0.278595069011188
1997,7,"SD","pooled_3",78.8610778960658,78.43,0.431077896065759,0.185828152476481
1997,7,"TN","pooled_3",75.6203871020901,75.29,0.330387102090114,0.109155637227503
1997,7,"TX","pooled_3",77.2360646650639,77.28,-0.0439353349361511,0.00193031365595178
1997,7,"UT","pooled_3",79.6716265806578,78.85,0.821626580657849,0.675070238043509
1997,7,"VT","pooled_3",79.11552682074,79.48,-0.364473179259988,0.132840698399884
1997,7,"VA","pooled_3",77.7554573179589,77.75,0.00545731795888571,2.97823193043765e-05
1997,7,"WA","pooled_3",79.1696871085507,78.98,0.189687108550686,0.0359811991503197
1997,7,"WV","pooled_3",75.7492152806088,75.15,0.599215280608746,0.359058952515018
1997,7,"WI","pooled_3",79.0689998699918,78.87,0.198999869991752,0.0396009482567342
1997,7,"WY","pooled_3",78.2820285443735,77.62,0.662028544373499,0.438281793565293
1997,8,"USA","pooled_3",77.8670679613803,77.56,0.30706796138027,0.0942907329062347
1997,8,"AL","pooled_3",75.5091281278204,74.56,0.949128127820444,0.900844203019941
1997,8,"AK","pooled_3",77.7056945378897,77.67,0.0356945378897393,0.00127410003516204
1997,8,"AZ","pooled_3",78.539499868177,77.52,1.01949986817699,1.03937998121291
1997,8,"AR","pooled_3",75.3615728017201,75.34,0.0215728017201258,0.000465385774055861
1997,8,"CA","pooled_3",78.7043455342191,78.91,-0.205654465780896,0.0422937592956256
1997,8,"CO","pooled_3",79.4822177834749,78.97,0.512217783474938,0.262367057707978
1997,8,"CT","pooled_3",79.2883125968305,79.51,-0.221687403169497,0.0491453047240351
1997,8,"DE","pooled_3",77.4158107346678,77.14,0.275810734667772,0.076071561357976
1997,8,"FL","pooled_3",78.2175959229812,77.68,0.537595922981183,0.28900937640599
1997,8,"GA","pooled_3",76.4702219411496,76.13,0.340221941149636,0.115750969239626
1997,8,"HI","pooled_3",80.6592071953714,80.25,0.409207195371408,0.167450528743734
1997,8,"ID","pooled_3",79.1729421420181,78.69,0.482942142018061,0.233233112536993
1997,8,"IL","pooled_3",77.7167553973023,77.61,0.106755397302322,0.0113967148531767
1997,8,"IN","pooled_3",77.1851545237406,76.73,0.455154523740646,0.207165640481574
1997,8,"IA","pooled_3",79.4384870918018,78.98,0.4584870918018,0.210210413348872
1997,8,"KS","pooled_3",78.4246829188334,77.77,0.654682918833387,0.428609724212204
1997,8,"KY","pooled_3",76.1177934603332,75.43,0.687793460333211,0.473059844077132
1997,8,"LA","pooled_3",75.052576565303,73.67,1.38257656530305,1.91151795892519
1997,8,"ME","pooled_3",78.9726500377047,77.87,1.10265003770468,1.21583710565013
1997,8,"MD","pooled_3",77.3607278775372,77.43,-0.0692721224627917,0.00479862695050001
1997,8,"MA","pooled_3",79.5350771132261,79.28,0.255077113226136,0.065064333691779
1997,8,"MI","pooled_3",77.4837947078134,77.23,0.253794707813441,0.0644117537141098
1997,8,"MN","pooled_3",80.1525330886066,80.09,0.062533088606628,0.00391038717068439
1997,8,"MS","pooled_3",74.5506927312194,73.7,0.850692731219411,0.723678122949541
1997,8,"MO","pooled_3",76.8611375374028,76.63,0.231137537402759,0.0534245611966119
1997,8,"MT","pooled_3",78.7011888915824,77.68,1.02118889158237,1.04282675229123
1997,8,"NE","pooled_3",78.8670661102342,78.93,-0.0629338897658016,0.00396067448105407
1997,8,"NV","pooled_3",77.2760637609215,76.08,1.19606376092153,1.43056852018976
1997,8,"NH","pooled_3",79.5426476113111,79.12,0.422647611311064,0.178631003346948
1997,8,"NJ","pooled_3",78.3667023375831,78.59,-0.223297662416925,0.0498618460408632
1997,8,"NM","pooled_3",78.3958227151938,77.28,1.11582271519383,1.24506033174253
1997,8,"NY","pooled_3",78.4034582866001,78.84,-0.43654171339989,0.190568667538112
1997,8,"NC","pooled_3",77.0718820700697,76.61,0.461882070069677,0.21333504665185
1997,8,"ND","pooled_3",79.7811798232798,79.44,0.341179823279802,0.116403671813237
1997,8,"OH","pooled_3",77.4107168432386,76.77,0.640716843238565,0.410518073209591
1997,8,"OK","pooled_3",75.7793437762965,75.05,0.729343776296503,0.531942344022443
1997,8,"OR","pooled_3",78.6533433530889,78.38,0.273343353088862,0.0747165886778622
1997,8,"PA","pooled_3",77.6739411946615,77.24,0.433941194661514,0.188304960424262
1997,8,"RI","pooled_3",79.1340025700537,78.65,0.484002570053704,0.234258487818591
1997,8,"SC","pooled_3",76.4421423825553,75.61,0.832142382555318,0.692460944844842
1997,8,"SD","pooled_3",79.0322122276621,78.3,0.73221222766206,0.536134746337837
1997,8,"TN","pooled_3",75.7528050043771,75.23,0.522805004377119,0.273325072601759
1997,8,"TX","pooled_3",77.3842443974919,77.36,0.0242443974919127,0.00058779080974586
1997,8,"UT","pooled_3",79.84666721414,79.2,0.646667214140038,0.418178485843638
1997,8,"VT","pooled_3",79.3058885208194,79.36,-0.0541114791805626,0.00292805217910846
1997,8,"VA","pooled_3",77.9501536391448,77.73,0.220153639144755,0.0484676248286789
1997,8,"WA","pooled_3",79.3516443900616,78.97,0.381644390061552,0.145652440465454
1997,8,"WV","pooled_3",75.8881128055672,75.23,0.658112805567214,0.433112464851549
1997,8,"WI","pooled_3",79.2405085900585,78.71,0.530508590058474,0.28143936412583
1997,8,"WY","pooled_3",78.4618585973636,77.47,0.991858597363645,0.983783477164178
1997,9,"USA","pooled_3",78.0357426477488,77.83,0.205742647748792,0.0423300371026836
1997,9,"AL","pooled_3",75.6635932354102,74.58,1.08359323541022,1.17417429982679
1997,9,"AK","pooled_3",77.8977406031815,77.32,0.577740603181482,0.333784204564503
1997,9,"AZ","pooled_3",78.7333371044834,77.71,1.02333710448343,1.04721882941253
1997,9,"AR","pooled_3",75.4677839392896,75.44,0.027783939289634,0.000771947282450066
1997,9,"CA","pooled_3",78.8644452459452,79.14,-0.275554754054752,0.0759304224821751
1997,9,"CO","pooled_3",79.6652628434948,79.38,0.285262843494806,0.0813748898787421
1997,9,"CT","pooled_3",79.462760512014,79.68,-0.217239487986021,0.0471929951404284
1997,9,"DE","pooled_3",77.5810566469853,77.67,-0.0889433530147272,0.00791092004550239
1997,9,"FL","pooled_3",78.3852064528242,77.89,0.495206452824235,0.245229430918761
1997,9,"GA","pooled_3",76.652359666613,76.28,0.37235966661305,0.138651721320182
1997,9,"HI","pooled_3",80.8536571127154,80.13,0.723657112715358,0.523679616783529
1997,9,"ID","pooled_3",79.345354904898,78.86,0.485354904898017,0.235569383708563
1997,9,"IL","pooled_3",77.8900904379872,77.92,-0.0299095620128469,0.000894581899800334
1997,9,"IN","pooled_3",77.3276144874043,76.84,0.487614487404258,0.237767888326517
1997,9,"IA","pooled_3",79.6003869996589,79.29,0.310386999658903,0.0963400895572556
1997,9,"KS","pooled_3",78.5628833473846,77.9,0.662883347384579,0.439414332239784
1997,9,"KY","pooled_3",76.2524477696073,75.57,0.682447769607279,0.46573495824195
1997,9,"LA","pooled_3",75.1988202258116,74.67,0.528820225811572,0.279650831227402
1997,9,"ME","pooled_3",79.1650412520482,78.43,0.73504125204822,0.540285642212614
1997,9,"MD","pooled_3",77.5435169248067,77.61,-0.0664830751933039,0.0044199992871585
1997,9,"MA","pooled_3",79.7211474347407,79.55,0.171147434740689,0.0292914444183185
1997,9,"MI","pooled_3",77.6402631331642,77.52,0.120263133164215,0.0144632211984738
1997,9,"MN","pooled_3",80.3300413575097,80.31,0.020041357509669,0.000401656010830364
1997,9,"MS","pooled_3",74.6937035717874,73.95,0.743703571787393,0.553095002689325
1997,9,"MO","pooled_3",76.9973452110967,76.72,0.277345211096673,0.0769203661182581
1997,9,"MT","pooled_3",78.902307183393,78.04,0.862307183393,0.743573678531169
1997,9,"NE","pooled_3",79.0153090457824,79.12,-0.10469095421756,0.0109601958949832
1997,9,"NV","pooled_3",77.4759791165283,76.57,0.905979116528314,0.820798159585425
1997,9,"NH","pooled_3",79.7358922945557,79.52,0.215892294555701,0.0466094828485255
1997,9,"NJ","pooled_3",78.5459928465483,78.8,-0.254007153451653,0.0645196340046115
1997,9,"NM","pooled_3",78.5827580124415,77.35,1.23275801244147,1.51969231723863
1997,9,"NY","pooled_3",78.591833895973,79.21,-0.61816610402704,0.382129332167969
1997,9,"NC","pooled_3",77.2519262864533,76.86,0.391926286453341,0.153606214013106
1997,9,"ND","pooled_3",79.9542021391651,79.29,0.664202139165056,0.441164481671436
1997,9,"OH","pooled_3",77.565416966386,77.13,0.435416966386057,0.189587934616837
1997,9,"OK","pooled_3",75.8782857110614,75.37,0.508285711061362,0.258354364069154
1997,9,"OR","pooled_3",78.8232199055008,78.52,0.303219905500839,0.0919423110919378
1997,9,"PA","pooled_3",77.8502001901722,77.58,0.270200190172162,0.0730081427690723
1997,9,"RI","pooled_3",79.3181334783336,78.98,0.33813347833356,0.114334249169952
1997,9,"SC","pooled_3",76.6564637073541,75.95,0.706463707354132,0.499090969808545
1997,9,"SD","pooled_3",79.2033465592583,78.65,0.553346559258344,0.306192414643048
1997,9,"TN","pooled_3",75.8852229066641,75.52,0.36522290666413,0.133387771552196
1997,9,"TX","pooled_3",77.53242412992,77.63,-0.0975758700800213,0.0095210504218732
1997,9,"UT","pooled_3",80.0217078476222,79.22,0.80170784762224,0.642735472939084
1997,9,"VT","pooled_3",79.4962502208989,79.43,0.0662502208988514,0.0043890917691466
1997,9,"VA","pooled_3",78.1448499603306,78.08,0.0648499603306334,0.00420551735488472
1997,9,"WA","pooled_3",79.5336016715724,79.33,0.203601671572414,0.0414536406670813
1997,9,"WV","pooled_3",76.0270103305257,75.23,0.79701033052568,0.635225466964654
1997,9,"WI","pooled_3",79.4120173101252,79.09,0.322017310125176,0.103695148020254
1997,9,"WY","pooled_3",78.6416886503538,77.1,1.54168865035379,2.37680389462969
1997,10,"USA","pooled_3",78.2044173341173,78.08,0.124417334117311,0.0154796730288586
1997,10,"AL","pooled_3",75.818058343,74.89,0.928058342999989,0.861292288011886
1997,10,"AK","pooled_3",78.0897866684732,77.39,0.699786668473209,0.489701381372833
1997,10,"AZ","pooled_3",78.9271743407899,78.29,0.637174340789855,0.405991140560986
1997,10,"AR","pooled_3",75.5739950768591,75.64,-0.0660049231408664,0.00435664987883168
1997,10,"CA","pooled_3",79.0245449576714,79.52,-0.495455042328601,0.245475698968836
1997,10,"CO","pooled_3",79.8483079035147,79.58,0.268307903514668,0.0719891310884362
1997,10,"CT","pooled_3",79.6372084271975,80.04,-0.402791572802542,0.162241051120745
1997,10,"DE","pooled_3",77.7463025593028,77.98,-0.233697440697227,0.0546144937884341
1997,10,"FL","pooled_3",78.5528169826673,78.25,0.302816982667281,0.0916981249917163
1997,10,"GA","pooled_3",76.8344973920765,76.51,0.324497392076466,0.105298557464428
1997,10,"HI","pooled_3",81.0481070300593,80.46,0.588107030059305,0.345869878805177
1997,10,"ID","pooled_3",79.517767667778,79.03,0.487767667777973,0.237917297729563
1997,10,"IL","pooled_3",78.063425478672,78.26,-0.196574521328017,0.0386415424353391
1997,10,"IN","pooled_3",77.4700744510679,77.41,0.0600744510678766,0.0036089396711067
1997,10,"IA","pooled_3",79.762286907516,79.38,0.382286907516018,0.146143279658161
1997,10,"KS","pooled_3",78.7010837759358,78.16,0.541083775935789,0.292771652580931
1997,10,"KY","pooled_3",76.3871020788813,75.86,0.527102078881327,0.277836601561017
1997,10,"LA","pooled_3",75.3450638863201,74.87,0.475063886320086,0.225685696085544
1997,10,"ME","pooled_3",79.3574324663918,78.59,0.767432466391767,0.588952590472151
1997,10,"MD","pooled_3",77.7263059720762,77.8,-0.0736940279238212,0.00543080975163694
1997,10,"MA","pooled_3",79.9072177562552,79.73,0.177217756255232,0.0314061331321386
1997,10,"MI","pooled_3",77.796731558515,77.61,0.186731558514978,0.0348686749454327
1997,10,"MN","pooled_3",80.5075496264127,80.56,-0.0524503735872912,0.00275104168944642
1997,10,"MS","pooled_3",74.8367144123554,74.36,0.476714412355378,0.227256630947333
1997,10,"MO","pooled_3",77.1335528847906,77.11,0.0235528847905897,0.000554738381958792
1997,10,"MT","pooled_3",79.1034254752036,78.17,0.933425475203634,0.871283117759131
1997,10,"NE","pooled_3",79.1635519813307,78.98,0.18355198133068,0.0336913298504184
1997,10,"NV","pooled_3",77.6758944721351,77.04,0.635894472135078,0.40436177969195
1997,10,"NH","pooled_3",79.9291369778003,79.51,0.419136977800321,0.175675806159587
1997,10,"NJ","pooled_3",78.7252833555136,79.26,-0.534716644486394,0.285921889890789
1997,10,"NM","pooled_3",78.7696933096891,77.42,1.34969330968909,1.82167203021948
1997,10,"NY","pooled_3",78.7802095053458,79.46,-0.679790494654199,0.462115116622201
1997,10,"NC","pooled_3",77.431970502837,77.02,0.411970502837008,0.169719695207777
1997,10,"ND","pooled_3",80.1272244550503,79.81,0.317224455050322,0.100631354881974
1997,10,"OH","pooled_3",77.7201170895335,77.29,0.430117089533539,0.185000710708802
1997,10,"OK","pooled_3",75.9772276458262,75.28,0.697227645826231,0.486126390104389
1997,10,"OR","pooled_3",78.9930964579128,78.75,0.243096457912813,0.059095887849756
1997,10,"PA","pooled_3",78.0264591856828,77.89,0.13645918568281,0.0186211093572156
1997,10,"RI","pooled_3",79.5022643866134,79.09,0.412264386613415,0.169961924469736
1997,10,"SC","pooled_3",76.870785032153,76.13,0.740785032152957,0.548762463861857
1997,10,"SD","pooled_3",79.3744808908546,79.28,0.0944808908546406,0.00892663873668651
1997,10,"TN","pooled_3",76.0176408089511,75.86,0.157640808951129,0.0248506246467663
1997,10,"TX","pooled_3",77.680603862348,77.7,-0.0193961376519667,0.00037621015581404
1997,10,"UT","pooled_3",80.1967484811044,79.22,0.976748481104437,0.954037595339825
1997,10,"VT","pooled_3",79.6866119209783,79.57,0.116611920978286,0.0135983401142461
1997,10,"VA","pooled_3",78.3395462815165,78.19,0.149546281516507,0.0223640903154143
1997,10,"WA","pooled_3",79.7155589530833,79.34,0.375558953083271,0.141044527241002
1997,10,"WV","pooled_3",76.1659078554841,75.06,1.10590785548415,1.22303218482155
1997,10,"WI","pooled_3",79.5835260301919,79.12,0.463526030191886,0.214856380665449
1997,10,"WY","pooled_3",78.8215187033439,77.34,1.48151870334392,2.19489766835786
2004,1,"USA","rw_drift",77.735257372504,77.56,0.175257372503978,0.0307151466169981
2004,1,"AL","rw_drift",74.7688234956676,74.56,0.208823495667559,0.0436072523428191
2004,1,"AK","rw_drift",77.5629676415817,77.67,-0.107032358418309,0.0114559257485853
2004,1,"AZ","rw_drift",77.9854611588697,77.52,0.465461158869701,0.216654090416325
2004,1,"AR","rw_drift",75.3639738933841,75.34,0.0239738933840954,0.000574747563991973
2004,1,"CA","rw_drift",79.0608667162179,78.91,0.150866716217919,0.0227607660623782
2004,1,"CO","rw_drift",79.2310400959354,78.97,0.261040095935414,0.06814193168597
2004,1,"CT","rw_drift",79.5054544112484,79.51,-0.00454558875163968,2.06623770990332e-05
2004,1,"DE","rw_drift",77.2511227205349,77.14,0.111122720534851,0.0123482590190667
2004,1,"FL","rw_drift",77.7150876750335,77.68,0.0350876750334947,0.00123114493925613
2004,1,"GA","rw_drift",76.0762009569962,76.13,-0.0537990430037922,0.00289433702812389
2004,1,"HI","rw_drift",80.2869585948533,80.25,0.0369585948533455,0.00136593773353374
2004,1,"ID","rw_drift",78.7858793114412,78.69,0.0958793114411947,0.0091928423624376
2004,1,"IL","rw_drift",77.7337670460731,77.61,0.123767046073127,0.0153182816936674
2004,1,"IN","rw_drift",76.9982888163984,76.73,0.268288816398396,0.0719788890044523
2004,1,"IA","rw_drift",79.3469027928147,78.98,0.366902792814685,0.134617659375215
2004,1,"KS","rw_drift",78.0727156622438,77.77,0.302715662243799,0.0916367721677015
2004,1,"KY","rw_drift",75.6721189883368,75.43,0.242118988336813,0.0586216045132417
2004,1,"LA","rw_drift",74.2935108578332,73.67,0.623510857833168,0.388765789835853
2004,1,"ME","rw_drift",78.2876351313302,77.87,0.417635131330172,0.17441910292117
2004,1,"MD","rw_drift",77.39671912062,77.43,-0.0332808793799728,0.0011076169323043
2004,1,"MA","rw_drift",79.1914841436993,79.28,-0.0885158563007167,0.00783505681664913
2004,1,"MI","rw_drift",77.4700088276788,77.23,0.240008827678778,0.0576042373637415
2004,1,"MN","rw_drift",80.1596479510851,80.09,0.0696479510851304,0.00485083709035672
2004,1,"MS","rw_drift",74.2373244202062,73.7,0.537324420206204,0.288717532549933
2004,1,"MO","rw_drift",76.7631781859517,76.63,0.133178185951664,0.017736429213376
2004,1,"MT","rw_drift",78.1569925277897,77.68,0.476992527789719,0.227521871567226
2004,1,"NE","rw_drift",79.0218830210977,78.93,0.0918830210976438,0.00844248956603005
2004,1,"NV","rw_drift",76.5382952829783,76.08,0.458295282978284,0.210034566400145
2004,1,"NH","rw_drift",79.2875731232973,79.12,0.167573123297274,0.0280807516516033
2004,1,"NJ","rw_drift",78.6284227211009,78.59,0.0384227211009289,0.00147630549679977
2004,1,"NM","rw_drift",77.5571528409541,77.28,0.277152840954059,0.0768136972489061
2004,1,"NY","rw_drift",78.8542140441812,78.84,0.0142140441812302,0.000202039051985964
2004,1,"NC","rw_drift",76.7159594409777,76.61,0.105959440977699,0.0112274031323065
2004,1,"ND","rw_drift",79.6380734568078,79.44,0.198073456807847,0.0392330942918102
2004,1,"OH","rw_drift",77.058770635284,76.77,0.288770635283967,0.083388479802306
2004,1,"OK","rw_drift",75.514614973957,75.05,0.464614973956998,0.215867074025062
2004,1,"OR","rw_drift",78.5014090827466,78.38,0.121409082746624,0.0147401653733765
2004,1,"PA","rw_drift",77.4671283437829,77.24,0.227128343782923,0.0515872845495735
2004,1,"RI","rw_drift",78.7887497822947,78.65,0.138749782294653,0.0192515020868136
2004,1,"SC","rw_drift",75.8868821046442,75.61,0.276882104644159,0.0766636998721789
2004,1,"SD","rw_drift",78.5043811215079,78.3,0.204381121507936,0.0417716428288416
2004,1,"TN","rw_drift",75.3949649926403,75.23,0.164964992640307,0.0272134487968166
2004,1,"TX","rw_drift",77.4219685452572,77.36,0.0619685452572156,0.00384010060129558
2004,1,"UT","rw_drift",78.9993779656889,79.2,-0.200622034311081,0.0402492006511166
2004,1,"VT","rw_drift",79.5547055101531,79.36,0.194705510153142,0.0379102356839952
2004,1,"VA","rw_drift",77.9188950590686,77.73,0.188895059068585,0.0356813433405243
2004,1,"WA","rw_drift",79.1319043756602,78.97,0.1619043756602,0.0262130268579191
2004,1,"WV","rw_drift",75.2562246739662,75.23,0.0262246739661975,0.000687733524633359
2004,1,"WI","rw_drift",79.0194212324588,78.71,0.309421232458789,0.0957414990963157
2004,1,"WY","rw_drift",77.6451296193248,77.47,0.175129619324835,0.0306703835648616
2004,2,"USA","rw_drift",77.9011150479697,77.83,0.0711150479696698,0.00505735004772844
2004,2,"AL","rw_drift",74.907521693661,74.58,0.327521693661012,0.107270459818578
2004,2,"AK","rw_drift",77.7519639196866,77.32,0.431963919686595,0.186592827911007
2004,2,"AZ","rw_drift",78.1674925312228,77.71,0.45749253122284,0.209299416124681
2004,2,"AR","rw_drift",75.4702287154353,75.44,0.0302287154353422,0.000913775236870897
2004,2,"CA","rw_drift",79.2285462970434,79.14,0.088546297043365,0.00784044672009183
2004,2,"CO","rw_drift",79.4087221686905,79.38,0.0287221686905212,0.000824962974286759
2004,2,"CT","rw_drift",79.6845105575172,79.68,0.00451055751715046,2.03451291155225e-05
2004,2,"DE","rw_drift",77.4128497305504,77.67,-0.257150269449625,0.0661262610780145
2004,2,"FL","rw_drift",77.8720043416288,77.89,-0.0179956583712197,0.000323843720213651
2004,2,"GA","rw_drift",76.2499496314491,76.28,-0.0300503685508602,0.000903024650042527
2004,2,"HI","rw_drift",80.473489676516,80.13,0.343489676516015,0.117985157873076
2004,2,"ID","rw_drift",78.950045360022,78.86,0.090045360021989,0.00810816686148962
2004,2,"IL","rw_drift",77.9074612557561,77.92,-0.0125387442438836,0.000157220107213523
2004,2,"IN","rw_drift",77.1367631688432,76.84,0.296763168843214,0.0880683783818657
2004,2,"IA","rw_drift",79.5068355278307,79.29,0.216835527830668,0.0470176461296043
2004,2,"KS","rw_drift",78.2034116950505,77.9,0.303411695050514,0.0920586566934259
2004,2,"KY","rw_drift",75.7972708576468,75.57,0.227270857646843,0.0516520427355317
2004,2,"LA","rw_drift",74.4235869811807,74.67,-0.246413018819311,0.0607193758436461
2004,2,"ME","rw_drift",78.4654569797284,78.43,0.0354569797283801,0.00125719741145876
2004,2,"MD","rw_drift",77.5802661775729,77.61,-0.0297338224270618,0.000884100196124043
2004,2,"MA","rw_drift",79.3702402511883,79.55,-0.179759748811691,0.0323135672928421
2004,2,"MI","rw_drift",77.6261815010582,77.52,0.106181501058202,0.011274511166973
2004,2,"MN","rw_drift",80.3373370967364,80.31,0.0273370967364173,0.000747316857976236
2004,2,"MS","rw_drift",74.3736508032986,73.95,0.423650803298557,0.179480003135513
2004,2,"MO","rw_drift",76.8972895302429,76.72,0.177289530242859,0.0314315775337338
2004,2,"MT","rw_drift",78.3465029380376,78.04,0.30650293803761,0.0939440510256872
2004,2,"NE","rw_drift",79.1734131113057,79.12,0.0534131113056588,0.0028529604593507
2004,2,"NV","rw_drift",76.722515128042,76.57,0.152515128041998,0.0232608642816669
2004,2,"NH","rw_drift",79.4753908717126,79.52,-0.0446091282874335,0.0019899743265647
2004,2,"NJ","rw_drift",78.8132624571374,78.8,0.0132624571373867,0.00017589276932102
2004,2,"NM","rw_drift",77.726241482555,77.35,0.37624148255496,0.141557653195154
2004,2,"NY","rw_drift",79.0521765115018,79.21,-0.157823488498153,0.0249082535217265
2004,2,"NC","rw_drift",76.888427297669,76.86,0.0284272976689692,0.000808111252760183
2004,2,"ND","rw_drift",79.8080329785199,79.29,0.518032978519869,0.268358166834167
2004,2,"OH","rw_drift",77.20597807582,77.13,0.0759780758200321,0.00577266800531455
2004,2,"OK","rw_drift",75.6079036613733,75.37,0.237903661373309,0.0565981520948262
2004,2,"OR","rw_drift",78.6680328254449,78.52,0.148032825444929,0.0219137174092088
2004,2,"PA","rw_drift",77.6389811624789,77.58,0.0589811624789149,0.00347877752736416
2004,2,"RI","rw_drift",78.9655316361796,78.98,-0.0144683638204413,0.000209333551640653
2004,2,"SC","rw_drift",76.0893648060711,75.95,0.139364806071129,0.0194225491712433
2004,2,"SD","rw_drift",78.6642615204725,78.65,0.0142615204724592,0.000203390966186373
2004,2,"TN","rw_drift",75.5197516262593,75.52,-0.000248373740731722,6.16895150850687e-08
2004,2,"TX","rw_drift",77.570945032853,77.63,-0.0590549671469489,0.00348748914472722
2004,2,"UT","rw_drift",79.1563799852073,79.22,-0.0636200147927468,0.00404750628222932
2004,2,"VT","rw_drift",79.7503380662047,79.43,0.320338066204684,0.102616476659756
2004,2,"VA","rw_drift",78.1129141047622,78.08,0.0329141047621846,0.00108333829229606
2004,2,"WA","rw_drift",79.3091786005319,79.33,-0.0208213994680904,0.000433530675809794
2004,2,"WV","rw_drift",75.3816762402537,75.23,0.15167624025365,0.023005681857483
2004,2,"WI","rw_drift",79.1862173888636,79.09,0.0962173888635789,0.00925778591972515
2004,2,"WY","rw_drift",77.8075777993687,77.1,0.707577799368721,0.500666342159482
2004,3,"USA","rw_drift",78.0669727234354,78.08,-0.0130272765646424,0.000169709934691682
2004,3,"AL","rw_drift",75.0462198916545,74.89,0.156219891654459,0.0244046545485309
2004,3,"AK","rw_drift",77.9409601977915,77.39,0.550960197791483,0.30355713955043
2004,3,"AZ","rw_drift",78.349523903576,78.29,0.0595239035759647,0.00354309509692074
2004,3,"AR","rw_drift",75.5764835374866,75.64,-0.0635164625134195,0.00403434101021862
2004,3,"CA","rw_drift",79.3962258778688,79.52,-0.123774122131181,0.0153200333093445
2004,3,"CO","rw_drift",79.5864042414456,79.58,0.00640424144562246,4.10143084938285e-05
2004,3,"CT","rw_drift",79.863566703786,80.04,-0.176433296214057,0.0311287080129572
2004,3,"DE","rw_drift",77.5745767405659,77.98,-0.405423259434102,0.164368019290171
2004,3,"FL","rw_drift",78.0289210082241,78.25,-0.22107899177594,0.0488759206046661
2004,3,"GA","rw_drift",76.4236983059021,76.51,-0.0863016940979264,0.00744798240417207
2004,3,"HI","rw_drift",80.6600207581787,80.46,0.200020758178681,0.0400083037023744
2004,3,"ID","rw_drift",79.1142114086028,79.03,0.0842114086027834,0.00709156133886495
2004,3,"IL","rw_drift",78.0811554654391,78.26,-0.178844534560895,0.0319853675423031
2004,3,"IN","rw_drift",77.275237521288,77.41,-0.134762478711963,0.0181609256685922
2004,3,"IA","rw_drift",79.6667682628467,79.38,0.286768262846664,0.0822360365760933
2004,3,"KS","rw_drift",78.3341077278572,78.16,0.174107727857248,0.0303135008996134
2004,3,"KY","rw_drift",75.9224227269569,75.86,0.0624227269568536,0.00389659684072989
2004,3,"LA","rw_drift",74.5536631045282,74.87,-0.316336895471792,0.100069031436732
2004,3,"ME","rw_drift",78.6432788281266,78.59,0.0532788281265937,0.00283863352654311
2004,3,"MD","rw_drift",77.7638132345258,77.8,-0.0361867654741559,0.00130948199548156
2004,3,"MA","rw_drift",79.5489963586773,79.73,-0.181003641322675,0.0327623181720677
2004,3,"MI","rw_drift",77.7823541744376,77.61,0.172354174437615,0.0297059614460718
2004,3,"MN","rw_drift",80.5150262423877,80.56,-0.044973757612297,0.00202263887376965
2004,3,"MS","rw_drift",74.5099771863909,74.36,0.149977186390913,0.0224931564377347
2004,3,"MO","rw_drift",77.0314008745341,77.11,-0.0785991254659422,0.00617782252401092
2004,3,"MT","rw_drift",78.5360133482855,78.17,0.366013348285506,0.133965771123167
2004,3,"NE","rw_drift",79.3249432015137,78.98,0.344943201513672,0.118985812270502
2004,3,"NV","rw_drift",76.9067349731057,77.04,-0.133265026894307,0.0177595673931404
2004,3,"NH","rw_drift",79.6632086201278,79.51,0.153208620127842,0.0234728812814773
2004,3,"NJ","rw_drift",78.9981021931738,79.26,-0.26189780682617,0.0685904612203577
2004,3,"NM","rw_drift",77.8953301241558,77.42,0.475330124155846,0.225938726930012
2004,3,"NY","rw_drift",79.2501389788224,79.46,-0.209861021177545,0.044041648209682
2004,3,"NC","rw_drift",77.0608951543602,77.02,0.0408951543602427,0.00167241365014808
2004,3,"ND","rw_drift",79.9779925002319,79.81,0.167992500231904,0.0282214801341662
2004,3,"OH","rw_drift",77.3531855163561,77.29,0.0631855163560857,0.00399240947718518
2004,3,"OK","rw_drift",75.7011923487896,75.28,0.421192348789631,0.177402994678927
2004,3,"OR","rw_drift",78.8346565681432,78.75,0.084656568143231,0.00716673452978951
2004,3,"PA","rw_drift",77.8108339811749,77.89,-0.0791660188250916,0.00626725853661475
2004,3,"RI","rw_drift",79.1423134900645,79.09,0.0523134900644635,0.00273670124272472
2004,3,"SC","rw_drift",76.2918475074981,76.13,0.161847507498109,0.0261946156833505
2004,3,"SD","rw_drift",78.824141919437,79.28,-0.455858080563004,0.207806589614587
2004,3,"TN","rw_drift",75.6445382598782,75.86,-0.215461740121782,0.0464237614563063
2004,3,"TX","rw_drift",77.7199215204489,77.7,0.0199215204488752,0.000396866976994952
2004,3,"UT","rw_drift",79.3133820047256,79.22,0.0933820047255836,0.00872019880656891
2004,3,"VT","rw_drift",79.9459706222562,79.57,0.375970622256247,0.14135390879975
2004,3,"VA","rw_drift",78.3069331504558,78.19,0.116933150455779,0.0136733616755138
2004,3,"WA","rw_drift",79.4864528254036,79.34,0.146452825403614,0.0214484300687014
2004,3,"WV","rw_drift",75.5071278065411,75.06,0.447127806541104,0.199923275382259
2004,3,"WI","rw_drift",79.3530135452684,79.12,0.233013545268378,0.0542953122785383
2004,3,"WY","rw_drift",77.9700259794126,77.34,0.630025979412594,0.396932734734798
2004,4,"USA","rw_drift",78.232830398901,78.16,0.072830398901047,0.00530426700408563
2004,4,"AL","rw_drift",75.1849180896479,74.95,0.234918089647906,0.0551865088438214
2004,4,"AK","rw_drift",78.1299564758964,77.74,0.389956475896383,0.152066053093527
2004,4,"AZ","rw_drift",78.5315552759291,78.69,-0.15844472407089,0.0251047305859004
2004,4,"AR","rw_drift",75.6827383595378,75.32,0.362738359537829,0.131579117480195
2004,4,"CA","rw_drift",79.5639054586943,79.82,-0.256094541305728,0.0655844140865914
2004,4,"CO","rw_drift",79.7640863142007,79.41,0.354086314200728,0.125377117904257
2004,4,"CT","rw_drift",80.0426228500547,80.25,-0.207377149945259,0.0430052823194184
2004,4,"DE","rw_drift",77.7363037505814,77.62,0.116303750581423,0.0135265623993059
2004,4,"FL","rw_drift",78.1858376748193,78.39,-0.204162325180661,0.0416822550231741
2004,4,"GA","rw_drift",76.597446980355,76.75,-0.152553019644984,0.0232724238028027
2004,4,"HI","rw_drift",80.8465518398413,80.9,-0.0534481601586663,0.00285670582434644
2004,4,"ID","rw_drift",79.2783774571836,79.27,0.00837745718358462,7.01817888627936e-05
2004,4,"IL","rw_drift",78.2548496751221,78.13,0.124849675122107,0.0155874413780956
2004,4,"IN","rw_drift",77.4137118737329,77.14,0.27371187373285,0.0749181898223477
2004,4,"IA","rw_drift",79.8267009978626,79,0.826700997862645,0.683434539867093
2004,4,"KS","rw_drift",78.464803760664,78.07,0.394803760663976,0.155870009434418
2004,4,"KY","rw_drift",76.0475745962669,75.81,0.237574596266867,0.056441688791365
2004,4,"LA","rw_drift",74.6837392278757,74.96,-0.27626077212426,0.0763200142146924
2004,4,"ME","rw_drift",78.8211006765248,78.87,-0.0488993234751973,0.00239114383633198
2004,4,"MD","rw_drift",77.9473602914787,78.11,-0.162639708521255,0.0264516747878786
2004,4,"MA","rw_drift",79.7277524661664,79.96,-0.232247533833643,0.0539389169718092
2004,4,"MI","rw_drift",77.938526847817,77.65,0.288526847817025,0.0832477419112285
2004,4,"MN","rw_drift",80.692715388039,80.38,0.312715388038995,0.0977909139163795
2004,4,"MS","rw_drift",74.6463035694833,74.37,0.276303569483261,0.0763436625091912
2004,4,"MO","rw_drift",77.1655122188253,76.83,0.335512218825258,0.112568448981048
2004,4,"MT","rw_drift",78.7255237585334,77.95,0.775523758533396,0.601437100049765
2004,4,"NE","rw_drift",79.4764732917217,79.04,0.436473291721683,0.190508934386361
2004,4,"NV","rw_drift",77.0909548181694,77.25,-0.159045181830592,0.0252953698635261
2004,4,"NH","rw_drift",79.8510263685431,79.91,-0.0589736314568654,0.00347788920721018
2004,4,"NJ","rw_drift",79.1829419292103,79.41,-0.22705807078971,0.0515553675107448
2004,4,"NM","rw_drift",78.0644187657567,77.31,0.754418765756739,0.569147674125922
2004,4,"NY","rw_drift",79.448101446143,79.59,-0.141898553856947,0.020135199586693
2004,4,"NC","rw_drift",77.2333630110515,77.26,-0.0266369889484963,0.000709529180242315
2004,4,"ND","rw_drift",80.1479520219439,79.51,0.637952021943931,0.40698278230235
2004,4,"OH","rw_drift",77.5003929568922,77.19,0.310392956892159,0.0963437876882574
2004,4,"OK","rw_drift",75.794481036206,75.11,0.684481036205952,0.468514288925574
2004,4,"OR","rw_drift",79.0012803108415,78.9,0.101280310841531,0.0102577013641572
2004,4,"PA","rw_drift",77.9826867998709,77.9,0.0826867998708991,0.00683710687289012
2004,4,"RI","rw_drift",79.3190953439494,79.17,0.149095343949369,0.0222294215873808
2004,4,"SC","rw_drift",76.4943302089251,76.48,0.0143302089250739,0.000205354887836267
2004,4,"SD","rw_drift",78.9840223184015,78.97,0.0140223184015298,0.000196625413353881
2004,4,"TN","rw_drift",75.7693248934972,75.87,-0.100675106502834,0.010135477069357
2004,4,"TX","rw_drift",77.8688980080447,77.74,0.128898008044715,0.0166146964778953
2004,4,"UT","rw_drift",79.4703840242439,79.74,-0.269615975756082,0.0726927743829043
2004,4,"VT","rw_drift",80.1416031783078,79.75,0.39160317830779,0.153353049260763
2004,4,"VA","rw_drift",78.5009521961494,78.39,0.11095219614937,0.0123103898303682
2004,4,"WA","rw_drift",79.6637270502753,79.31,0.353727050275324,0.125122826096482
2004,4,"WV","rw_drift",75.6325793728286,75.18,0.452579372828552,0.204828088709886
2004,4,"WI","rw_drift",79.5198097016732,79.28,0.239809701673181,0.0575086930165801
2004,4,"WY","rw_drift",78.1324741594565,77.81,0.322474159456476,0.103989583517161
2004,5,"USA","rw_drift",78.3986880743667,78.49,-0.0913119256332635,0.00833786776285465
2004,5,"AL","rw_drift",75.3236162876414,75.25,0.0736162876413573,0.00541935780609506
2004,5,"AK","rw_drift",78.3189527540013,77.73,0.588952754001269,0.34686534644568
2004,5,"AZ","rw_drift",78.7135866482822,78.96,-0.246413351717749,0.0607195399047749
2004,5,"AR","rw_drift",75.7889931815891,75.71,0.0789931815890696,0.00623992273756373
2004,5,"CA","rw_drift",79.7315850395197,80.15,-0.418414960480291,0.175071079153724
2004,5,"CO","rw_drift",79.9417683869558,79.7,0.241768386955826,0.058451952931222
2004,5,"CT","rw_drift",80.2216789963235,80.47,-0.248321003676466,0.0616633208668875
2004,5,"DE","rw_drift",77.898030760597,78.13,-0.231969239403043,0.0538097280292261
2004,5,"FL","rw_drift",78.3427543414146,78.71,-0.367245658585375,0.134869373749806
2004,5,"GA","rw_drift",76.771195654808,77.07,-0.298804345192039,0.0892840367056432
2004,5,"HI","rw_drift",81.033082921504,80.57,0.463082921504011,0.21444579218869
2004,5,"ID","rw_drift",79.4425435057644,79.35,0.0925435057643824,0.00856430045916228
2004,5,"IL","rw_drift",78.4285438848051,78.61,-0.181456115194905,0.0329263217416266
2004,5,"IN","rw_drift",77.5521862261777,77.4,0.152186226177662,0.0231606474381985
2004,5,"IA","rw_drift",79.9866337328786,79.5,0.48663373287863,0.23681238997539
2004,5,"KS","rw_drift",78.5954997934707,78.49,0.105499793470699,0.0111302064223601
2004,5,"KY","rw_drift",76.1727264655769,75.77,0.40272646557689,0.162188606076054
2004,5,"LA","rw_drift",74.8138153512233,75.44,-0.626184648776743,0.392107214363653
2004,5,"ME","rw_drift",78.998922524923,79.04,-0.0410774750769889,0.00168735895870064
2004,5,"MD","rw_drift",78.1309073484316,78.41,-0.279092651568348,0.0778927081594513
2004,5,"MA","rw_drift",79.9065085736554,80.2,-0.29349142634463,0.0861372173378055
2004,5,"MI","rw_drift",78.0946995211964,77.97,0.124699521196447,0.0155499705866232
2004,5,"MN","rw_drift",80.8704045336903,80.79,0.0804045336902703,0.00646488903794982
2004,5,"MS","rw_drift",74.7826299525756,74.81,-0.0273700474243839,0.000749119496013022
2004,5,"MO","rw_drift",77.2996235631165,77.28,0.0196235631164541,0.000385084229385457
2004,5,"MT","rw_drift",78.9150341687813,78.26,0.655034168781285,0.429069762270988
2004,5,"NE","rw_drift",79.6280033819297,79.58,0.0480033819297034,0.00230432467668898
2004,5,"NV","rw_drift",77.2751746632331,77.64,-0.364825336766884,0.133097526347071
2004,5,"NH","rw_drift",80.0388441169584,80.19,-0.151155883041582,0.0228481009780805
2004,5,"NJ","rw_drift",79.3677816652467,79.86,-0.492218334753261,0.242278889067273
2004,5,"NM","rw_drift",78.2335074073576,77.87,0.363507407357631,0.132137635203866
2004,5,"NY","rw_drift",79.6460639134637,79.89,-0.243936086536337,0.0595048143146632
2004,5,"NC","rw_drift",77.4058308677428,77.57,-0.164169132257214,0.0269515039860867
2004,5,"ND","rw_drift",80.317911543656,79.36,0.957911543655968,0.917594525469359
2004,5,"OH","rw_drift",77.6476003974282,77.51,0.137600397428216,0.0189338693724029
2004,5,"OK","rw_drift",75.8877697236223,75.6,0.287769723622276,0.082811413833641
2004,5,"OR","rw_drift",79.1679040535398,79.23,-0.0620959464601611,0.0038559065667832
2004,5,"PA","rw_drift",78.1545396185669,78.22,-0.0654603814330983,0.00428506153736672
2004,5,"RI","rw_drift",79.4958771978343,79.57,-0.0741228021657179,0.00549418980089815
2004,5,"SC","rw_drift",76.696812910352,76.77,-0.073187089647945,0.00535635009113633
2004,5,"SD","rw_drift",79.1439027173661,79.21,-0.0660972826339332,0.00436885077159005
2004,5,"TN","rw_drift",75.8941115271161,76.11,-0.215888472883876,0.0466078327241319
2004,5,"TX","rw_drift",78.0178744956405,78.12,-0.102125504359464,0.0104296186406748
2004,5,"UT","rw_drift",79.6273860437622,79.9,-0.272613956237763,0.0743183691356047
2004,5,"VT","rw_drift",80.3372357343593,80.29,0.047235734359333,0.00223121460046548
2004,5,"VA","rw_drift",78.694971241843,78.73,-0.0350287581570399,0.00122701389802439
2004,5,"WA","rw_drift",79.841001275147,79.62,0.221001275147032,0.048841563616614
2004,5,"WV","rw_drift",75.758030939116,75.19,0.568030939116014,0.32265914779302
2004,5,"WI","rw_drift",79.686605858078,79.76,-0.073394141922023,0.00538670006847005
2004,5,"WY","rw_drift",78.2949223395004,78.06,0.234922339500358,0.0551885055963213
2004,6,"USA","rw_drift",78.5645457498324,78.67,-0.105454250167583,0.0111205988784071
2004,6,"AL","rw_drift",75.4623144856348,75.3,0.162314485634809,0.0263459922468927
2004,6,"AK","rw_drift",78.5079490321062,77.86,0.647949032106169,0.419837948207321
2004,6,"AZ","rw_drift",78.8956180206354,79.13,-0.234381979364613,0.054934912250874
2004,6,"AR","rw_drift",75.8952480036403,75.95,-0.0547519963596983,0.00299778110537242
2004,6,"CA","rw_drift",79.8992646203452,80.48,-0.58073537965484,0.337253581182851
2004,6,"CO","rw_drift",80.1194504597109,80.03,0.0894504597109318,0.00800138474249703
2004,6,"CT","rw_drift",80.4007351425923,80.66,-0.259264857407672,0.0672182662866204
2004,6,"DE","rw_drift",78.0597577706125,78.18,-0.120242229387529,0.0144581937280831
2004,6,"FL","rw_drift",78.4996710080099,78.87,-0.370328991990107,0.137143562308409
2004,6,"GA","rw_drift",76.9449443292609,77.21,-0.265055670739102,0.0702545085909552
2004,6,"HI","rw_drift",81.2196140031667,81.22,-0.000385996833330182,1.48993555340928e-07
2004,6,"ID","rw_drift",79.6067095543452,79.38,0.226709554345177,0.0513972220313889
2004,6,"IL","rw_drift",78.6022380944881,78.88,-0.277761905511909,0.0771516761536066
2004,6,"IN","rw_drift",77.6906605786225,77.5,0.190660578622484,0.0363514562406606
2004,6,"IA","rw_drift",80.1465664678946,79.55,0.596566467894618,0.355891550616261
2004,6,"KS","rw_drift",78.7261958262774,78.52,0.206195826277423,0.042516718774229
2004,6,"KY","rw_drift",76.2978783348869,75.8,0.497878334886906,0.247882836349758
2004,6,"LA","rw_drift",74.9438914745708,75.69,-0.746108525429221,0.556677931718167
2004,6,"ME","rw_drift",79.1767443733212,79.05,0.12674437332123,0.0160641361685914
2004,6,"MD","rw_drift",78.3144544053846,78.9,-0.585545594615454,0.342863643373565
2004,6,"MA","rw_drift",80.0852646811444,80.48,-0.394735318855609,0.15581597195204
2004,6,"MI","rw_drift",78.2508721945759,77.99,0.260872194575867,0.0680543019028292
2004,6,"MN","rw_drift",81.0480936793416,80.77,0.278093679341566,0.0773360944897299
2004,6,"MS","rw_drift",74.918956335668,74.78,0.13895633566797,0.0193088632222696
2004,6,"MO","rw_drift",77.4337349074077,77.37,0.0637349074076496,0.00406213842226167
2004,6,"MT","rw_drift",79.1045445790292,78.52,0.584544579029185,0.341692364872407
2004,6,"NE","rw_drift",79.7795334721377,79.59,0.189533472137711,0.0359229370605765
2004,6,"NV","rw_drift",77.4593945082968,77.77,-0.310605491703171,0.0964757714761688
2004,6,"NH","rw_drift",80.2266618653737,80.27,-0.0433381346262962,0.00187819391288697
2004,6,"NJ","rw_drift",79.5526214012832,79.93,-0.377378598716817,0.142414606769468
2004,6,"NM","rw_drift",78.4025960489585,78.06,0.342596048958526,0.117372052761993
2004,6,"NY","rw_drift",79.8440263807843,80.16,-0.315973619215725,0.0998393280402842
2004,6,"NC","rw_drift",77.578298724434,77.76,-0.181701275565956,0.0330153535422955
2004,6,"ND","rw_drift",80.487871065368,79.62,0.867871065367993,0.753200186102975
2004,6,"OH","rw_drift",77.7948078379643,77.61,0.184807837964286,0.0341539369730337
2004,6,"OK","rw_drift",75.9810584110386,75.65,0.331058411038583,0.109599671519392
2004,6,"OR","rw_drift",79.3345277962381,79.45,-0.115472203761854,0.0133338298416191
2004,6,"PA","rw_drift",78.3263924372629,78.4,-0.0736075627371093,0.00541807329209749
2004,6,"RI","rw_drift",79.6726590517192,79.47,0.202659051719181,0.0410706912437175
2004,6,"SC","rw_drift",76.899295611779,76.71,0.189295611779031,0.0358328286387974
2004,6,"SD","rw_drift",79.3037831163306,79.23,0.0737831163305884,0.00544394825545314
2004,6,"TN","rw_drift",76.0188981607351,76.14,-0.121101839264924,0.0146656554733474
2004,6,"TX","rw_drift",78.1668509832364,78.29,-0.123149016763634,0.0151656803298498
2004,6,"UT","rw_drift",79.7843880632806,79.78,0.0043880632805724,1.92550993543078e-05
2004,6,"VT","rw_drift",80.5328682904109,80.04,0.492868290410883,0.242919151692546
2004,6,"VA","rw_drift",78.8889902875366,79,-0.111009712463442,0.0123231562612161
2004,6,"WA","rw_drift",80.0182755000187,80.01,0.00827550001874044,6.84839005601731e-05
2004,6,"WV","rw_drift",75.8834825054035,75.44,0.443482505403466,0.196676732598935
2004,6,"WI","rw_drift",79.8534020144828,79.59,0.263402014482779,0.069380621233586
2004,6,"WY","rw_drift",78.4573705195442,77.97,0.487370519544243,0.237530023320825
2004,7,"USA","rw_drift",78.7304034252981,78.72,0.010403425298108,0.000108231257933314
2004,7,"AL","rw_drift",75.6010126836283,75.33,0.271012683628257,0.0734478746873897
2004,7,"AK","rw_drift",78.6969453102111,77.93,0.766945310211057,0.588205108854734
2004,7,"AZ","rw_drift",79.0776493929885,79.16,-0.0823506070114775,0.0067816224751588
2004,7,"AR","rw_drift",76.0015028256915,75.84,0.161502825691542,0.0260831627063527
2004,7,"CA","rw_drift",80.0669442011706,80.51,-0.443055798829391,0.19629844087635
2004,7,"CO","rw_drift",80.297132532466,80.05,0.24713253246604,0.0610744886030782
2004,7,"CT","rw_drift",80.5797912888611,80.64,-0.060208711138884,0.00362508889700558
2004,7,"DE","rw_drift",78.221484780628,78.21,0.0114847806280096,0.000131900186073505
2004,7,"FL","rw_drift",78.6565876746052,79.16,-0.50341232539482,0.25342396935942
2004,7,"GA","rw_drift",77.1186930037138,77.53,-0.411306996286172,0.169173445193953
2004,7,"HI","rw_drift",81.4061450848293,81.21,0.19614508482934,0.0384728943027088
2004,7,"ID","rw_drift",79.770875602926,79.24,0.530875602925974,0.281828905782016
2004,7,"IL","rw_drift",78.7759323041711,78.92,-0.144067695828923,0.0207555009814551
2004,7,"IN","rw_drift",77.8291349310673,77.4,0.429134931067296,0.184156789062133
2004,7,"IA","rw_drift",80.3064992029106,79.51,0.796499202910596,0.634410980237214
2004,7,"KS","rw_drift",78.8568918590841,78.5,0.356891859084143,0.127371799080536
2004,7,"KY","rw_drift",76.4230302041969,75.87,0.553030204196915,0.305842406754082
2004,7,"LA","rw_drift",75.0739675979183,75.94,-0.8660324020817,0.750012121455399
2004,7,"ME","rw_drift",79.3545662217194,79.02,0.334566221719442,0.111934556715623
2004,7,"MD","rw_drift",78.4980014623375,79.09,-0.591998537662548,0.350462268594595
2004,7,"MA","rw_drift",80.2640207886334,80.49,-0.225979211366578,0.0510666039698606
2004,7,"MI","rw_drift",78.4070448679553,78.03,0.377044867955277,0.142162832451412
2004,7,"MN","rw_drift",81.2257828249928,80.76,0.465782824992843,0.216953640058313
2004,7,"MS","rw_drift",75.0552827187603,74.76,0.295282718760319,0.0871918839984857
2004,7,"MO","rw_drift",77.5678462516989,77.41,0.157846251698857,0.0249154391753788
2004,7,"MT","rw_drift",79.2940549892771,78.35,0.944054989277078,0.891239822778943
2004,7,"NE","rw_drift",79.9310635623457,79.51,0.421063562345722,0.17729452353527
2004,7,"NV","rw_drift",77.6436143533605,77.69,-0.0463856466394645,0.00215162821416127
2004,7,"NH","rw_drift",80.414479613789,80.03,0.384479613788983,0.147824573419326
2004,7,"NJ","rw_drift",79.7374611373196,79.86,-0.122538862680358,0.0150157728669956
2004,7,"NM","rw_drift",78.5716846905594,77.89,0.681684690559422,0.464694017343095
2004,7,"NY","rw_drift",80.0419888481049,80.2,-0.158011151895124,0.024967524123224
2004,7,"NC","rw_drift",77.7507665811253,77.86,-0.10923341887468,0.0119319397990514
2004,7,"ND","rw_drift",80.65783058708,79.64,1.01783058708003,1.03597910399567
2004,7,"OH","rw_drift",77.9420152785003,77.47,0.472015278500351,0.222798423137764
2004,7,"OK","rw_drift",76.0743470984549,75.62,0.454347098454903,0.206431285874389
2004,7,"OR","rw_drift",79.5011515389365,79.33,0.171151538936456,0.0292928492803174
2004,7,"PA","rw_drift",78.4982452559589,78.28,0.218245255958891,0.0476309917485618
2004,7,"RI","rw_drift",79.8494409056041,79.8,0.0494409056040865,0.0024444031469522
2004,7,"SC","rw_drift",77.101778313206,76.94,0.161778313206,0.0261722226237786
2004,7,"SD","rw_drift",79.4636635152951,79.21,0.253663515295131,0.0643451789918829
2004,7,"TN","rw_drift",76.143684794354,76.26,-0.116315205645975,0.0135292270644655
2004,7,"TX","rw_drift",78.3158274708322,78.49,-0.174172529167791,0.030336069916705
2004,7,"UT","rw_drift",79.9413900827989,79.76,0.181390082798899,0.0329023621377914
2004,7,"VT","rw_drift",80.7285008464624,79.78,0.948500846462437,0.89965385573996
2004,7,"VA","rw_drift",79.0830093332302,78.96,0.123009333230158,0.015131296061728
2004,7,"WA","rw_drift",80.1955497248905,80,0.195549724890455,0.0382396949047326
2004,7,"WV","rw_drift",76.0089340716909,75.1,0.908934071690922,0.826161146680638
2004,7,"WI","rw_drift",80.0201981708876,79.46,0.560198170887588,0.3138219906658
2004,7,"WY","rw_drift",78.6198186995881,78.26,0.359818699588118,0.129469496573284
2004,8,"USA","rw_drift",78.8962611007638,78.84,0.0562611007637912,0.00316531145915347
2004,8,"AL","rw_drift",75.7397108816217,75.35,0.38971088162171,0.15187457125437
2004,8,"AK","rw_drift",78.885941588316,78.12,0.765941588315954,0.586666516711966
2004,8,"AZ","rw_drift",79.2596807653417,79.17,0.0896807653416545,0.0080426396722649
2004,8,"AR","rw_drift",76.1077576477428,75.75,0.357757647742787,0.127990534518452
2004,8,"CA","rw_drift",80.2346237819961,80.69,-0.455376218003934,0.207367499923567
2004,8,"CO","rw_drift",80.4748146052211,80.25,0.224814605221141,0.0505416067207375
2004,8,"CT","rw_drift",80.7588474351299,80.81,-0.0511525648700939,0.00261658489278916
2004,8,"DE","rw_drift",78.3832117906435,78.53,-0.146788209356473,0.0215467784060796
2004,8,"FL","rw_drift",78.8135043412005,79.36,-0.546495658799543,0.298657505086747
2004,8,"GA","rw_drift",77.2924416781668,77.69,-0.39755832183323,0.158052619258854
2004,8,"HI","rw_drift",81.592676166492,81.33,0.262676166492,0.0689987684429327
2004,8,"ID","rw_drift",79.9350416515068,79.49,0.44504165150677,0.198062071575873
2004,8,"IL","rw_drift",78.9496265138541,79.04,-0.0903734861459355,0.0081673669981696
2004,8,"IN","rw_drift",77.9676092835121,77.42,0.547609283512116,0.299875927388654
2004,8,"IA","rw_drift",80.4664319379266,79.58,0.886431937926588,0.785761580576286
2004,8,"KS","rw_drift",78.9875878918909,78.52,0.467587891890872,0.21863843664295
2004,8,"KY","rw_drift",76.5481820735069,75.71,0.838182073506943,0.702549188348398
2004,8,"LA","rw_drift",75.2040437212658,75.73,-0.525956278734185,0.276630007139912
2004,8,"ME","rw_drift",79.5323880701176,79.16,0.372388070117651,0.138672874765949
2004,8,"MD","rw_drift",78.6815485192904,79.22,-0.538451480709639,0.289929997078403
2004,8,"MA","rw_drift",80.4427768961224,80.79,-0.347223103877567,0.120563883866372
2004,8,"MI","rw_drift",78.5632175413347,78.14,0.423217541334694,0.179113087293383
2004,8,"MN","rw_drift",81.4034719706441,80.9,0.503471970644128,0.253484025224282
2004,8,"MS","rw_drift",75.1916091018527,75,0.191609101852677,0.0367140479127896
2004,8,"MO","rw_drift",77.70195759599,77.54,0.161957595990046,0.0262302628988749
2004,8,"MT","rw_drift",79.483565399525,78.8,0.683565399524966,0.467261655427726
2004,8,"NE","rw_drift",80.0825936525537,79.52,0.562593652553744,0.316511617893763
2004,8,"NV","rw_drift",77.8278341984242,78.02,-0.192165801575754,0.0369276952952522
2004,8,"NH","rw_drift",80.6022973622043,80.32,0.282297362204275,0.0796918007074918
2004,8,"NJ","rw_drift",79.9223008733561,80.15,-0.227699126643913,0.0518468922744005
2004,8,"NM","rw_drift",78.7407733321603,77.85,0.890773332160322,0.793477129288003
2004,8,"NY","rw_drift",80.2399513154255,80.42,-0.180048684574516,0.0324175288170134
2004,8,"NC","rw_drift",77.9232344378166,77.9,0.0232344378165834,0.000539839100652681
2004,8,"ND","rw_drift",80.8277901087921,79.54,1.28779010879205,1.65840336430265
2004,8,"OH","rw_drift",78.0892227190364,77.52,0.569222719036418,0.324014503867213
2004,8,"OK","rw_drift",76.1676357858712,75.82,0.347635785871233,0.12085063961831
2004,8,"OR","rw_drift",79.6677752816348,79.54,0.127775281634754,0.0163265225968408
2004,8,"PA","rw_drift",78.6700980746549,78.47,0.200098074654889,0.0400392394805935
2004,8,"RI","rw_drift",80.026222759489,80.12,-0.0937772405110167,0.00879417083786106
2004,8,"SC","rw_drift",77.304261014633,76.99,0.314261014632976,0.0987599853181475
2004,8,"SD","rw_drift",79.6235439142597,79,0.623543914259656,0.388807013010253
2004,8,"TN","rw_drift",76.268471427973,76.23,0.0384714279729792,0.00148005077028013
2004,8,"TX","rw_drift",78.464803958428,78.49,-0.0251960415719594,0.000634840510895908
2004,8,"UT","rw_drift",80.0983921023172,79.79,0.308392102317228,0.0951056887716396
2004,8,"VT","rw_drift",80.924133402514,80.16,0.764133402513991,0.583899856837609
2004,8,"VA","rw_drift",79.2770283789237,79.16,0.117028378923749,0.0136956414735205
2004,8,"WA","rw_drift",80.3728239497622,80.07,0.302823949762171,0.091702344549562
2004,8,"WV","rw_drift",76.1343856379784,75.18,0.954385637978362,0.910851945979365
2004,8,"WI","rw_drift",80.1869943272924,79.66,0.526994327292385,0.277723020998354
2004,8,"WY","rw_drift",78.782266879632,78.37,0.412266879632,0.169963980041506
2004,9,"USA","rw_drift",79.0621187762295,78.83,0.232118776229484,0.0538791262782733
2004,9,"AL","rw_drift",75.8784090796152,75.29,0.588409079615147,0.346225244973544
2004,9,"AK","rw_drift",79.0749378664209,78.2,0.874937866420851,0.76551627009707
2004,9,"AZ","rw_drift",79.4417121376948,79.28,0.161712137694792,0.0261508154778194
2004,9,"AR","rw_drift",76.214012469794,75.78,0.434012469794027,0.188366823936711
2004,9,"CA","rw_drift",80.4023033628215,80.69,-0.287696637178485,0.0827693550438086
2004,9,"CO","rw_drift",80.6524966779762,80.32,0.332496677976252,0.110554040865243
2004,9,"CT","rw_drift",80.9379035813987,80.86,0.0779035813987008,0.006068967994744
2004,9,"DE","rw_drift",78.544938800659,78.8,-0.255061199340943,0.0650562154092404
2004,9,"FL","rw_drift",78.9704210077957,79.43,-0.459578992204271,0.211212850075494
2004,9,"GA","rw_drift",77.4661903526197,77.54,-0.0738096473803012,0.0054478640464044
2004,9,"HI","rw_drift",81.7792072481547,81.24,0.539207248154668,0.290744456462529
2004,9,"ID","rw_drift",80.0992077000876,79.14,0.95920770008756,0.920079411907267
2004,9,"IL","rw_drift",79.1233207235371,79.17,-0.0466792764629389,0.00217895485110348
2004,9,"IN","rw_drift",78.1060836359569,77.25,0.856083635956935,0.732879191753246
2004,9,"IA","rw_drift",80.6263646729426,79.5,1.12636467294257,1.26869737645303
2004,9,"KS","rw_drift",79.1182839246976,78.61,0.508283924697594,0.258352548105989
2004,9,"KY","rw_drift",76.673333942817,76.07,0.60333394281696,0.364011846555058
2004,9,"LA","rw_drift",75.3341198446133,75.56,-0.225880155386662,0.0510218445975025
2004,9,"ME","rw_drift",79.7102099185159,78.87,0.840209918515853,0.705952707172417
2004,9,"MD","rw_drift",78.8650955762433,79.15,-0.284904423756743,0.0811705306761616
2004,9,"MA","rw_drift",80.6215330036115,80.66,-0.0384669963885358,0.00147970981115563
2004,9,"MI","rw_drift",78.7193902147141,78.03,0.689390214714109,0.475258868143565
2004,9,"MN","rw_drift",81.5811611162954,80.8,0.781161116295422,0.61021268961191
2004,9,"MS","rw_drift",75.327935484945,74.63,0.697935484945035,0.48711394114546
2004,9,"MO","rw_drift",77.8360689402813,77.47,0.366068940281252,0.134006469038639
2004,9,"MT","rw_drift",79.6730758097729,78.3,1.37307580977286,1.88533717938339
2004,9,"NE","rw_drift",80.2341237427618,79.63,0.604123742761757,0.364965496568474
2004,9,"NV","rw_drift",78.012054043488,77.93,0.0820540434879433,0.00673286605272129
2004,9,"NH","rw_drift",80.7901151106196,80.28,0.510115110619552,0.260217426082397
2004,9,"NJ","rw_drift",80.1071406093925,80.18,-0.0728593906074622,0.00530849079969074
2004,9,"NM","rw_drift",78.9098619737612,78.17,0.739861973761208,0.54739574021783
2004,9,"NY","rw_drift",80.4379137827461,80.48,-0.0420862172539103,0.00177124968274333
2004,9,"NC","rw_drift",78.0957022945079,77.99,0.105702294507864,0.0111729750642273
2004,9,"ND","rw_drift",80.9977496305041,79.32,1.6777496305041,2.81484382265663
2004,9,"OH","rw_drift",78.2364301595725,77.55,0.686430159572481,0.471186363970702
2004,9,"OK","rw_drift",76.2609244732875,75.58,0.680924473287547,0.463658138321923
2004,9,"OR","rw_drift",79.8343990243331,79.41,0.42439902433307,0.180114531854862
2004,9,"PA","rw_drift",78.8419508933509,78.49,0.351950893350889,0.123869431330489
2004,9,"RI","rw_drift",80.2030046133739,79.68,0.523004613373885,0.273533825610367
2004,9,"SC","rw_drift",77.50674371606,76.97,0.536743716059945,0.288093816729839
2004,9,"SD","rw_drift",79.7834243132242,79.58,0.20342431322419,0.0413814512107333
2004,9,"TN","rw_drift",76.3932580615919,76.27,0.12325806159194,0.0151925497474025
2004,9,"TX","rw_drift",78.6137804460239,78.46,0.153780446023873,0.0236484255793014
2004,9,"UT","rw_drift",80.2553941218356,79.6,0.65539412183557,0.429541454936618
2004,9,"VT","rw_drift",81.1197659585655,79.78,1.33976595856554,1.79497282373103
2004,9,"VA","rw_drift",79.4710474246173,79.24,0.231047424617344,0.0533829124223073
2004,9,"WA","rw_drift",80.5500981746339,80.16,0.390098174633877,0.152176585852683
2004,9,"WV","rw_drift",76.2598372042658,75.31,0.949837204265819,0.902190714607507
2004,9,"WI","rw_drift",80.3537904836972,79.42,0.93379048369718,0.871964667443414
2004,9,"WY","rw_drift",78.9447150596759,78.63,0.31471505967589,0.0990455687867993
2004,10,"USA","rw_drift",79.2279764516952,78.89,0.33797645169517,0.114228081900457
2004,10,"AL","rw_drift",76.0171072776086,75.43,0.587107277608595,0.344694955420976
2004,10,"AK","rw_drift",79.2639341445257,78.13,1.13393414452575,1.28580664412135
2004,10,"AZ","rw_drift",79.6237435100479,79.38,0.243743510047935,0.0594108986904877
2004,10,"AR","rw_drift",76.3202672918453,75.84,0.480267291845266,0.230656671616386
2004,10,"CA","rw_drift",80.569982943647,81.03,-0.460017056353038,0.211615692135714
2004,10,"CO","rw_drift",80.8301787507313,80.15,0.680178750731343,0.462643132946451
2004,10,"CT","rw_drift",81.1169597276675,80.97,0.146959727667493,0.0215971615561038
2004,10,"DE","rw_drift",78.7066658106746,78.77,-0.0633341893254169,0.00401121953750775
2004,10,"FL","rw_drift",79.127337674391,79.4,-0.272662325608991,0.0743447438065033
2004,10,"GA","rw_drift",77.6399390270726,77.53,0.109939027072642,0.012086589673679
2004,10,"HI","rw_drift",81.9657383298173,81.47,0.495738329817328,0.245756491650074
2004,10,"ID","rw_drift",80.2633737486684,79.27,0.993373748668361,0.986791404543432
2004,10,"IL","rw_drift",79.29701493322,79.07,0.227014933220062,0.0515357799049091
2004,10,"IN","rw_drift",78.2445579884018,77.33,0.914557988401754,0.836416314149462
2004,10,"IA","rw_drift",80.7862974079586,79.46,1.32629740795856,1.7590648143576
2004,10,"KS","rw_drift",79.2489799575043,78.55,0.698979957504321,0.488572980992742
2004,10,"KY","rw_drift",76.798485812127,75.75,1.04848581212697,1.09932249823155
2004,10,"LA","rw_drift",75.4641959679609,75.63,-0.165804032039134,0.0274909770404341
2004,10,"ME","rw_drift",79.8880317669141,79.05,0.838031766914071,0.70229724235712
2004,10,"MD","rw_drift",79.0486426331962,79.29,-0.24135736680384,0.0582533785104832
2004,10,"MA","rw_drift",80.8002891111005,80.55,0.250289111100486,0.0626446391354713
2004,10,"MI","rw_drift",78.8755628880935,78,0.875562888093526,0.766610371006677
2004,10,"MN","rw_drift",81.7588502619467,80.88,0.87885026194671,0.7723777829238
2004,10,"MS","rw_drift",75.4642618680374,74.8,0.664261868037386,0.441243829328517
2004,10,"MO","rw_drift",77.9701802845725,77.44,0.530180284572452,0.281091134149327
2004,10,"MT","rw_drift",79.8625862200207,78.79,1.07258622002074,1.15044119937838
2004,10,"NE","rw_drift",80.3856538329698,79.4,0.98565383296976,0.971513478447979
2004,10,"NV","rw_drift",78.1962738885517,78.09,0.106273888551655,0.0112941393878896
2004,10,"NH","rw_drift",80.9779328590348,79.84,1.13793285903483,1.29489119167119
2004,10,"NJ","rw_drift",80.291980345429,80.32,-0.028019654570997,0.000785101042277992
2004,10,"NM","rw_drift",79.0789506153621,77.64,1.4389506153621,2.07057887345097
2004,10,"NY","rw_drift",80.6358762500667,80.73,-0.0941237499333027,0.00885928030150691
2004,10,"NC","rw_drift",78.2681701511991,77.94,0.328170151199132,0.107695648138061
2004,10,"ND","rw_drift",81.1677091522161,79.74,1.42770915221612,2.03835342332168
2004,10,"OH","rw_drift",78.3836376001085,77.53,0.853637600108542,0.72869715231907
2004,10,"OK","rw_drift",76.3542131607039,75.63,0.724213160703869,0.524484702136688
2004,10,"OR","rw_drift",80.0010227670314,79.45,0.55102276703137,0.303626089786907
2004,10,"PA","rw_drift",79.0138037120469,78.64,0.373803712046879,0.139729215140026
2004,10,"RI","rw_drift",80.3797864672588,79.95,0.429786467258793,0.184716407438794
2004,10,"SC","rw_drift",77.7092264174869,76.97,0.739226417486918,0.546455696310544
2004,10,"SD","rw_drift",79.9433047121887,79.12,0.823304712188715,0.677830649112143
2004,10,"TN","rw_drift",76.5180446952109,76.14,0.378044695210889,0.142917791577094
2004,10,"TX","rw_drift",78.7627569336197,78.44,0.322756933619701,0.104172038199592
2004,10,"UT","rw_drift",80.4123961413539,79.62,0.79239614135389,0.627891644832535
2004,10,"VT","rw_drift",81.3153985146171,80,1.31539851461709,1.73027325225684
2004,10,"VA","rw_drift",79.6650664703109,79.3,0.365066470310936,0.133273527745285
2004,10,"WA","rw_drift",80.7273723995056,80.16,0.567372399505587,0.321911439720727
2004,10,"WV","rw_drift",76.3852887705533,75.19,1.19528877055328,1.42871524501076
2004,10,"WI","rw_drift",80.520586640102,79.54,0.980586640101976,0.961550158746481
2004,10,"WY","rw_drift",79.1071632397198,78.26,0.847163239719762,0.717685554732484
2004,1,"USA","unpooled",77.7352562771823,77.56,0.175256277182285,0.030714762691794
2004,1,"AL","unpooled",74.7703348088182,74.56,0.210334808818175,0.0442407318005781
2004,1,"AK","unpooled",77.4872351548925,77.67,-0.182764845107542,0.0334029886071838
2004,1,"AZ","unpooled",77.9854577832013,77.52,0.465457783201316,0.216650947942683
2004,1,"AR","unpooled",75.3585690940266,75.34,0.0185690940265744,0.00034481125296776
2004,1,"CA","unpooled",79.0608663469613,78.91,0.150866346961266,0.022760654645437
2004,1,"CO","unpooled",79.1308227790389,78.97,0.160822779038924,0.0258639662578024
2004,1,"CT","unpooled",79.5054547874499,79.51,-0.00454521255011286,2.06589571257035e-05
2004,1,"DE","unpooled",77.2534021565636,77.14,0.113402156563609,0.0128600491132773
2004,1,"FL","unpooled",77.715088604016,77.68,0.0350886040160248,0.00123121013179339
2004,1,"GA","unpooled",76.0618863669506,76.13,-0.0681136330493501,0.00463946700718152
2004,1,"HI","unpooled",80.286958554851,80.25,0.0369585548509548,0.00136593477667103
2004,1,"ID","unpooled",78.785882122593,78.69,0.0958821225930251,0.00919338143294389
2004,1,"IL","unpooled",77.733771530093,77.61,0.123771530093052,0.0153193916615752
2004,1,"IN","unpooled",76.9775153287625,76.73,0.247515328762546,0.0612638379724312
2004,1,"IA","unpooled",79.3172658389331,78.98,0.337265838933121,0.113748246111262
2004,1,"KS","unpooled",78.0575411022672,77.77,0.287541102267198,0.0826798854930354
2004,1,"KY","unpooled",75.6436970161933,75.43,0.213697016193279,0.0456664147299107
2004,1,"LA","unpooled",74.3147900094523,73.67,0.644790009452336,0.415754156289544
2004,1,"ME","unpooled",78.2876701664813,77.87,0.417670166481315,0.17444836796853
2004,1,"MD","unpooled",77.337621830042,77.43,-0.0923781699579678,0.00853372628478318
2004,1,"MA","unpooled",79.1063072616866,79.28,-0.173692738313449,0.0301691673428241
2004,1,"MI","unpooled",77.4700068274012,77.23,0.240006827401174,0.0576032771991771
2004,1,"MN","unpooled",80.1388487029439,80.09,0.0488487029439284,0.00238619577930416
2004,1,"MS","unpooled",74.2357032447289,73.7,0.535703244728865,0.286977966413034
2004,1,"MO","unpooled",76.7631768848562,76.63,0.133176884856212,0.0177360826600048
2004,1,"MT","unpooled",78.1569919065002,77.68,0.476991906500217,0.227521278866712
2004,1,"NE","unpooled",79.0218804504451,78.93,0.0918804504450748,0.00844201717398984
2004,1,"NV","unpooled",76.5334160544448,76.08,0.453416054444801,0.205586118428291
2004,1,"NH","unpooled",79.2875767832742,79.12,0.167576783274242,0.0280819782925424
2004,1,"NJ","unpooled",78.6284452956206,78.59,0.0384452956206189,0.00147804075535678
2004,1,"NM","unpooled",77.5379311062854,77.28,0.257931106285383,0.0665284555896017
2004,1,"NY","unpooled",78.854213557293,78.84,0.014213557292976,0.000202025210920712
2004,1,"NC","unpooled",76.7159588237496,76.61,0.10595882374956,0.0112272723303904
2004,1,"ND","unpooled",79.4775016212429,79.44,0.0375016212429387,0.00140637159584883
2004,1,"OH","unpooled",77.0470193352343,76.77,0.277019335234314,0.0767397120936614
2004,1,"OK","unpooled",75.4717275337494,75.05,0.421727533749362,0.177854112722319
2004,1,"OR","unpooled",78.5014109584181,78.38,0.12141095841811,0.0147406208240041
2004,1,"PA","unpooled",77.458122747019,77.24,0.218122747019009,0.0475775327671188
2004,1,"RI","unpooled",78.7309034764461,78.65,0.0809034764461245,0.00654537250106862
2004,1,"SC","unpooled",75.8579108796774,75.61,0.247910879677448,0.0614598042624462
2004,1,"SD","unpooled",78.4983156032214,78.3,0.198315603221431,0.0393290784810801
2004,1,"TN","unpooled",75.3796109219993,75.23,0.149610921999255,0.0223834279814671
2004,1,"TX","unpooled",77.3854998783979,77.36,0.025499878397909,0.000650243798308147
2004,1,"UT","unpooled",79.0063336680062,79.2,-0.193666331993754,0.0375066481479148
2004,1,"VT","unpooled",79.506706655482,79.36,0.146706655482049,0.0215228427627286
2004,1,"VA","unpooled",77.8952473749979,77.73,0.165247374997932,0.0273066949437072
2004,1,"WA","unpooled",79.1006716204572,78.97,0.130671620457235,0.0170750723929198
2004,1,"WV","unpooled",75.2562236473626,75.23,0.0262236473626416,0.00068767968100018
2004,1,"WI","unpooled",78.965068538357,78.71,0.255068538357037,0.0650599592595952
2004,1,"WY","unpooled",77.6215796360014,77.47,0.151579636001443,0.0229763860503301
2004,2,"USA","unpooled",77.9011128393862,77.83,0.07111283938616,0.00505703592556179
2004,2,"AL","unpooled",74.9090657485702,74.58,0.329065748570159,0.108284266882039
2004,2,"AK","unpooled",77.6746212853348,77.32,0.354621285334758,0.125756256012476
2004,2,"AZ","unpooled",78.1674861625561,77.71,0.457486162556094,0.209293588930301
2004,2,"AR","unpooled",75.4647096683021,75.44,0.0247096683021368,0.000610567707601626
2004,2,"CA","unpooled",79.2285455896144,79.14,0.0885455896143981,0.0078403214401614
2004,2,"CO","unpooled",79.306372627267,79.38,-0.0736273727329433,0.00542099001555576
2004,2,"CT","unpooled",79.6845111148049,79.68,0.00451111480487043,2.03501567827212e-05
2004,2,"DE","unpooled",77.4151764706995,77.67,-0.254823529300523,0.0649350310851747
2004,2,"FL","unpooled",77.8720061973522,77.89,-0.0179938026477515,0.00032377693372623
2004,2,"GA","unpooled",76.2353305222121,76.28,-0.0446694777878633,0.00199536224584042
2004,2,"HI","unpooled",80.4734895058414,80.13,0.343489505841433,0.117985040623192
2004,2,"ID","unpooled",78.9500497280942,78.86,0.090049728094229,0.00810895352984457
2004,2,"IL","unpooled",77.9074697249042,77.92,-0.0125302750958127,0.000157007793976745
2004,2,"IN","unpooled",77.1155476841216,76.84,0.275547684121619,0.0759265262247877
2004,2,"IA","unpooled",79.4765694372162,79.29,0.186569437216207,0.0348081549031721
2004,2,"KS","unpooled",78.1879161774156,77.9,0.287916177415596,0.082895725217609
2004,2,"KY","unpooled",75.7682429483493,75.57,0.198242948349346,0.0393002665702415
2004,2,"LA","unpooled",74.4453171799421,74.67,-0.224682820057936,0.0504823696291868
2004,2,"ME","unpooled",78.4654929058036,78.43,0.0354929058035509,0.00125974636237974
2004,2,"MD","unpooled",77.5199117816714,77.61,-0.0900882183286313,0.00811588708162715
2004,2,"MA","unpooled",79.283250151417,79.55,-0.266749848583018,0.071155481719063
2004,2,"MI","unpooled",77.6261772397259,77.52,0.106177239725909,0.0112736062358132
2004,2,"MN","unpooled",80.3160577691448,80.31,0.00605776914478895,3.6696567011557e-05
2004,2,"MS","unpooled",74.3719948709946,73.95,0.421994870994567,0.178079671145721
2004,2,"MO","unpooled",76.8972869108192,76.72,0.177286910819191,0.0314306487478119
2004,2,"MT","unpooled",78.3465023170989,78.04,0.306502317098904,0.0939436703869969
2004,2,"NE","unpooled",79.1734101106032,79.12,0.0534101106032239,0.00285263991464861
2004,2,"NV","unpooled",76.7175316029295,76.57,0.14753160292949,0.0217655738629448
2004,2,"NH","unpooled",79.4753967904644,79.52,-0.0446032095355804,0.00198944630087489
2004,2,"NJ","unpooled",78.8133062677246,78.8,0.0133062677246443,0.00017705676075991
2004,2,"NM","unpooled",77.706610527256,77.35,0.356610527256024,0.127171068149819
2004,2,"NY","unpooled",79.0521754642876,79.21,-0.157824535712379,0.024908584072828
2004,2,"NC","unpooled",76.8884260274906,76.86,0.0284260274905819,0.000808039038895316
2004,2,"ND","unpooled",79.6440444756876,79.29,0.354044475687616,0.125347490764919
2004,2,"OH","unpooled",77.1939773994956,77.13,0.0639773994956414,0.0040931076462249
2004,2,"OK","unpooled",75.5641050537726,75.37,0.194105053772574,0.037676771900054
2004,2,"OR","unpooled",78.6680362024516,78.52,0.148036202451564,0.0219147172362805
2004,2,"PA","unpooled",77.6297850127142,77.58,0.0497850127141533,0.0024785474909484
2004,2,"RI","unpooled",78.9064547729246,78.98,-0.0735452270754422,0.00540890042557836
2004,2,"SC","unpooled",76.0597812348199,75.95,0.109781234819934,0.0120519195185895
2004,2,"SD","unpooled",78.6580674057771,78.65,0.00806740577705511,6.50830359716622e-05
2004,2,"TN","unpooled",75.5040704661174,75.52,-0.0159295338826269,0.000253750049717757
2004,2,"TX","unpooled",77.5337019082591,77.63,-0.0962980917409055,0.00927332247293986
2004,2,"UT","unpooled",79.163489605373,79.22,-0.0565103946269545,0.00319342470089413
2004,2,"VT","unpooled",79.7013188056918,79.43,0.27131880569182,0.0736138943220355
2004,2,"VA","unpooled",78.088763062716,78.08,0.00876306271597116,7.67912681640438e-05
2004,2,"WA","unpooled",79.2772814239494,79.33,-0.052718576050566,0.00277924826079931
2004,2,"WV","unpooled",75.3816743719968,75.23,0.151674371996805,0.0230051151206251
2004,2,"WI","unpooled",79.1307088520748,79.09,0.0407088520748289,0.0016572106372503
2004,2,"WY","unpooled",77.7835276976412,77.1,0.683527697641225,0.467210113442713
2004,3,"USA","unpooled",78.06696940159,78.08,-0.0130305984099692,0.000169796494921893
2004,3,"AL","unpooled",75.0477966883221,74.89,0.157796688322136,0.0248997948454335
2004,3,"AK","unpooled",77.862007415777,77.39,0.472007415777043,0.222791000548522
2004,3,"AZ","unpooled",78.3495145419109,78.29,0.0595145419108576,0.00354198069885922
2004,3,"AR","unpooled",75.5708502425777,75.64,-0.0691497574223092,0.00478168895156421
2004,3,"CA","unpooled",79.3962248322675,79.52,-0.123775167732461,0.0153202921471989
2004,3,"CO","unpooled",79.4819224754952,79.58,-0.0980775245048164,0.00961920081299287
2004,3,"CT","unpooled",79.8635674421599,80.04,-0.176432557840144,0.0311284474660158
2004,3,"DE","unpooled",77.5769507848353,77.98,-0.403049215164657,0.162448669844846
2004,3,"FL","unpooled",78.0289237906885,78.25,-0.221076209311533,0.048874690323557
2004,3,"GA","unpooled",76.4087746774736,76.51,-0.101225322526375,0.0102465659205686
2004,3,"HI","unpooled",80.6600204568319,80.46,0.200020456831908,0.0400081831512451
2004,3,"ID","unpooled",79.1142173335954,79.03,0.0842173335954328,0.00709255927792442
2004,3,"IL","unpooled",78.0811679197153,78.26,-0.178832080284678,0.0319809129389456
2004,3,"IN","unpooled",77.2535800394807,77.41,-0.156419960519301,0.0244672040488597
2004,3,"IA","unpooled",79.6358730354993,79.38,0.255873035499306,0.0654710102956291
2004,3,"KS","unpooled",78.318291252564,78.16,0.158291252564013,0.025056120638284
2004,3,"KY","unpooled",75.8927888805054,75.86,0.0327888805053931,0.00107511068479695
2004,3,"LA","unpooled",74.5758443504318,74.87,-0.294155649568211,0.086527546172896
2004,3,"ME","unpooled",78.6433156451258,78.59,0.0533156451257923,0.00284255801517942
2004,3,"MD","unpooled",77.7022017333007,77.8,-0.0977982666993,0.00956450096938742
2004,3,"MA","unpooled",79.4601930411474,79.73,-0.269806958852598,0.0727957950452876
2004,3,"MI","unpooled",77.7823476520506,77.61,0.172347652050632,0.0297037131673659
2004,3,"MN","unpooled",80.4932668353457,80.56,-0.0667331646543516,0.00445331526478481
2004,3,"MS","unpooled",74.5082864972603,74.36,0.148286497260273,0.0219888852697208
2004,3,"MO","unpooled",77.0313969367822,77.11,-0.0786030632178267,0.00617844154722567
2004,3,"MT","unpooled",78.5360127276976,78.17,0.366012727697594,0.133965316836633
2004,3,"NE","unpooled",79.3249397707614,78.98,0.344939770761371,0.118983445452907
2004,3,"NV","unpooled",76.9016471514142,77.04,-0.138352848585839,0.0191415107118161
2004,3,"NH","unpooled",79.6632167976546,79.51,0.153216797654579,0.0234753870835243
2004,3,"NJ","unpooled",78.9981672398287,79.26,-0.261832760171345,0.0685563942989449
2004,3,"NM","unpooled",77.8752899482267,77.42,0.45528994822665,0.207288936956225
2004,3,"NY","unpooled",79.2501373712822,79.46,-0.209862628717744,0.0440423229323216
2004,3,"NC","unpooled",77.0608932312316,77.02,0.0408932312316068,0.00167225636056166
2004,3,"ND","unpooled",79.8105873301323,79.81,0.000587330132304942,3.4495668431334e-07
2004,3,"OH","unpooled",77.340935463757,77.29,0.0509354637569572,0.0025944214681363
2004,3,"OK","unpooled",75.6564825737958,75.28,0.376482573795798,0.141739128371908
2004,3,"OR","unpooled",78.834661446485,78.75,0.0846614464850148,0.00716756052093503
2004,3,"PA","unpooled",77.8014472784093,77.89,-0.0885527215907018,0.00784158450112035
2004,3,"RI","unpooled",79.082006069403,79.09,-0.00799393059701003,6.39029263898132e-05
2004,3,"SC","unpooled",76.2616515899624,76.13,0.131651589962431,0.017332141139636
2004,3,"SD","unpooled",78.8178192083327,79.28,-0.462180791667308,0.213611084186219
2004,3,"TN","unpooled",75.6285300102355,75.86,-0.23146998976452,0.0535783561615869
2004,3,"TX","unpooled",77.6819039381203,77.7,-0.0180960618797315,0.00032746745555507
2004,3,"UT","unpooled",79.3206455427398,79.22,0.100645542739841,0.0101295252733971
2004,3,"VT","unpooled",79.8959309559016,79.57,0.325930955901612,0.106230988014938
2004,3,"VA","unpooled",78.282278750434,78.19,0.092278750434005,0.00851536778166138
2004,3,"WA","unpooled",79.4538912274416,79.34,0.113891227441627,0.0129712116881604
2004,3,"WV","unpooled",75.507125096631,75.06,0.44712509663097,0.199920852037254
2004,3,"WI","unpooled",79.2963491657926,79.12,0.17634916579263,0.0310990282757563
2004,3,"WY","unpooled",77.945475759281,77.34,0.605475759280992,0.366600895076894
2004,4,"USA","unpooled",78.2328259637939,78.16,0.0728259637939033,0.00530362100251091
2004,4,"AL","unpooled",75.1865276280741,74.95,0.236527628074114,0.0559453188423665
2004,4,"AK","unpooled",78.0493935462193,77.74,0.30939354621934,0.0957243664421789
2004,4,"AZ","unpooled",78.5315429212656,78.69,-0.158457078734358,0.0251086458010265
2004,4,"AR","unpooled",75.6769908168532,75.32,0.356990816853255,0.127442443317554
2004,4,"CA","unpooled",79.5639040749207,79.82,-0.256095925079322,0.0655851228422336
2004,4,"CO","unpooled",79.6574723237233,79.41,0.247472323723315,0.0612425510090172
2004,4,"CT","unpooled",80.0426237695148,80.25,-0.207376230485153,0.0430049009702312
2004,4,"DE","unpooled",77.7387250989712,77.62,0.118725098971211,0.0140956491257239
2004,4,"FL","unpooled",78.1858413840247,78.39,-0.204158615975317,0.0416807404769568
2004,4,"GA","unpooled",76.5822188327351,76.75,-0.167781167264877,0.0281505200887647
2004,4,"HI","unpooled",80.8465514078224,80.9,-0.0534485921776309,0.0028567520057707
2004,4,"ID","unpooled",79.2783849390966,79.27,0.00838493909664351,7.03072036544208e-05
2004,4,"IL","unpooled",78.2548661145265,78.13,0.124866114526469,0.0155915465569373
2004,4,"IN","unpooled",77.3916123948398,77.14,0.251612394839768,0.0633087972370032
2004,4,"IA","unpooled",79.7951766337824,79,0.79517663378239,0.632305878913493
2004,4,"KS","unpooled",78.4486663277124,78.07,0.378666327712423,0.143388187743212
2004,4,"KY","unpooled",76.0173348126614,75.81,0.207334812661443,0.0429877245413558
2004,4,"LA","unpooled",74.7063715209215,74.96,-0.253628479078472,0.0643274053996589
2004,4,"ME","unpooled",78.821138384448,78.87,-0.0488616155519708,0.00238745747434859
2004,4,"MD","unpooled",77.88449168493,78.11,-0.225508315069973,0.0508540001656983
2004,4,"MA","unpooled",79.6371359308778,79.96,-0.322864069122161,0.10424120713012
2004,4,"MI","unpooled",77.9385180643754,77.65,0.288518064375353,0.0832426734709003
2004,4,"MN","unpooled",80.6704759015465,80.38,0.290475901546515,0.0843762493792604
2004,4,"MS","unpooled",74.644578123526,74.37,0.27457812352597,0.0753931459190428
2004,4,"MO","unpooled",77.1655069627452,76.83,0.335506962745157,0.11256492205048
2004,4,"MT","unpooled",78.7255231382963,77.95,0.775523138296279,0.60143613803291
2004,4,"NE","unpooled",79.4764694309195,79.04,0.436469430919516,0.190505564127206
2004,4,"NV","unpooled",77.0857626998989,77.25,-0.164237300101149,0.026973890744515
2004,4,"NH","unpooled",79.8510368048448,79.91,-0.0589631951552434,0.00347665838291532
2004,4,"NJ","unpooled",79.1830282119327,79.41,-0.226971788067317,0.0515161925784751
2004,4,"NM","unpooled",78.0439693691973,77.31,0.733969369197283,0.538711034919857
2004,4,"NY","unpooled",79.4480992782769,79.59,-0.141900721723118,0.0201358148255419
2004,4,"NC","unpooled",77.2333604349726,77.26,-0.0266395650273807,0.000709666424848047
2004,4,"ND","unpooled",79.977130184577,79.51,0.467130184576988,0.21821060934293
2004,4,"OH","unpooled",77.4878935280183,77.19,0.297893528018292,0.0887405540351851
2004,4,"OK","unpooled",75.748860093819,75.11,0.638860093819019,0.408142219474446
2004,4,"OR","unpooled",79.0012866905185,78.9,0.101286690518464,0.010258993676183
2004,4,"PA","unpooled",77.9731095441044,77.9,0.0731095441044403,0.0053450054391591
2004,4,"RI","unpooled",79.2575573658814,79.17,0.0875573658814233,0.00766629232009342
2004,4,"SC","unpooled",76.4635219451049,76.48,-0.0164780548950887,0.000271526293125556
2004,4,"SD","unpooled",78.9775710108883,78.97,0.00757101088832712,5.73202058711679e-05
2004,4,"TN","unpooled",75.7529895543536,75.87,-0.117010445646414,0.0136914443903725
2004,4,"TX","unpooled",77.8301059679815,77.74,0.090105967981458,0.00811908546587553
2004,4,"UT","unpooled",79.4778014801066,79.74,-0.26219851989336,0.0687480638342687
2004,4,"VT","unpooled",80.0905431061114,79.75,0.340543106111383,0.115969607119989
2004,4,"VA","unpooled",78.475794438152,78.39,0.0857944381520355,0.00736068561782344
2004,4,"WA","unpooled",79.6305010309338,79.31,0.320501030933826,0.102720910829645
2004,4,"WV","unpooled",75.6325758212651,75.18,0.452575821265128,0.204824873993805
2004,4,"WI","unpooled",79.4619894795104,79.28,0.181989479510435,0.0331201706524789
2004,4,"WY","unpooled",78.1074238209208,77.81,0.29742382092077,0.0884609292511101
2004,5,"USA","unpooled",78.3986825259978,78.49,-0.0913174740022242,0.0083388810581469
2004,5,"AL","unpooled",75.3252585678261,75.25,0.0752585678260971,0.00566385203123525
2004,5,"AK","unpooled",78.2367796766616,77.73,0.506779676661623,0.256825640677259
2004,5,"AZ","unpooled",78.7135713006204,78.96,-0.246428699379578,0.0607271038779105
2004,5,"AR","unpooled",75.7831313911288,75.71,0.0731313911288112,0.00534820036843516
2004,5,"CA","unpooled",79.7315833175738,80.15,-0.418416682426198,0.175072520132546
2004,5,"CO","unpooled",79.8330221719514,79.7,0.133022171951438,0.017694898230678
2004,5,"CT","unpooled",80.2216800968698,80.47,-0.248319903130167,0.0616627742905753
2004,5,"DE","unpooled",77.9004994131071,78.13,-0.229500586892911,0.0526705193841906
2004,5,"FL","unpooled",78.3427589773609,78.71,-0.367241022639092,0.134865968709006
2004,5,"GA","unpooled",76.7556629879966,77.07,-0.314337012003378,0.0988077571152118
2004,5,"HI","unpooled",81.0330823588128,80.57,0.463082358812855,0.214445271043678
2004,5,"ID","unpooled",79.4425525445978,79.35,0.0925525445978508,0.00856597351153716
2004,5,"IL","unpooled",78.4285643093376,78.61,-0.181435690662397,0.032918909846141
2004,5,"IN","unpooled",77.5296447501988,77.4,0.129644750198835,0.0168077612541184
2004,5,"IA","unpooled",79.9544802320655,79.5,0.454480232065478,0.206552281338291
2004,5,"KS","unpooled",78.5790414028608,78.49,0.0890414028608291,0.00792837142342446
2004,5,"KY","unpooled",76.1418807448175,75.77,0.371880744817503,0.138295288366021
2004,5,"LA","unpooled",74.8368986914112,75.44,-0.603101308588748,0.36373118842146
2004,5,"ME","unpooled",78.9989611237703,79.04,-0.0410388762297345,0.00168418936219946
2004,5,"MD","unpooled",78.0667816365594,78.41,-0.343218363440641,0.117798845002872
2004,5,"MA","unpooled",79.8140788206083,80.2,-0.385921179391744,0.148935156703115
2004,5,"MI","unpooled",78.0946884767001,77.97,0.124688476700086,0.015547216221788
2004,5,"MN","unpooled",80.8476849677474,80.79,0.0576849677473632,0.00332755550401433
2004,5,"MS","unpooled",74.7808697497917,74.81,-0.0291302502083255,0.000848571477199647
2004,5,"MO","unpooled",77.2996169887081,77.28,0.0196169887081368,0.000384826245975166
2004,5,"MT","unpooled",78.915033548895,78.26,0.655033548894963,0.42906895017793
2004,5,"NE","unpooled",79.6279990910777,79.58,0.0479990910776706,0.00230391274428252
2004,5,"NV","unpooled",77.2698782483835,77.64,-0.370121751616466,0.136990111019641
2004,5,"NH","unpooled",80.0388568120349,80.19,-0.151143187965076,0.0228442632682462
2004,5,"NJ","unpooled",79.3678891840367,79.86,-0.492110815963301,0.242173055188066
2004,5,"NM","unpooled",78.2126487901679,77.87,0.342648790167914,0.117408193403535
2004,5,"NY","unpooled",79.6460611852715,79.89,-0.24393881472848,0.0595061453311358
2004,5,"NC","unpooled",77.4058276387136,77.57,-0.164172361286347,0.0269525642103349
2004,5,"ND","unpooled",80.1436730390217,79.36,0.783673039021679,0.614143432089473
2004,5,"OH","unpooled",77.6348515922796,77.51,0.124851592279612,0.0155879200947544
2004,5,"OK","unpooled",75.8412376138422,75.6,0.241237613842245,0.0581955863322999
2004,5,"OR","unpooled",79.1679119345519,79.23,-0.06208806544808,0.00385492787108506
2004,5,"PA","unpooled",78.1447718097996,78.22,-0.0752281902004057,0.00565928060082842
2004,5,"RI","unpooled",79.4331086623599,79.57,-0.136891337640137,0.0187392383209059
2004,5,"SC","unpooled",76.6653923002474,76.77,-0.104607699752592,0.0109427708475283
2004,5,"SD","unpooled",79.137322813444,79.21,-0.0726771865560352,0.00528197344570074
2004,5,"TN","unpooled",75.8774490984717,76.11,-0.232550901528299,0.0540799218016246
2004,5,"TX","unpooled",77.9783079978426,78.12,-0.14169200215737,0.0200766234753642
2004,5,"UT","unpooled",79.6349574174734,79.9,-0.265042582526576,0.0702475705523567
2004,5,"VT","unpooled",80.2851552563212,80.29,-0.00484474367884502,2.34715413137088e-05
2004,5,"VA","unpooled",78.6693101258701,78.73,-0.0606898741299347,0.00368326082190731
2004,5,"WA","unpooled",79.807110834426,79.62,0.187110834426022,0.0350104643596023
2004,5,"WV","unpooled",75.7580265458993,75.19,0.568026545899301,0.32265415684629
2004,5,"WI","unpooled",79.6276297932282,79.76,-0.132370206771768,0.0175218716408005
2004,5,"WY","unpooled",78.2693718825605,78.06,0.209371882560546,0.0438365852069472
2004,6,"USA","unpooled",78.5645390882016,78.67,-0.10546091179836,0.0111220039173415
2004,6,"AL","unpooled",75.4639895075781,75.3,0.16398950757808,0.0268925585957011
2004,6,"AK","unpooled",78.4241658071039,77.86,0.564165807103919,0.318283057905216
2004,6,"AZ","unpooled",78.8955996799752,79.13,-0.234400320024804,0.0549435100277305
2004,6,"AR","unpooled",75.8892719654044,75.95,-0.0607280345956411,0.00368789418584939
2004,6,"CA","unpooled",79.899262560227,80.48,-0.58073743977306,0.337255973954168
2004,6,"CO","unpooled",80.0085720201796,80.03,-0.0214279798204302,0.000459158319184764
2004,6,"CT","unpooled",80.4007364242248,80.66,-0.259263575775179,0.0672176017237322
2004,6,"DE","unpooled",78.062273727243,78.18,-0.117726272757054,0.0138594752972682
2004,6,"FL","unpooled",78.4996765706971,78.87,-0.370323429302886,0.137139442290649
2004,6,"GA","unpooled",76.9291071432581,77.21,-0.280892856741886,0.0789007969686177
2004,6,"HI","unpooled",81.2196133098033,81.22,-0.000386690196677364,1.49529308206378e-07
2004,6,"ID","unpooled",79.606720150099,79.38,0.226720150099055,0.0514020264609381
2004,6,"IL","unpooled",78.6022625041487,78.88,-0.277737495851255,0.077138116601726
2004,6,"IN","unpooled",77.6676771055579,77.5,0.167677105557914,0.0281156117282798
2004,6,"IA","unpooled",80.1137838303486,79.55,0.563783830348569,0.317852207362504
2004,6,"KS","unpooled",78.7094164780092,78.52,0.189416478009235,0.0358786021414231
2004,6,"KY","unpooled",76.2664266769736,75.8,0.466426676973555,0.217553844992593
2004,6,"LA","unpooled",74.967425861901,75.69,-0.72257413809902,0.522113385049542
2004,6,"ME","unpooled",79.1767838630925,79.05,0.126783863092513,0.016074147940661
2004,6,"MD","unpooled",78.2490715881887,78.9,-0.650928411811321,0.423707797303209
2004,6,"MA","unpooled",79.9910217103387,80.48,-0.488978289661318,0.239099767760108
2004,6,"MI","unpooled",78.2508588890248,77.99,0.260858889024817,0.0680473599832619
2004,6,"MN","unpooled",81.0248940339482,80.77,0.254894033948233,0.0649709685424029
2004,6,"MS","unpooled",74.9171613760574,74.78,0.137161376057378,0.0188132430819535
2004,6,"MO","unpooled",77.4337270146711,77.37,0.063727014671116,0.00406113239889263
2004,6,"MT","unpooled",79.1045439594937,78.52,0.584543959493658,0.341691640580523
2004,6,"NE","unpooled",79.7795287512358,79.59,0.189528751235812,0.0359211475450065
2004,6,"NV","unpooled",77.4539937968682,77.77,-0.316006203131778,0.0998599204177624
2004,6,"NH","unpooled",80.2266768192251,80.27,-0.0433231807749053,0.00187689799245512
2004,6,"NJ","unpooled",79.5527501561407,79.93,-0.377249843859289,0.142317444691858
2004,6,"NM","unpooled",78.3813282111386,78.06,0.32132821113855,0.1032518192735
2004,6,"NY","unpooled",79.8440230922662,80.16,-0.315976907733841,0.0998414062210403
2004,6,"NC","unpooled",77.5782948424547,77.76,-0.181705157545338,0.033016764278576
2004,6,"ND","unpooled",80.3102158934664,79.62,0.690215893466359,0.476397979593564
2004,6,"OH","unpooled",77.7818096565409,77.61,0.171809656540944,0.0295185580807171
2004,6,"OK","unpooled",75.9336151338655,75.65,0.283615133865453,0.0804375441575189
2004,6,"OR","unpooled",79.3345371785854,79.45,-0.115462821414624,0.0133316631290254
2004,6,"PA","unpooled",78.3164340754947,78.4,-0.0835659245052653,0.00698326373841971
2004,6,"RI","unpooled",79.6086599588383,79.47,0.138659958838289,0.0192265841850361
2004,6,"SC","unpooled",76.8672626553899,76.71,0.1572626553899,0.0247315427802824
2004,6,"SD","unpooled",79.2970746159996,79.23,0.0670746159995872,0.00449900411149208
2004,6,"TN","unpooled",76.0019086425898,76.14,-0.13809135741019,0.0190692229913887
2004,6,"TX","unpooled",78.1265100277038,78.29,-0.16348997229619,0.0267289710414091
2004,6,"UT","unpooled",79.7921133548402,79.78,0.0121133548402241,0.000146733365485181
2004,6,"VT","unpooled",80.4797674065309,80.04,0.439767406530933,0.193395371846943
2004,6,"VA","unpooled",78.8628258135881,79,-0.137174186411897,0.018816757417766
2004,6,"WA","unpooled",79.9837206379182,80.01,-0.0262793620817803,0.000690604871425311
2004,6,"WV","unpooled",75.8834772705335,75.44,0.443477270533464,0.196672089479811
2004,6,"WI","unpooled",79.793270106946,79.59,0.203270106946036,0.0413187363778529
2004,6,"WY","unpooled",78.4313199442003,77.97,0.461319944200326,0.212816090916992
2004,7,"USA","unpooled",78.7303956504055,78.72,0.0103956504055134,0.00010806954735365
2004,7,"AL","unpooled",75.6027204473301,75.33,0.272720447330059,0.0743764423919074
2004,7,"AK","unpooled",78.6115519375462,77.93,0.681551937546203,0.464513043572984
2004,7,"AZ","unpooled",79.07762805933,79.16,-0.0823719406700292,0.00678513660974681
2004,7,"AR","unpooled",75.9954125396799,75.84,0.155412539679915,0.0241530574897612
2004,7,"CA","unpooled",80.0669418028801,80.51,-0.443058197119925,0.196300566035158
2004,7,"CO","unpooled",80.1841218684077,80.05,0.134121868407703,0.0179886755851733
2004,7,"CT","unpooled",80.5797927515798,80.64,-0.0602072484201983,0.00362491276233147
2004,7,"DE","unpooled",78.2240480413788,78.21,0.0140480413788282,0.000197347466581269
2004,7,"FL","unpooled",78.6565941640333,79.16,-0.50340583596666,0.253417435685292
2004,7,"GA","unpooled",77.1025512985196,77.53,-0.427448701480401,0.182712392397281
2004,7,"HI","unpooled",81.4061442607938,81.21,0.196144260793801,0.0384725710423467
2004,7,"ID","unpooled",79.7708877556003,79.24,0.530887755600261,0.281841809046283
2004,7,"IL","unpooled",78.7759606989599,78.92,-0.144039301040124,0.0207473202441274
2004,7,"IN","unpooled",77.805709460917,77.4,0.405709460916981,0.164600166677547
2004,7,"IA","unpooled",80.2730874286317,79.51,0.76308742863165,0.582302423735663
2004,7,"KS","unpooled",78.8397915531576,78.5,0.339791553157639,0.11545829959728
2004,7,"KY","unpooled",76.3909726091296,75.87,0.5209726091296,0.271412459463304
2004,7,"LA","unpooled",75.0979530323907,75.94,-0.842046967609292,0.709043095660004
2004,7,"ME","unpooled",79.3546066024147,79.02,0.334606602414752,0.111961578379544
2004,7,"MD","unpooled",78.431361539818,79.09,-0.65863846018199,0.433804621230903
2004,7,"MA","unpooled",80.1679646000691,80.49,-0.322035399930883,0.103706798808644
2004,7,"MI","unpooled",78.4070293013495,78.03,0.377029301349538,0.14215109407612
2004,7,"MN","unpooled",81.2021031001491,80.76,0.442103100149083,0.19545515116143
2004,7,"MS","unpooled",75.0534530023231,74.76,0.293453002323076,0.0861146645724275
2004,7,"MO","unpooled",77.5678370406341,77.41,0.157837040634107,0.0249125313961326
2004,7,"MT","unpooled",79.2940543700923,78.35,0.944054370092346,0.891238653690455
2004,7,"NE","unpooled",79.931058411394,79.51,0.421058411393957,0.177290185805603
2004,7,"NV","unpooled",77.6381093453529,77.69,-0.0518906546470959,0.00269264003970417
2004,7,"NH","unpooled",80.4144968264153,80.03,0.384496826415258,0.147837809523405
2004,7,"NJ","unpooled",79.7376111282447,79.86,-0.122388871755263,0.0149790359295261
2004,7,"NM","unpooled",78.5500076321092,77.89,0.660007632109185,0.435610074442373
2004,7,"NY","unpooled",80.0419849992608,80.2,-0.158015000739212,0.0249687404586132
2004,7,"NC","unpooled",77.7507620461957,77.86,-0.10923795380431,0.0119329305513527
2004,7,"ND","unpooled",80.476758747911,79.64,0.836758747911048,0.700165202205665
2004,7,"OH","unpooled",77.9287677208023,77.47,0.458767720802271,0.210467821650111
2004,7,"OK","unpooled",76.0259926538887,75.62,0.405992653888674,0.164830035011569
2004,7,"OR","unpooled",79.5011624226188,79.33,0.171162422618835,0.0292965749167486
2004,7,"PA","unpooled",78.4880963411899,78.28,0.208096341189886,0.0433040872166176
2004,7,"RI","unpooled",79.7842112553167,79.8,-0.0157887446832774,0.00024928445867372
2004,7,"SC","unpooled",77.0691330105324,76.94,0.129133010532385,0.0166753344091571
2004,7,"SD","unpooled",79.4568264185552,79.21,0.24682641855523,0.0609232808968016
2004,7,"TN","unpooled",76.1263681867079,76.26,-0.133631813292084,0.0178574615237303
2004,7,"TX","unpooled",78.274712057565,78.49,-0.215287942434998,0.0463488981578948
2004,7,"UT","unpooled",79.949269292207,79.76,0.189269292207015,0.0358228649725446
2004,7,"VT","unpooled",80.6743795567407,79.78,0.894379556740716,0.79991479151572
2004,7,"VA","unpooled",79.0563415013061,78.96,0.0963415013061422,0.00928168487392139
2004,7,"WA","unpooled",80.1603304414104,80,0.160330441410423,0.0257058504428611
2004,7,"WV","unpooled",76.0089279951676,75.1,0.90892799516763,0.826150100399448
2004,7,"WI","unpooled",79.9589104206638,79.46,0.498910420663847,0.248911607846977
2004,7,"WY","unpooled",78.5932680058401,78.26,0.333268005840097,0.111067563716635
2004,8,"USA","unpooled",78.8962522126094,78.84,0.0562522126093796,0.00316431142345085
2004,8,"AL","unpooled",75.741451387082,75.35,0.391451387082043,0.153234188448455
2004,8,"AK","unpooled",78.7989380679885,78.12,0.678938067988497,0.460956900163953
2004,8,"AZ","unpooled",79.2596564386847,79.17,0.0896564386847416,0.00803827699763083
2004,8,"AR","unpooled",76.1015531139555,75.75,0.351553113955475,0.123589591931791
2004,8,"CA","unpooled",80.2346210455332,80.69,-0.455378954466781,0.207369992171258
2004,8,"CO","unpooled",80.3596717166358,80.25,0.10967171663583,0.0120278854298499
2004,8,"CT","unpooled",80.7588490789348,80.81,-0.051150921065215,0.00261641672581986
2004,8,"DE","unpooled",78.3858223555147,78.53,-0.14417764448531,0.0207871931693326
2004,8,"FL","unpooled",78.8135117573696,79.36,-0.546488242630446,0.298649399333313
2004,8,"GA","unpooled",77.2759954537811,77.69,-0.414004546218905,0.171399764289921
2004,8,"HI","unpooled",81.5926752117843,81.33,0.26267521178427,0.068998266885911
2004,8,"ID","unpooled",79.9350553611015,79.49,0.445055361101467,0.198074274445157
2004,8,"IL","unpooled",78.949658893771,79.04,-0.0903411062289905,0.00816151547467775
2004,8,"IN","unpooled",77.9437418162761,77.42,0.523741816276058,0.274305490116144
2004,8,"IA","unpooled",80.4323910269147,79.58,0.852391026914745,0.726570462764774
2004,8,"KS","unpooled",78.970166628306,78.52,0.45016662830605,0.202649993240438
2004,8,"KY","unpooled",76.5155185412857,75.71,0.805518541285664,0.648860120354985
2004,8,"LA","unpooled",75.2284802028804,75.73,-0.50151979711957,0.251522106902855
2004,8,"ME","unpooled",79.532429341737,79.16,0.372429341736989,0.138703614586647
2004,8,"MD","unpooled",78.6136514914473,79.22,-0.606348508552657,0.367658513824031
2004,8,"MA","unpooled",80.3449074897995,80.79,-0.445092510200467,0.198107342636553
2004,8,"MI","unpooled",78.5631997136743,78.14,0.423199713674265,0.17909799765398
2004,8,"MN","unpooled",81.37931216635,80.9,0.479312166349942,0.229740152811074
2004,8,"MS","unpooled",75.1897446285888,75,0.189744628588784,0.0360030240782955
2004,8,"MO","unpooled",77.7019470665971,77.54,0.161947066597079,0.0262268523793989
2004,8,"MT","unpooled",79.483564780691,78.8,0.683564780691029,0.467260809401174
2004,8,"NE","unpooled",80.0825880715521,79.52,0.562588071552113,0.316505338252726
2004,8,"NV","unpooled",77.8222248938376,78.02,-0.19777510616241,0.0391149926175527
2004,8,"NH","unpooled",80.6023168336054,80.32,0.282316833605435,0.079702794536999
2004,8,"NJ","unpooled",79.9224721003488,80.15,-0.22752789965125,0.0517689451197092
2004,8,"NM","unpooled",78.7186870530798,77.85,0.868687053079825,0.75461719618851
2004,8,"NY","unpooled",80.2399469062554,80.42,-0.180053093744576,0.032419116566993
2004,8,"NC","unpooled",77.9232292499367,77.9,0.0232292499367048,0.000539598052621901
2004,8,"ND","unpooled",80.6433016023557,79.54,1.10330160235573,1.21727442576072
2004,8,"OH","unpooled",78.0757257850636,77.52,0.555725785063601,0.308831148184555
2004,8,"OK","unpooled",76.1183701739119,75.82,0.298370173911906,0.0890247606802208
2004,8,"OR","unpooled",79.6677876666523,79.54,0.127787666652281,0.0163296877484346
2004,8,"PA","unpooled",78.659758606885,78.47,0.189758606885036,0.0360083288869496
2004,8,"RI","unpooled",79.9597625517952,80.12,-0.160237448204853,0.025676039807203
2004,8,"SC","unpooled",77.2710033656749,76.99,0.281003365674877,0.0789628915206087
2004,8,"SD","unpooled",79.6165782211109,79,0.616578221110856,0.380168702748228
2004,8,"TN","unpooled",76.250827730826,76.23,0.0208277308260278,0.000433794371361471
2004,8,"TX","unpooled",78.4229140874262,78.49,-0.0670859125738161,0.0045005196658617
2004,8,"UT","unpooled",80.1064252295738,79.79,0.31642522957381,0.100124925910838
2004,8,"VT","unpooled",80.8689917069505,80.16,0.708991706950499,0.502669240524583
2004,8,"VA","unpooled",79.2498571890242,79.16,0.0898571890241726,0.00807431441932589
2004,8,"WA","unpooled",80.3369402449026,80.07,0.266940244902628,0.071257094348675
2004,8,"WV","unpooled",76.1343787198018,75.18,0.954378719801781,0.910838740810486
2004,8,"WI","unpooled",80.1245507343816,79.66,0.464550734381646,0.215807384814527
2004,8,"WY","unpooled",78.7552160674799,78.37,0.385216067479874,0.148391418644659
2004,9,"USA","unpooled",79.0621087748133,78.83,0.232108774813256,0.0538744833453106
2004,9,"AL","unpooled",75.880182326834,75.29,0.590182326834011,0.348315178907207
2004,9,"AK","unpooled",78.9863241984308,78.2,0.78632419843079,0.618305745037825
2004,9,"AZ","unpooled",79.4416848180395,79.28,0.161684818039518,0.0261419803844721
2004,9,"AR","unpooled",76.207693688231,75.78,0.427693688231031,0.182921890952662
2004,9,"CA","unpooled",80.4023002881864,80.69,-0.287699711813644,0.082771124177654
2004,9,"CO","unpooled",80.535221564864,80.32,0.215221564863967,0.0463203219824947
2004,9,"CT","unpooled",80.9379054062898,80.86,0.0779054062897728,0.00606925232917458
2004,9,"DE","unpooled",78.5475966696506,78.8,-0.252403330349438,0.0637074411714874
2004,9,"FL","unpooled",78.9704293507058,79.43,-0.459570649294236,0.211205181692725
2004,9,"GA","unpooled",77.4494396090426,77.54,-0.0905603909574211,0.00820118441036095
2004,9,"HI","unpooled",81.7792061627747,81.24,0.539206162774747,0.290743285974267
2004,9,"ID","unpooled",80.0992229666027,79.14,0.959222966602667,0.920108699658021
2004,9,"IL","unpooled",79.1233570885822,79.17,-0.0466429114178482,0.00217556118553323
2004,9,"IN","unpooled",78.0817741716351,77.25,0.831774171635132,0.69184827259931
2004,9,"IA","unpooled",80.5916946251978,79.5,1.09169462519783,1.19179715468583
2004,9,"KS","unpooled",79.1005417034545,78.61,0.490541703454454,0.240631162827998
2004,9,"KY","unpooled",76.6400644734417,76.07,0.570064473441718,0.324973503880383
2004,9,"LA","unpooled",75.3590073733702,75.56,-0.200992626629841,0.0403980359595626
2004,9,"ME","unpooled",79.7102520810592,78.87,0.840252081059219,0.706023559724349
2004,9,"MD","unpooled",78.7959414430767,79.15,-0.354058556923334,0.125357461730634
2004,9,"MA","unpooled",80.52185037953,80.66,-0.138149620470031,0.0190853176360137
2004,9,"MI","unpooled",78.719370125999,78.03,0.689370125998991,0.475231170619865
2004,9,"MN","unpooled",81.5565212325508,80.8,0.75652123255081,0.572324375300197
2004,9,"MS","unpooled",75.3260362548545,74.63,0.696036254854491,0.484466468071866
2004,9,"MO","unpooled",77.8360570925601,77.47,0.366057092560069,0.133997795013531
2004,9,"MT","unpooled",79.6730751912897,78.3,1.37307519128971,1.88533548093529
2004,9,"NE","unpooled",80.2341177317103,79.63,0.604117731710261,0.364958233766751
2004,9,"NV","unpooled",78.0063404423223,77.93,0.0763404423222624,0.00582786313395868
2004,9,"NH","unpooled",80.7901368407956,80.28,0.510136840795596,0.260239596336911
2004,9,"NJ","unpooled",80.1073330724528,80.18,-0.0726669275472318,0.00528048235915464
2004,9,"NM","unpooled",78.8873664740505,78.17,0.717366474050451,0.514614658091576
2004,9,"NY","unpooled",80.4379088132501,80.48,-0.0420911867499427,0.00177166800201855
2004,9,"NC","unpooled",78.0956964536777,77.99,0.105696453677737,0.01117174032005
2004,9,"ND","unpooled",80.8098444568004,79.32,1.48984445680043,2.21963650545896
2004,9,"OH","unpooled",78.2226838493249,77.55,0.672683849324926,0.4525035611426
2004,9,"OK","unpooled",76.2107476939351,75.58,0.63074769393512,0.397842653404472
2004,9,"OR","unpooled",79.8344129106857,79.41,0.424412910685746,0.180126318756747
2004,9,"PA","unpooled",78.8314208725802,78.49,0.341420872580187,0.116568212233416
2004,9,"RI","unpooled",80.1353138482736,79.68,0.455313848273576,0.207310700429693
2004,9,"SC","unpooled",77.4728737208174,76.97,0.502873720817362,0.252881979088699
2004,9,"SD","unpooled",79.7763300236665,79.58,0.196330023666491,0.0385454781928848
2004,9,"TN","unpooled",76.3752872749441,76.27,0.105287274944146,0.0110854102651642
2004,9,"TX","unpooled",78.5711161172874,78.46,0.111116117287366,0.0123467915210198
2004,9,"UT","unpooled",80.2635811669406,79.6,0.663581166940617,0.44033996511827
2004,9,"VT","unpooled",81.0636038571603,79.78,1.28360385716027,1.64763886211673
2004,9,"VA","unpooled",79.4433728767422,79.24,0.203372876742208,0.0413605269944012
2004,9,"WA","unpooled",80.5135500483948,80.16,0.353550048394823,0.124997636719981
2004,9,"WV","unpooled",76.259829444436,75.31,0.949829444435949,0.902175973517503
2004,9,"WI","unpooled",80.2901910480994,79.42,0.870191048099443,0.757232460192407
2004,9,"WY","unpooled",78.9171641291197,78.63,0.28716412911966,0.0824632370530525
2004,10,"USA","unpooled",79.2279653370171,78.89,0.337965337017124,0.114220569025098
2004,10,"AL","unpooled",76.018913266586,75.43,0.58891326658599,0.346818835560982
2004,10,"AK","unpooled",79.1737103288731,78.13,1.04371032887309,1.08933125059637
2004,10,"AZ","unpooled",79.6237131973943,79.38,0.2437131973943,0.0593961225841529
2004,10,"AR","unpooled",76.3138342625066,75.84,0.473834262506585,0.22451890832516
2004,10,"CA","unpooled",80.5699795308395,81.03,-0.460020469160511,0.211618832046657
2004,10,"CO","unpooled",80.7107714130921,80.15,0.560771413092084,0.314464577741293
2004,10,"CT","unpooled",81.1169617336448,80.97,0.146961733644758,0.0215977511558729
2004,10,"DE","unpooled",78.7093709837864,78.77,-0.0606290162135679,0.00367587760702508
2004,10,"FL","unpooled",79.127346944042,79.4,-0.272653055958017,0.0743396889232455
2004,10,"GA","unpooled",77.6228837643041,77.53,0.0928837643040765,0.00862739367129524
2004,10,"HI","unpooled",81.9657371137652,81.47,0.495737113765216,0.245755285964267
2004,10,"ID","unpooled",80.2633905721039,79.27,0.993390572103877,0.986824828744868
2004,10,"IL","unpooled",79.2970552833933,79.07,0.227055283393298,0.0515541017168109
2004,10,"IN","unpooled",78.2198065269942,77.33,0.889806526994207,0.791755655481492
2004,10,"IA","unpooled",80.7509982234809,79.46,1.29099822348093,1.66667641303091
2004,10,"KS","unpooled",79.2309167786029,78.55,0.680916778602864,0.463647659382901
2004,10,"KY","unpooled",76.7646104055978,75.75,1.01461040559776,1.02943427514726
2004,10,"LA","unpooled",75.4895345438599,75.63,-0.140465456140106,0.019730544368648
2004,10,"ME","unpooled",79.8880748203815,79.05,0.838074820381465,0.702369404557424
2004,10,"MD","unpooled",78.978231394706,79.29,-0.311768605294006,0.0971996632469696
2004,10,"MA","unpooled",80.6987932692604,80.55,0.148793269260395,0.0221394369771964
2004,10,"MI","unpooled",78.8755405383237,78,0.875540538323719,0.766571234248188
2004,10,"MN","unpooled",81.7337302987517,80.88,0.853730298751671,0.728855423006618
2004,10,"MS","unpooled",75.4623278811202,74.8,0.662327881120191,0.438678222109162
2004,10,"MO","unpooled",77.970167118523,77.44,0.530167118523053,0.281077173563037
2004,10,"MT","unpooled",79.8625856018884,78.79,1.07258560188839,1.15043987337828
2004,10,"NE","unpooled",80.3856473918684,79.4,0.985647391868397,0.971500781096974
2004,10,"NV","unpooled",78.190455990807,78.09,0.10045599080695,0.0100914060890059
2004,10,"NH","unpooled",80.9779568479858,79.84,1.13795684798576,1.29494578787769
2004,10,"NJ","unpooled",80.2921940445568,80.32,-0.0278059554431991,0.000773171158109173
2004,10,"NM","unpooled",79.0560458950211,77.64,1.41604589502109,2.00518597680607
2004,10,"NY","unpooled",80.6358707202447,80.73,-0.0941292797553075,0.00886032130725294
2004,10,"NC","unpooled",78.2681636574188,77.94,0.328163657418756,0.107691386050455
2004,10,"ND","unpooled",80.9763873112451,79.74,1.23638731124511,1.52865358340791
2004,10,"OH","unpooled",78.3696419135862,77.53,0.839641913586249,0.704998543050778
2004,10,"OK","unpooled",76.3031252139583,75.63,0.673125213958343,0.453097553666465
2004,10,"OR","unpooled",80.0010381547192,79.45,0.551038154719194,0.303643047956334
2004,10,"PA","unpooled",79.0030831382753,78.64,0.363083138275329,0.131829365299861
2004,10,"RI","unpooled",80.310865144752,79.95,0.360865144752012,0.13022365269689
2004,10,"SC","unpooled",77.6747440759599,76.97,0.704744075959852,0.496664212600505
2004,10,"SD","unpooled",79.9360818262221,79.12,0.816081826222117,0.665989547090026
2004,10,"TN","unpooled",76.4997468190623,76.14,0.359746819062252,0.129417773825409
2004,10,"TX","unpooled",78.7193181471485,78.44,0.279318147148544,0.0780186273264957
2004,10,"UT","unpooled",80.4207371043074,79.62,0.800737104307402,0.641179910214603
2004,10,"VT","unpooled",81.25821600737,80,1.25821600737005,1.58310752120223
2004,10,"VA","unpooled",79.6368885644602,79.3,0.336888564460239,0.11349390486408
2004,10,"WA","unpooled",80.690159851887,80.16,0.530159851887021,0.281069468552868
2004,10,"WV","unpooled",76.3852801690701,75.19,1.19528016907012,1.42869468257229
2004,10,"WI","unpooled",80.4558313618172,79.54,0.91583136181724,0.83874708328802
2004,10,"WY","unpooled",79.0791121907594,78.26,0.819112190759427,0.670944781050707
2004,1,"USA","ratio_unpooled_3",77.7185633979894,77.56,0.158563397989354,0.0251423511819304
2004,1,"AL","ratio_unpooled_3",74.7705488450458,74.56,0.210548845045793,0.0443308161501172
2004,1,"AK","ratio_unpooled_3",77.5382118375968,77.67,-0.131788162403225,0.0173681197496189
2004,1,"AZ","ratio_unpooled_3",77.9748794658014,77.52,0.454879465801369,0.206915328407739
2004,1,"AR","ratio_unpooled_3",75.3613101299709,75.34,0.0213101299708711,0.000454121639375419
2004,1,"CA","ratio_unpooled_3",79.0376238219334,78.91,0.127623821933398,0.0162878399248876
2004,1,"CO","ratio_unpooled_3",79.2002031569643,78.97,0.230203156964322,0.0529934934763402
2004,1,"CT","ratio_unpooled_3",79.4987359940492,79.51,-0.0112640059507925,0.000126877830059488
2004,1,"DE","ratio_unpooled_3",77.253959430343,77.14,0.113959430342959,0.0129867517640917
2004,1,"FL","ratio_unpooled_3",77.709628718331,77.68,0.0296287183309971,0.000877860949937565
2004,1,"GA","ratio_unpooled_3",76.0638592592512,76.13,-0.0661407407488213,0.00437459758680279
2004,1,"HI","ratio_unpooled_3",80.2852196869738,80.25,0.0352196869737753,0.00124042635053072
2004,1,"ID","ratio_unpooled_3",78.7796060439213,78.69,0.0896060439213073,0.00802924310722726
2004,1,"IL","ratio_unpooled_3",77.7153623828752,77.61,0.105362382875242,0.0111012317251491
2004,1,"IN","ratio_unpooled_3",76.9805474955237,76.73,0.250547495523648,0.0627740475131724
2004,1,"IA","ratio_unpooled_3",79.3284654805364,78.98,0.34846548053639,0.121428191125457
2004,1,"KS","ratio_unpooled_3",78.0633701175698,77.77,0.293370117569779,0.086066025882906
2004,1,"KY","ratio_unpooled_3",75.6510484040059,75.43,0.221048404005884,0.0488623969135487
2004,1,"LA","ratio_unpooled_3",74.2975483858769,73.67,0.627548385876878,0.393816976616675
2004,1,"ME","ratio_unpooled_3",78.2878599301447,77.87,0.417859930144743,0.17460692122057
2004,1,"MD","ratio_unpooled_3",77.3749596927896,77.43,-0.0550403072104331,0.00302943541781885
2004,1,"MA","ratio_unpooled_3",79.1700415123745,79.28,-0.109958487625477,0.0120908690008821
2004,1,"MI","ratio_unpooled_3",77.4528464894272,77.23,0.222846489427226,0.0496605578500389
2004,1,"MN","ratio_unpooled_3",80.1460337887056,80.09,0.0560337887055766,0.00313978547670121
2004,1,"MS","ratio_unpooled_3",74.2257514767954,73.7,0.525751476795364,0.276414615352506
2004,1,"MO","ratio_unpooled_3",76.7464962805464,76.63,0.116496280546357,0.0135713833811356
2004,1,"MT","ratio_unpooled_3",78.1352353914573,77.68,0.455235391457336,0.207239261635314
2004,1,"NE","ratio_unpooled_3",79.0039513392685,78.93,0.0739513392685325,0.00546880057960959
2004,1,"NV","ratio_unpooled_3",76.5335816777877,76.08,0.453581677787724,0.205736338424727
2004,1,"NH","ratio_unpooled_3",79.296382448577,79.12,0.176382448577016,0.0311107681660236
2004,1,"NJ","ratio_unpooled_3",78.611166919916,78.59,0.0211669199159417,0.000448038498727888
2004,1,"NM","ratio_unpooled_3",77.5396787616812,77.28,0.259678761681243,0.067433059268304
2004,1,"NY","ratio_unpooled_3",78.8424514443856,78.84,0.00245144438564182,6.00957957589481e-06
2004,1,"NC","ratio_unpooled_3",76.7070920778165,76.61,0.0970920778165123,0.00942687157472768
2004,1,"ND","ratio_unpooled_3",79.606356286198,79.44,0.166356286197953,0.0276744139575752
2004,1,"OH","ratio_unpooled_3",77.0459324769956,76.77,0.275932476995578,0.0761387318609153
2004,1,"OK","ratio_unpooled_3",75.4997701667516,75.05,0.449770166751634,0.202293202899792
2004,1,"OR","ratio_unpooled_3",78.486119083586,78.38,0.106119083585995,0.0112612599011313
2004,1,"PA","ratio_unpooled_3",77.4595106029725,77.24,0.219510602972505,0.0481849048173529
2004,1,"RI","ratio_unpooled_3",78.7708981015192,78.65,0.120898101519145,0.0146163509509336
2004,1,"SC","ratio_unpooled_3",75.8711204926057,75.61,0.261120492605713,0.06818391165865
2004,1,"SD","ratio_unpooled_3",78.4983037704693,78.3,0.198303770469295,0.0393243853823387
2004,1,"TN","ratio_unpooled_3",75.3767863995829,75.23,0.146786399582865,0.0215462471025005
2004,1,"TX","ratio_unpooled_3",77.4018763011799,77.36,0.0418763011798546,0.0017536246005059
2004,1,"UT","ratio_unpooled_3",78.9997177019269,79.2,-0.200282298073077,0.0401129989214328
2004,1,"VT","ratio_unpooled_3",79.5436056197373,79.36,0.183605619737293,0.0337110235991153
2004,1,"VA","ratio_unpooled_3",77.8954687552106,77.73,0.16546875521064,0.0273799089509585
2004,1,"WA","ratio_unpooled_3",79.1121344532163,78.97,0.142134453216315,0.0202022027911007
2004,1,"WV","ratio_unpooled_3",75.2530123838421,75.23,0.0230123838420724,0.000529569810094874
2004,1,"WI","ratio_unpooled_3",79.0047199855754,78.71,0.294719985575398,0.0868598698975628
2004,1,"WY","ratio_unpooled_3",77.6223219218831,77.47,0.152321921883086,0.023201967886157
2004,2,"USA","ratio_unpooled_3",77.8840653687656,77.83,0.0540653687655634,0.00292306409975636
2004,2,"AL","ratio_unpooled_3",74.9092884965874,74.58,0.329288496587438,0.108430913984815
2004,2,"AK","ratio_unpooled_3",77.7266690720669,77.32,0.406669072066947,0.165379734175792
2004,2,"AZ","ratio_unpooled_3",78.1567938445736,77.71,0.446793844573605,0.199624739548863
2004,2,"AR","ratio_unpooled_3",75.4675082215327,75.44,0.0275082215326705,0.000756702251890478
2004,2,"CA","ratio_unpooled_3",79.2048021201623,79.14,0.0648021201622697,0.00419931477752524
2004,2,"CO","ratio_unpooled_3",79.3772287561024,79.38,-0.00277124389764083,7.67979274021154e-06
2004,2,"CT","ratio_unpooled_3",79.6776549151541,79.68,-0.00234508484589924,5.49942293446625e-06
2004,2,"DE","ratio_unpooled_3",77.4157592980442,77.67,-0.25424070195578,0.0646383345309677
2004,2,"FL","ratio_unpooled_3",77.8663508227321,77.89,-0.0236491772679415,0.00055928358545052
2004,2,"GA","ratio_unpooled_3",76.237265267045,76.28,-0.0427347329550116,0.00182625740073616
2004,2,"HI","ratio_unpooled_3",80.4717031032432,80.13,0.341703103243205,0.116761010766036
2004,2,"ID","ratio_unpooled_3",78.9427195278834,78.86,0.0827195278833557,0.00684252029324526
2004,2,"IL","ratio_unpooled_3",77.8886680480588,77.92,-0.0313319519412261,0.0009816912124473
2004,2,"IN","ratio_unpooled_3",77.1201433903631,76.84,0.280143390363136,0.0784803191641526
2004,2,"IA","ratio_unpooled_3",79.4880072847458,79.29,0.198007284745799,0.0392068848124039
2004,2,"KS","ratio_unpooled_3",78.1938867137932,77.9,0.293886713793199,0.0863694005441658
2004,2,"KY","ratio_unpooled_3",75.7757519020445,75.57,0.205751902044511,0.0423338451949342
2004,2,"LA","ratio_unpooled_3",74.4269658115903,74.67,-0.243034188409737,0.0590656167359797
2004,2,"ME","ratio_unpooled_3",78.4656736212196,78.43,0.0356736212196012,0.00127260725091958
2004,2,"MD","ratio_unpooled_3",77.5580439415497,77.61,-0.0519560584503296,0.00269943200969406
2004,2,"MA","ratio_unpooled_3",79.3483403855417,79.55,-0.201659614458293,0.0406666001034675
2004,2,"MI","ratio_unpooled_3",77.6086577703733,77.52,0.0886577703733451,0.00786020024757279
2004,2,"MN","ratio_unpooled_3",80.3234559280925,80.31,0.0134559280924833,0.000181062000830081
2004,2,"MS","ratio_unpooled_3",74.3619737776241,73.95,0.411973777624127,0.169722393449893
2004,2,"MO","ratio_unpooled_3",76.8802568274656,76.72,0.160256827465631,0.0256822507493489
2004,2,"MT","ratio_unpooled_3",78.3241334575547,78.04,0.284133457554731,0.080731821702006
2004,2,"NE","ratio_unpooled_3",79.1550917434641,79.12,0.035091743464136,0.00123143045935273
2004,2,"NV","ratio_unpooled_3",76.717682016325,76.57,0.147682016325021,0.0218099779458238
2004,2,"NH","ratio_unpooled_3",79.4843905844488,79.52,-0.0356094155511784,0.0012680304758965
2004,2,"NJ","ratio_unpooled_3",78.7956598102145,78.8,-0.00434018978548067,1.88372473739908e-05
2004,2,"NM","ratio_unpooled_3",77.7084171112515,77.35,0.358417111251498,0.128462825637869
2004,2,"NY","ratio_unpooled_3",79.0396756496871,79.21,-0.170324350312896,0.0290103843095101
2004,2,"NC","ratio_unpooled_3",76.8794167896861,76.86,0.019416789686062,0.000377011721712763
2004,2,"ND","ratio_unpooled_3",79.7756432171641,79.29,0.48564321716411,0.235849334377507
2004,2,"OH","ratio_unpooled_3",77.1928616383623,77.13,0.0628616383622642,0.00395158557758809
2004,2,"OK","ratio_unpooled_3",75.5927444712621,75.37,0.222744471262118,0.0496150994778404
2004,2,"OR","ratio_unpooled_3",78.6524194770978,78.52,0.132419477097798,0.0175349179148543
2004,2,"PA","ratio_unpooled_3",77.6311963760722,77.58,0.0511963760722409,0.00262106892293032
2004,2,"RI","ratio_unpooled_3",78.9472878695749,78.98,-0.0327121304250682,0.00107008347694667
2004,2,"SC","ratio_unpooled_3",76.0732585530119,75.95,0.123258553011937,0.0151926708905964
2004,2,"SD","ratio_unpooled_3",78.6580582195691,78.65,0.00805821956913633,6.49349026244116e-05
2004,2,"TN","ratio_unpooled_3",75.5013505467912,75.52,-0.0186494532087806,0.000347802104986499
2004,2,"TX","ratio_unpooled_3",77.5504270773494,77.63,-0.079572922650641,0.00633185001916489
2004,2,"UT","ratio_unpooled_3",79.1568159984462,79.22,-0.0631840015538216,0.00399221805235334
2004,2,"VT","ratio_unpooled_3",79.7390086666236,79.43,0.30900866662364,0.09548635604852
2004,2,"VA","ratio_unpooled_3",78.0892360609113,78.08,0.00923606091126317,8.53048211565634e-05
2004,2,"WA","ratio_unpooled_3",79.288987935175,79.33,-0.0410120648250114,0.00168198946121094
2004,2,"WV","ratio_unpooled_3",75.3783960827544,75.23,0.148396082754388,0.0220213973768472
2004,2,"WI","ratio_unpooled_3",79.1712032805979,79.09,0.081203280597876,0.00659397277985738
2004,2,"WY","ratio_unpooled_3",77.7842971109091,77.1,0.684297110909085,0.468262535998521
2004,3,"USA","ratio_unpooled_3",78.0495673395418,78.08,-0.0304326604582315,0.000926146822566004
2004,3,"AL","ratio_unpooled_3",75.0480281481291,74.89,0.158028148129077,0.0249728956011055
2004,3,"AK","ratio_unpooled_3",77.9151263065371,77.39,0.525126306537103,0.2757576378173
2004,3,"AZ","ratio_unpooled_3",78.3387082233458,78.29,0.0487082233458267,0.00237249102150694
2004,3,"AR","ratio_unpooled_3",75.5737063130945,75.64,-0.0662936869055386,0.00439485292352958
2004,3,"CA","ratio_unpooled_3",79.3719804183911,79.52,-0.14801958160885,0.0219097965396589
2004,3,"CO","ratio_unpooled_3",79.5542543552404,79.58,-0.0257456447596098,0.000662838224088025
2004,3,"CT","ratio_unpooled_3",79.856573836259,80.04,-0.183426163741004,0.0336451575447415
2004,3,"DE","ratio_unpooled_3",77.5775591657455,77.98,-0.40244083425452,0.161958625075474
2004,3,"FL","ratio_unpooled_3",78.0230729271331,78.25,-0.226927072866886,0.0514958963999329
2004,3,"GA","ratio_unpooled_3",76.4106712748388,76.51,-0.0993287251612003,0.00986619564214926
2004,3,"HI","ratio_unpooled_3",80.6581865195126,80.46,0.198186519512632,0.0392778965165308
2004,3,"ID","ratio_unpooled_3",79.1058330118454,79.03,0.075833011845404,0.00575064568554519
2004,3,"IL","ratio_unpooled_3",78.0619737132423,78.26,-0.198026286757695,0.039214410247041
2004,3,"IN","ratio_unpooled_3",77.2597392852026,77.41,-0.150260714797369,0.0225782824114163
2004,3,"IA","ratio_unpooled_3",79.6475490889552,79.38,0.267549088955221,0.0715825150007686
2004,3,"KS","ratio_unpooled_3",78.3244033100166,78.16,0.164403310016638,0.0270284483444269
2004,3,"KY","ratio_unpooled_3",75.9004554000831,75.86,0.0404554000831183,0.00163663939588517
2004,3,"LA","ratio_unpooled_3",74.5563832373036,74.87,-0.313616762696356,0.0983554738441422
2004,3,"ME","ratio_unpooled_3",78.6434873122945,78.59,0.0534873122944646,0.00286089257648558
2004,3,"MD","ratio_unpooled_3",77.7411281903098,77.8,-0.0588718096902312,0.0034658899762028
2004,3,"MA","ratio_unpooled_3",79.5266392587089,79.73,-0.203360741291121,0.0413555910984742
2004,3,"MI","ratio_unpooled_3",77.7644690513195,77.61,0.154469051319452,0.0238606878155316
2004,3,"MN","ratio_unpooled_3",80.5008780674794,80.56,-0.0591219325206112,0.0034954029049717
2004,3,"MS","ratio_unpooled_3",74.4981960784529,74.36,0.138196078452893,0.0190981560997581
2004,3,"MO","ratio_unpooled_3",77.0140173743849,77.11,-0.0959826256150933,0.00921266441996716
2004,3,"MT","ratio_unpooled_3",78.5130315236521,78.17,0.34303152365213,0.117670626219102
2004,3,"NE","ratio_unpooled_3",79.3062321476597,78.98,0.326232147659738,0.106427414166685
2004,3,"NV","ratio_unpooled_3",76.9017823548623,77.04,-0.138217645137701,0.0191041174274113
2004,3,"NH","ratio_unpooled_3",79.6723987203206,79.51,0.16239872032061,0.0263733443617717
2004,3,"NJ","ratio_unpooled_3",78.9801527005131,79.26,-0.279847299486917,0.0783145110301203
2004,3,"NM","ratio_unpooled_3",77.8771554608217,77.42,0.457155460821738,0.208991115359136
2004,3,"NY","ratio_unpooled_3",79.2368998549886,79.46,-0.223100145011443,0.0497736747041271
2004,3,"NC","ratio_unpooled_3",77.0517415015556,77.02,0.0317415015556151,0.00100752292100511
2004,3,"ND","ratio_unpooled_3",79.9449301481303,79.81,0.13493014813028,0.0182061448744594
2004,3,"OH","ratio_unpooled_3",77.339790799729,77.29,0.0497907997289389,0.0024791237376473
2004,3,"OK","ratio_unpooled_3",75.6857187757726,75.28,0.405718775772613,0.164607725014428
2004,3,"OR","ratio_unpooled_3",78.8187198706096,78.75,0.0687198706095984,0.00472242061659994
2004,3,"PA","ratio_unpooled_3",77.802882149172,77.89,-0.0871178508280224,0.00758951993289356
2004,3,"RI","ratio_unpooled_3",79.1236776376307,79.09,0.0336776376307171,0.00113418327638589
2004,3,"SC","ratio_unpooled_3",76.2753966134182,76.13,0.145396613418171,0.0211401751934731
2004,3,"SD","ratio_unpooled_3",78.817812668669,79.28,-0.462187331331009,0.21361712924288
2004,3,"TN","ratio_unpooled_3",75.6259146939996,75.86,-0.234085306000438,0.0547959304853186
2004,3,"TX","ratio_unpooled_3",77.6989778535189,77.7,-0.00102214648114796,1.04478342892315e-06
2004,3,"UT","ratio_unpooled_3",79.3139142949654,79.22,0.0939142949654297,0.00881989479885373
2004,3,"VT","ratio_unpooled_3",79.93441171351,79.57,0.364411713510009,0.132795896943301
2004,3,"VA","ratio_unpooled_3",78.2830033666119,78.19,0.0930033666118817,0.00864962620114407
2004,3,"WA","ratio_unpooled_3",79.4658414171337,79.34,0.125841417133657,0.015836062266207
2004,3,"WV","ratio_unpooled_3",75.5037797816667,75.06,0.443779781666706,0.196940494616149
2004,3,"WI","ratio_unpooled_3",79.3376865756204,79.12,0.217686575620363,0.0473874452053198
2004,3,"WY","ratio_unpooled_3",77.9462722999351,77.34,0.606272299935071,0.367566101668561
2004,4,"USA","ratio_unpooled_3",78.215069310318,78.16,0.0550693103179754,0.00303262893889747
2004,4,"AL","ratio_unpooled_3",75.1867677996707,74.95,0.236767799670716,0.0560589909609122
2004,4,"AK","ratio_unpooled_3",78.1035835410073,77.74,0.363583541007273,0.132192991291387
2004,4,"AZ","ratio_unpooled_3",78.5206226021181,78.69,-0.169377397881931,0.0286887029132539
2004,4,"AR","ratio_unpooled_3",75.6799044046563,75.32,0.359904404656262,0.129531180490979
2004,4,"CA","ratio_unpooled_3",79.53915871662,79.82,-0.280841283379971,0.078871826450509
2004,4,"CO","ratio_unpooled_3",79.7312799543784,79.41,0.321279954378426,0.103220809085403
2004,4,"CT","ratio_unpooled_3",80.0354927573639,80.25,-0.214507242636103,0.0460133571433438
2004,4,"DE","ratio_unpooled_3",77.7393590334467,77.62,0.119359033446742,0.0142465788653404
2004,4,"FL","ratio_unpooled_3",78.1797950315342,78.39,-0.210204968465831,0.0441861287677211
2004,4,"GA","ratio_unpooled_3",76.5840772826326,76.75,-0.16592271736738,0.0275303481385754
2004,4,"HI","ratio_unpooled_3",80.844669935782,80.9,-0.0553300642179551,0.00306141600636303
2004,4,"ID","ratio_unpooled_3",79.2689464958075,79.27,-0.0010535041925408,1.10987108370104e-06
2004,4,"IL","ratio_unpooled_3",78.2352793784258,78.13,0.105279378425848,0.011083747521733
2004,4,"IN","ratio_unpooled_3",77.3993351800421,77.14,0.259335180042115,0.067254735607476
2004,4,"IA","ratio_unpooled_3",79.8070908931646,79,0.807090893164627,0.651395709829276
2004,4,"KS","ratio_unpooled_3",78.4549199062401,78.07,0.384919906240071,0.148163334219865
2004,4,"KY","ratio_unpooled_3",76.0251588981217,75.81,0.215158898121729,0.0462933514409564
2004,4,"LA","ratio_unpooled_3",74.685800663017,74.96,-0.27419933698296,0.0751852764018949
2004,4,"ME","ratio_unpooled_3",78.8213010033693,78.87,-0.0486989966306766,0.00237159227283465
2004,4,"MD","ratio_unpooled_3",77.9242124390699,78.11,-0.185787560930137,0.0345170177963695
2004,4,"MA","ratio_unpooled_3",79.7049381318761,79.96,-0.255061868123931,0.0650565565708698
2004,4,"MI","ratio_unpooled_3",77.9202803322656,77.65,0.270280332265557,0.0730514580095799
2004,4,"MN","ratio_unpooled_3",80.6783002068663,80.38,0.298300206866301,0.0889830134164781
2004,4,"MS","ratio_unpooled_3",74.6344183792817,74.37,0.264418379281651,0.0699170793019348
2004,4,"MO","ratio_unpooled_3",77.1477779213042,76.83,0.317777921304184,0.100982807268408
2004,4,"MT","ratio_unpooled_3",78.7019295897495,77.95,0.751929589749523,0.565398107940885
2004,4,"NE","ratio_unpooled_3",79.4573725518553,79.04,0.417372551855337,0.174199847042236
2004,4,"NV","ratio_unpooled_3",77.0858826933996,77.25,-0.164117306600403,0.0269344903257707
2004,4,"NH","ratio_unpooled_3",79.8604068561924,79.91,-0.0495931438075843,0.00245947991271974
2004,4,"NJ","ratio_unpooled_3",79.1646455908117,79.41,-0.245354409188337,0.060198786108158
2004,4,"NM","ratio_unpooled_3",78.045893810392,77.31,0.735893810391985,0.541539700173235
2004,4,"NY","ratio_unpooled_3",79.43412406029,79.59,-0.15587593971,0.0242973085804757
2004,4,"NC","ratio_unpooled_3",77.2240662134252,77.26,-0.0359337865748444,0.00129123701760646
2004,4,"ND","ratio_unpooled_3",80.1142170790964,79.51,0.604217079096443,0.365078278671838
2004,4,"OH","ratio_unpooled_3",77.4867199610956,77.19,0.296719961095633,0.0880427353125939
2004,4,"OK","ratio_unpooled_3",75.7786930802831,75.11,0.668693080283106,0.447150435618508
2004,4,"OR","ratio_unpooled_3",78.9850202641214,78.9,0.0850202641213968,0.00722844531127208
2004,4,"PA","ratio_unpooled_3",77.9745679222717,77.9,0.0745679222717115,0.00556037503192001
2004,4,"RI","ratio_unpooled_3",79.3000674056865,79.17,0.130067405686503,0.0169175300220175
2004,4,"SC","ratio_unpooled_3",76.4775346738244,76.48,-0.00246532617561002,6.07783315214791e-06
2004,4,"SD","ratio_unpooled_3",78.9775671177688,78.97,0.00756711776884345,5.72612713275462e-05
2004,4,"TN","ratio_unpooled_3",75.7504788412079,75.87,-0.119521158792097,0.0142853073990056
2004,4,"TX","ratio_unpooled_3",77.8475286296884,77.74,0.10752862968836,0.0115624062026565
2004,4,"UT","ratio_unpooled_3",79.4710125914847,79.74,-0.268987408515315,0.072354225939785
2004,4,"VT","ratio_unpooled_3",80.1298147603964,79.75,0.379814760396357,0.144259252214942
2004,4,"VA","ratio_unpooled_3",78.4767706723125,78.39,0.0867706723124968,0.0075291495735627
2004,4,"WA","ratio_unpooled_3",79.6426948990923,79.31,0.332694899092331,0.110685895882057
2004,4,"WV","ratio_unpooled_3",75.629163480579,75.18,0.449163480579017,0.201747832285857
2004,4,"WI","ratio_unpooled_3",79.5041698706429,79.28,0.224169870642854,0.0502521309040337
2004,4,"WY","ratio_unpooled_3",78.1082474889611,77.81,0.298247488961067,0.0889515646715819
2004,5,"USA","ratio_unpooled_3",78.3805712810942,78.49,-0.109428718905818,0.0119746445213685
2004,5,"AL","ratio_unpooled_3",75.3255074512124,75.25,0.0755074512123599,0.00570137518858691
2004,5,"AK","ratio_unpooled_3",78.2920407754774,77.73,0.562040775477428,0.315889833299268
2004,5,"AZ","ratio_unpooled_3",78.7025369808903,78.96,-0.257463019109693,0.0662872062090781
2004,5,"AR","ratio_unpooled_3",75.786102496218,75.71,0.0761024962180556,0.00579158993061917
2004,5,"CA","ratio_unpooled_3",79.7063370148489,80.15,-0.443662985151107,0.196836844393192
2004,5,"CO","ratio_unpooled_3",79.9083055535165,79.7,0.208305553516453,0.043391203625796
2004,5,"CT","ratio_unpooled_3",80.2144116784688,80.47,-0.255588321531206,0.0653253901031394
2004,5,"DE","ratio_unpooled_3",77.901158901148,78.13,-0.228841098851987,0.0523682485237849
2004,5,"FL","ratio_unpooled_3",78.3365171359352,78.71,-0.373482864064769,0.139489449750023
2004,5,"GA","ratio_unpooled_3",76.7574832904264,77.07,-0.312516709573558,0.0976666937626834
2004,5,"HI","ratio_unpooled_3",81.0311533520515,80.57,0.461153352051483,0.212662414108319
2004,5,"ID","ratio_unpooled_3",79.4320599797695,79.35,0.082059979769511,0.00673384027977255
2004,5,"IL","ratio_unpooled_3",78.4085850436094,78.61,-0.201414956390622,0.040567984657836
2004,5,"IN","ratio_unpooled_3",77.5389310748816,77.4,0.138931074881597,0.019301843567756
2004,5,"IA","ratio_unpooled_3",79.966632697374,79.5,0.466632697374038,0.217746074258571
2004,5,"KS","ratio_unpooled_3",78.5854365024635,78.49,0.0954365024634996,0.00910812600246556
2004,5,"KY","ratio_unpooled_3",76.1498623961603,75.77,0.379862396160348,0.144295440016681
2004,5,"LA","ratio_unpooled_3",74.8152180887304,75.44,-0.624781911269579,0.390352436649669
2004,5,"ME","ratio_unpooled_3",78.9991146944442,79.04,-0.0408853055558183,0.00167160821039262
2004,5,"MD","ratio_unpooled_3",78.10729668783,78.41,-0.302703312170038,0.0916292951987117
2004,5,"MA","ratio_unpooled_3",79.8832370050432,80.2,-0.316762994956761,0.100338794973977
2004,5,"MI","ratio_unpooled_3",78.0760916132117,77.97,0.106091613211674,0.0112554303938555
2004,5,"MN","ratio_unpooled_3",80.8557223462532,80.79,0.065722346253196,0.00431942679702498
2004,5,"MS","ratio_unpooled_3",74.7706406801104,74.81,-0.0393593198895843,0.00154915606217063
2004,5,"MO","ratio_unpooled_3",77.2815384682235,77.28,0.00153846822345827,2.36688447459084e-06
2004,5,"MT","ratio_unpooled_3",78.8908276558469,78.26,0.630827655846915,0.397943531381313
2004,5,"NE","ratio_unpooled_3",79.608512956051,79.58,0.0285129560509461,0.000812988662763182
2004,5,"NV","ratio_unpooled_3",77.2699830319369,77.64,-0.370016968063112,0.136912556654618
2004,5,"NH","ratio_unpooled_3",80.0484149920642,80.19,-0.141585007935788,0.0200463144721772
2004,5,"NJ","ratio_unpooled_3",79.3491384811102,79.86,-0.510861518889769,0.260979491482362
2004,5,"NM","ratio_unpooled_3",78.2146321599622,77.87,0.344632159962231,0.118771325680233
2004,5,"NY","ratio_unpooled_3",79.6313482655915,79.89,-0.258651734408545,0.0669007197125485
2004,5,"NC","ratio_unpooled_3",77.3963909252947,77.57,-0.173609074705283,0.0301401108200244
2004,5,"ND","ratio_unpooled_3",80.2835040100626,79.36,0.923504010062615,0.852859656601731
2004,5,"OH","ratio_unpooled_3",77.6336491224623,77.51,0.123649122462311,0.0152891054856995
2004,5,"OK","ratio_unpooled_3",75.8716673847936,75.6,0.271667384793602,0.0738031679605951
2004,5,"OR","ratio_unpooled_3",79.1513206576332,79.23,-0.0786793423667973,0.0061904389152717
2004,5,"PA","ratio_unpooled_3",78.1462536953715,78.22,-0.0737463046285427,0.00543851744636582
2004,5,"RI","ratio_unpooled_3",79.4764571737423,79.57,-0.0935428262577034,0.00875026034427888
2004,5,"SC","ratio_unpooled_3",76.6796727342306,76.77,-0.0903272657693748,0.00815901494137126
2004,5,"SD","ratio_unpooled_3",79.1373215668687,79.21,-0.0726784331313013,0.00528215464242103
2004,5,"TN","ratio_unpooled_3",75.8750429884163,76.11,-0.234957011583745,0.0552047972923642
2004,5,"TX","ratio_unpooled_3",77.9960794058579,78.12,-0.123920594142149,0.0153563136525432
2004,5,"UT","ratio_unpooled_3",79.6281108880039,79.9,-0.271889111996074,0.0739236892220139
2004,5,"VT","ratio_unpooled_3",80.3252178072827,80.29,0.0352178072827058,0.00124029394980181
2004,5,"VA","ratio_unpooled_3",78.6705379780131,78.73,-0.0594620219868887,0.00353573205876923
2004,5,"WA","ratio_unpooled_3",79.819548381051,79.62,0.199548381051002,0.039819556380076
2004,5,"WV","ratio_unpooled_3",75.7545471794913,75.19,0.564547179491342,0.318713517871629
2004,5,"WI","ratio_unpooled_3",79.6706531656653,79.76,-0.0893468343346626,0.00798285680562565
2004,5,"WY","ratio_unpooled_3",78.2702226779871,78.06,0.210222677987062,0.0441935743400519
2004,6,"USA","ratio_unpooled_3",78.5460732518704,78.67,-0.12392674812962,0.0153578389019822
2004,6,"AL","ratio_unpooled_3",75.464247102754,75.3,0.164247102754004,0.0269771107630844
2004,6,"AK","ratio_unpooled_3",78.4804980099476,77.86,0.620498009947596,0.385017780348927
2004,6,"AZ","ratio_unpooled_3",78.8844513596625,79.13,-0.245548640337461,0.0602941347715756
2004,6,"AR","ratio_unpooled_3",75.8923005877798,75.95,-0.0576994122201597,0.00332922217055192
2004,6,"CA","ratio_unpooled_3",79.8735153130778,80.48,-0.606484686922229,0.367823675471155
2004,6,"CO","ratio_unpooled_3",80.0853311526545,80.03,0.0553311526544888,0.00306153645407435
2004,6,"CT","ratio_unpooled_3",80.3933305995737,80.66,-0.266669400426309,0.0711125691237273
2004,6,"DE","ratio_unpooled_3",78.0629587688493,78.18,-0.117041231150736,0.0136986497892801
2004,6,"FL","ratio_unpooled_3",78.4932392403363,78.87,-0.376760759663725,0.141948670022387
2004,6,"GA","ratio_unpooled_3",76.9308892982203,77.21,-0.279110701779743,0.0779027838479806
2004,6,"HI","ratio_unpooled_3",81.2176367683209,81.22,-0.00236323167909802,5.58486396909245e-06
2004,6,"ID","ratio_unpooled_3",79.5951734637316,79.38,0.21517346373156,0.0462996194942369
2004,6,"IL","ratio_unpooled_3",78.5818907087929,78.88,-0.298109291207084,0.0888691495039897
2004,6,"IN","ratio_unpooled_3",77.6785269697211,77.5,0.178526969721091,0.0318718789177952
2004,6,"IA","ratio_unpooled_3",80.1261745015834,79.55,0.576174501583452,0.331977056274939
2004,6,"KS","ratio_unpooled_3",78.7159530986869,78.52,0.195953098686928,0.038397616885009
2004,6,"KY","ratio_unpooled_3",76.274565894199,75.8,0.47456589419896,0.225212787936859
2004,6,"LA","ratio_unpooled_3",74.9446355144438,75.69,-0.745364485556195,0.555568216328451
2004,6,"ME","ratio_unpooled_3",79.176928385519,79.05,0.126928385519051,0.0161108150504728
2004,6,"MD","ratio_unpooled_3",78.29038093659,78.9,-0.609619063409951,0.371635402472826
2004,6,"MA","ratio_unpooled_3",80.0615358782104,80.48,-0.418464121789583,0.175112221225127
2004,6,"MI","ratio_unpooled_3",78.2319028941578,77.99,0.241902894157789,0.0585170102019146
2004,6,"MN","ratio_unpooled_3",81.0331444856401,80.77,0.263144485640112,0.069245020322799
2004,6,"MS","ratio_unpooled_3",74.9068629809392,74.78,0.12686298093918,0.0160942159327747
2004,6,"MO","ratio_unpooled_3",77.4152990151427,77.37,0.0452990151427315,0.00205200077290142
2004,6,"MT","ratio_unpooled_3",79.0797257219443,78.52,0.559725721944318,0.313292883806088
2004,6,"NE","ratio_unpooled_3",79.7596533602465,79.59,0.169653360246542,0.028782262642943
2004,6,"NV","ratio_unpooled_3",77.4540833704742,77.77,-0.315916629525816,0.0998033168109517
2004,6,"NH","ratio_unpooled_3",80.236423127936,80.27,-0.0335768720639891,0.00112740633760149
2004,6,"NJ","ratio_unpooled_3",79.5336313714088,79.93,-0.396368628591205,0.157108089731272
2004,6,"NM","ratio_unpooled_3",78.3833705095325,78.06,0.323370509532481,0.104568486435296
2004,6,"NY","ratio_unpooled_3",79.8285724708929,80.16,-0.331427529107089,0.10984420705003
2004,6,"NC","ratio_unpooled_3",77.5687156371643,77.76,-0.191284362835745,0.036589707465477
2004,6,"ND","ratio_unpooled_3",80.4527909410288,79.62,0.832790941028776,0.693540751459594
2004,6,"OH","ratio_unpooled_3",77.780578283829,77.61,0.170578283829002,0.0290969509140476
2004,6,"OK","ratio_unpooled_3",75.9646416893041,75.65,0.314641689304082,0.0989993926481266
2004,6,"OR","ratio_unpooled_3",79.317621051145,79.45,-0.132378948854992,0.0175241860999526
2004,6,"PA","ratio_unpooled_3",78.3179394684712,78.4,-0.0820605315288105,0.00673393083479091
2004,6,"RI","ratio_unpooled_3",79.6528469417981,79.47,0.182846941798076,0.0334330041249088
2004,6,"SC","ratio_unpooled_3",76.8818107946368,76.71,0.171810794636855,0.0295189491537475
2004,6,"SD","ratio_unpooled_3",79.2970760159685,79.23,0.0670760159685386,0.00449919191821165
2004,6,"TN","ratio_unpooled_3",75.9996071356246,76.14,-0.1403928643754,0.0197101563675295
2004,6,"TX","ratio_unpooled_3",78.1446301820274,78.29,-0.14536981797265,0.0211323839774014
2004,6,"UT","ratio_unpooled_3",79.7852091845232,79.78,0.00520918452318142,2.71356033965528e-05
2004,6,"VT","ratio_unpooled_3",80.5206208541691,80.04,0.480620854169061,0.230996405462198
2004,6,"VA","ratio_unpooled_3",78.8643052837137,79,-0.135694716286267,0.0184130560280104
2004,6,"WA","ratio_unpooled_3",79.9964018630097,80.01,-0.0135981369903249,0.000184909329607641
2004,6,"WV","ratio_unpooled_3",75.8799308784037,75.44,0.439930878403658,0.193539177773014
2004,6,"WI","ratio_unpooled_3",79.8371364606878,79.59,0.247136460687827,0.0610764302013058
2004,6,"WY","ratio_unpooled_3",78.4321978670131,77.97,0.46219786701306,0.213626868271422
2004,7,"USA","ratio_unpooled_3",78.7115752226466,78.72,-0.00842477735341163,7.09768734545574e-05
2004,7,"AL","ratio_unpooled_3",75.6029867542956,75.33,0.272986754295644,0.0745217680208704
2004,7,"AK","ratio_unpooled_3",78.6689552444178,77.93,0.738955244417753,0.5460548532525
2004,7,"AZ","ratio_unpooled_3",79.0663657384348,79.16,-0.0936342615652279,0.00876737493886552
2004,7,"AR","ratio_unpooled_3",75.9984986793416,75.84,0.158498679341633,0.0251218313530419
2004,7,"CA","ratio_unpooled_3",80.0406936113067,80.51,-0.469306388693354,0.220248486468398
2004,7,"CO","ratio_unpooled_3",80.2623567517925,80.05,0.212356751792527,0.0450953900318728
2004,7,"CT","ratio_unpooled_3",80.5722495206786,80.64,-0.0677504793214183,0.00459012744828193
2004,7,"DE","ratio_unpooled_3",78.2247586365505,78.21,0.014758636550539,0.000217817352830906
2004,7,"FL","ratio_unpooled_3",78.6499613447373,79.16,-0.510038655262662,0.260139429862144
2004,7,"GA","ratio_unpooled_3",77.1042953060141,77.53,-0.425704693985935,0.181224486481659
2004,7,"HI","ratio_unpooled_3",81.4041201845903,81.21,0.194120184590332,0.0376826460653846
2004,7,"ID","ratio_unpooled_3",79.7582869476936,79.24,0.51828694769361,0.268621360149559
2004,7,"IL","ratio_unpooled_3",78.7551963739764,78.92,-0.164803626023556,0.027160235150512
2004,7,"IN","ratio_unpooled_3",77.8181228645606,77.4,0.418122864560573,0.174826729868339
2004,7,"IA","ratio_unpooled_3",80.2857163057929,79.51,0.775716305792855,0.601735787072914
2004,7,"KS","ratio_unpooled_3",78.8464696949104,78.5,0.346469694910354,0.120041249491274
2004,7,"KY","ratio_unpooled_3",76.3992693922376,75.87,0.529269392237566,0.280126089559523
2004,7,"LA","ratio_unpooled_3",75.0740529401572,75.94,-0.86594705984281,0.749864310450407
2004,7,"ME","ratio_unpooled_3",79.3547420765939,79.02,0.334742076593912,0.112052257842404
2004,7,"MD","ratio_unpooled_3",78.4734651853502,79.09,-0.616534814649853,0.380115177675329
2004,7,"MA","ratio_unpooled_3",80.2398347513776,80.49,-0.250165248622395,0.0625826516183045
2004,7,"MI","ratio_unpooled_3",78.3877141751039,78.03,0.357714175103894,0.127959431070259
2004,7,"MN","ratio_unpooled_3",81.210566625027,80.76,0.450566625027008,0.203010283588229
2004,7,"MS","ratio_unpooled_3",75.0430852817679,74.76,0.283085281767939,0.0801372767536332
2004,7,"MO","ratio_unpooled_3",77.549059562062,77.41,0.139059562062016,0.0193375618008797
2004,7,"MT","ratio_unpooled_3",79.2686237880417,78.35,0.918623788041714,0.843869663956108
2004,7,"NE","ratio_unpooled_3",79.9107937644421,79.51,0.400793764442142,0.160635641615703
2004,7,"NV","ratio_unpooled_3",77.6381837090115,77.69,-0.0518162909885262,0.00268492801180763
2004,7,"NH","ratio_unpooled_3",80.4244312638078,80.03,0.394431263807803,0.155576021869021
2004,7,"NJ","ratio_unpooled_3",79.7181242617074,79.86,-0.141875738292626,0.0201287251160777
2004,7,"NM","ratio_unpooled_3",78.5521088591027,77.89,0.66210885910273,0.438388141302319
2004,7,"NY","ratio_unpooled_3",80.0257966761944,80.2,-0.174203323805642,0.0303467980249334
2004,7,"NC","ratio_unpooled_3",77.7410403490338,77.86,-0.11895965096619,0.0141513985579977
2004,7,"ND","ratio_unpooled_3",80.622077871995,79.64,0.982077871994946,0.964476946662121
2004,7,"OH","ratio_unpooled_3",77.9275074451957,77.47,0.457507445195688,0.209313062409485
2004,7,"OK","ratio_unpooled_3",76.0576159938146,75.62,0.437615993814575,0.191507758042318
2004,7,"OR","ratio_unpooled_3",79.4839214446568,79.33,0.153921444656817,0.0236918111252415
2004,7,"PA","ratio_unpooled_3",78.4896252415709,78.28,0.209625241570933,0.043942741903672
2004,7,"RI","ratio_unpooled_3",79.8292367098539,79.8,0.029236709853862,0.000854785203078909
2004,7,"SC","ratio_unpooled_3",77.0839488550431,76.94,0.143948855043078,0.0207212728682131
2004,7,"SD","ratio_unpooled_3",79.4568304650684,79.21,0.246830465068399,0.0609252784858821
2004,7,"TN","ratio_unpooled_3",76.124171282833,76.26,-0.135828717167058,0.0184494404072487
2004,7,"TX","ratio_unpooled_3",78.2931809581969,78.49,-0.196819041803138,0.0387377352163055
2004,7,"UT","ratio_unpooled_3",79.9423074810424,79.76,0.182307481042429,0.0332360176440355
2004,7,"VT","ratio_unpooled_3",80.7160239010554,79.78,0.936023901055421,0.876140743347009
2004,7,"VA","ratio_unpooled_3",79.0580725894144,78.96,0.0980725894143575,0.00961823279443714
2004,7,"WA","ratio_unpooled_3",80.1732553449684,80,0.173255344968354,0.0300174145601032
2004,7,"WV","ratio_unpooled_3",76.005314577316,75.1,0.905314577315977,0.819594483900806
2004,7,"WI","ratio_unpooled_3",80.0036197557103,79.46,0.543619755710324,0.295522438798553
2004,7,"WY","ratio_unpooled_3",78.594173056039,78.26,0.334173056039049,0.111671631382477
2004,8,"USA","ratio_unpooled_3",78.8770771934228,78.84,0.0370771934227889,0.0013747182721109
2004,8,"AL","ratio_unpooled_3",75.7417264058373,75.35,0.391726405837289,0.153449577030201
2004,8,"AK","ratio_unpooled_3",78.8574124788879,78.12,0.737412478887919,0.543777164019625
2004,8,"AZ","ratio_unpooled_3",79.248280117207,79.17,0.0782801172070009,0.0061277767499418
2004,8,"AR","ratio_unpooled_3",76.1046967709034,75.75,0.354696770903431,0.125809799289321
2004,8,"CA","ratio_unpooled_3",80.2078719095355,80.69,-0.482128090464471,0.232447495614917
2004,8,"CO","ratio_unpooled_3",80.4393823509306,80.25,0.189382350930558,0.0358656748439849
2004,8,"CT","ratio_unpooled_3",80.7511684417835,80.81,-0.0588315582165251,0.00346115224218438
2004,8,"DE","ratio_unpooled_3",78.3865585042518,78.53,-0.143441495748206,0.0205754627024827
2004,8,"FL","ratio_unpooled_3",78.8066834491384,79.36,-0.553316550861609,0.306159205457388
2004,8,"GA","ratio_unpooled_3",77.2777013138079,77.69,-0.412298686192116,0.169990206635745
2004,8,"HI","ratio_unpooled_3",81.5906036008598,81.33,0.260603600859753,0.0679142367810693
2004,8,"ID","ratio_unpooled_3",79.9214004316557,79.49,0.431400431655661,0.18610633243269
2004,8,"IL","ratio_unpooled_3",78.92850203916,79.04,-0.111497960840026,0.012431795271484
2004,8,"IN","ratio_unpooled_3",77.9577187594001,77.42,0.537718759400065,0.289141464210744
2004,8,"IA","ratio_unpooled_3",80.4452581100023,79.58,0.865258110002273,0.748671596924705
2004,8,"KS","ratio_unpooled_3",78.9769862911338,78.52,0.456986291133788,0.208836470284215
2004,8,"KY","ratio_unpooled_3",76.5239728902762,75.71,0.81397289027619,0.662551866104575
2004,8,"LA","ratio_unpooled_3",75.2034703658706,75.73,-0.526529634129432,0.277233455616473
2004,8,"ME","ratio_unpooled_3",79.5325557676688,79.16,0.372555767668771,0.138797800023268
2004,8,"MD","ratio_unpooled_3",78.6565494341102,79.22,-0.563450565889752,0.317476540201482
2004,8,"MA","ratio_unpooled_3",80.4181336245448,80.79,-0.371866375455227,0.138284601194208
2004,8,"MI","ratio_unpooled_3",78.54352545605,78.14,0.403525456050005,0.162832793680365
2004,8,"MN","ratio_unpooled_3",81.3879887644139,80.9,0.487988764413913,0.238133034194218
2004,8,"MS","ratio_unpooled_3",75.1793075825967,75,0.179307582596707,0.0321512091766747
2004,8,"MO","ratio_unpooled_3",77.6828201089813,77.54,0.142820108981283,0.0203975835294256
2004,8,"MT","ratio_unpooled_3",79.4575218541391,78.8,0.657521854139105,0.432334988670527
2004,8,"NE","ratio_unpooled_3",80.0619341686377,79.52,0.541934168637752,0.293692643137092
2004,8,"NV","ratio_unpooled_3",77.8222840475488,78.02,-0.197715952451233,0.0390915978536983
2004,8,"NH","ratio_unpooled_3",80.6124393996796,80.32,0.292439399679608,0.0855208024849698
2004,8,"NJ","ratio_unpooled_3",79.902617152006,80.15,-0.247382847994061,0.0611982734816526
2004,8,"NM","ratio_unpooled_3",78.720847208673,77.85,0.870847208672984,0.758374860853528
2004,8,"NY","ratio_unpooled_3",80.2230208814958,80.42,-0.196979118504188,0.0388007731266871
2004,8,"NC","ratio_unpooled_3",77.9133650609034,77.9,0.0133650609033538,0.000178624852950355
2004,8,"ND","ratio_unpooled_3",80.7913648029611,79.54,1.25136480296111,1.56591387008989
2004,8,"OH","ratio_unpooled_3",78.0744366065624,77.52,0.554436606562376,0.307399950696403
2004,8,"OK","ratio_unpooled_3",76.1505902983251,75.82,0.330590298325077,0.109289945346664
2004,8,"OR","ratio_unpooled_3",79.6502218381686,79.54,0.110221838168613,0.0121488536092679
2004,8,"PA","ratio_unpooled_3",78.6613110146707,78.47,0.191311014670674,0.0365999043343229
2004,8,"RI","ratio_unpooled_3",80.0056264779096,80.12,-0.114373522090361,0.0130813025553542
2004,8,"SC","ratio_unpooled_3",77.2860869154493,76.99,0.296086915449308,0.0876674615002858
2004,8,"SD","ratio_unpooled_3",79.6165849141682,79,0.616584914168243,0.38017695637986
2004,8,"TN","ratio_unpooled_3",76.2487354300413,76.23,0.0187354300412892,0.000351016338832042
2004,8,"TX","ratio_unpooled_3",78.4417317343664,78.49,-0.048268265633638,0.00232982546727943
2004,8,"UT","ratio_unpooled_3",80.0994057775617,79.79,0.309405777561679,0.0957319351885472
2004,8,"VT","ratio_unpooled_3",80.9114269479418,80.16,0.75142694794178,0.564642458093099
2004,8,"VA","ratio_unpooled_3",79.251839895115,79.16,0.0918398951149726,0.00843456633472917
2004,8,"WA","ratio_unpooled_3",80.350108826927,80.07,0.280108826927034,0.078460954922439
2004,8,"WV","ratio_unpooled_3",76.1306982762283,75.18,0.95069827622828,0.903827212423424
2004,8,"WI","ratio_unpooled_3",80.1701030507328,79.66,0.510103050732809,0.260205122366919
2004,8,"WY","ratio_unpooled_3",78.756148245065,78.37,0.386148245065044,0.149110467166813
2004,9,"USA","ratio_unpooled_3",79.042579164199,78.83,0.212579164198999,0.045189901051545
2004,9,"AL","ratio_unpooled_3",75.8804660573789,75.29,0.590466057378919,0.348650164916604
2004,9,"AK","ratio_unpooled_3",79.0458697133581,78.2,0.845869713358084,0.715495571976487
2004,9,"AZ","ratio_unpooled_3",79.4301944959792,79.28,0.150194495979235,0.0225583866224566
2004,9,"AR","ratio_unpooled_3",76.2108948624652,75.78,0.430894862465223,0.185670382498924
2004,9,"CA","ratio_unpooled_3",80.3750502077644,80.69,-0.314949792235595,0.0991933716292444
2004,9,"CO","ratio_unpooled_3",80.6164079500686,80.32,0.296407950068598,0.0878576728638687
2004,9,"CT","ratio_unpooled_3",80.9300873628884,80.86,0.0700873628883727,0.00491223843664644
2004,9,"DE","ratio_unpooled_3",78.5483583719531,78.8,-0.25164162804694,0.0633235089661145
2004,9,"FL","ratio_unpooled_3",78.9634055535394,79.43,-0.466594446460562,0.217710377467838
2004,9,"GA","ratio_unpooled_3",77.4511073216017,77.54,-0.0888926783983095,0.00790190827282528
2004,9,"HI","ratio_unpooled_3",81.7770870171292,81.24,0.537087017129181,0.288462463968721
2004,9,"ID","ratio_unpooled_3",80.0845139156177,79.14,0.944513915617705,0.892106536795489
2004,9,"IL","ratio_unpooled_3",79.1018077043435,79.17,-0.0681922956564875,0.00465018918690181
2004,9,"IN","ratio_unpooled_3",78.0973146542396,77.25,0.847314654239554,0.717942123289095
2004,9,"IA","ratio_unpooled_3",80.6047999142117,79.5,1.10479991421168,1.22058285044214
2004,9,"KS","ratio_unpooled_3",79.1075028873572,78.61,0.497502887357214,0.247509122928765
2004,9,"KY","ratio_unpooled_3",76.6486763883148,76.07,0.578676388314804,0.334866362393066
2004,9,"LA","ratio_unpooled_3",75.332887791584,75.56,-0.227112208416045,0.0515799552116132
2004,9,"ME","ratio_unpooled_3",79.7103694587436,78.87,0.840369458743623,0.706220827189051
2004,9,"MD","ratio_unpooled_3",78.8396336828703,79.15,-0.310366317129663,0.0963272508086306
2004,9,"MA","ratio_unpooled_3",80.596432497712,80.66,-0.0635675022880378,0.00404082734713969
2004,9,"MI","ratio_unpooled_3",78.6993367369961,78.03,0.669336736996115,0.448011667492607
2004,9,"MN","ratio_unpooled_3",81.5654109038008,80.8,0.765410903800827,0.585853851657199
2004,9,"MS","ratio_unpooled_3",75.3155298834255,74.63,0.685529883425474,0.469951221069344
2004,9,"MO","ratio_unpooled_3",77.8165806559006,77.47,0.346580655900567,0.120118151044467
2004,9,"MT","ratio_unpooled_3",79.6464199202365,78.3,1.3464199202365,1.81284660160966
2004,9,"NE","ratio_unpooled_3",80.2130745728333,79.63,0.583074572833354,0.339975957484798
2004,9,"NV","ratio_unpooled_3",78.006384386086,77.93,0.0763843860860476,0.00583457443774238
2004,9,"NH","ratio_unpooled_3",80.8004475355514,80.28,0.520447535551398,0.270865637261523
2004,9,"NJ","ratio_unpooled_3",80.0871100423045,80.18,-0.0928899576954905,0.00862854424067001
2004,9,"NM","ratio_unpooled_3",78.8895855582432,78.17,0.719585558243224,0.517803375632213
2004,9,"NY","ratio_unpooled_3",80.4202450867973,80.48,-0.0597549132027382,0.00357064965186677
2004,9,"NC","ratio_unpooled_3",78.0856897727729,77.99,0.0956897727729142,0.00915653261333196
2004,9,"ND","ratio_unpooled_3",80.9606517339273,79.32,1.64065173392729,2.69173811203861
2004,9,"OH","ratio_unpooled_3",78.2213657679291,77.55,0.67136576792906,0.450731994346977
2004,9,"OK","ratio_unpooled_3",76.2435646028356,75.58,0.663564602835564,0.440317982136319
2004,9,"OR","ratio_unpooled_3",79.8165222316804,79.41,0.406522231680427,0.165260324850434
2004,9,"PA","ratio_unpooled_3",78.8329967877704,78.49,0.342996787770417,0.117646796420825
2004,9,"RI","ratio_unpooled_3",80.1820162459654,79.68,0.502016245965422,0.252020311213215
2004,9,"SC","ratio_unpooled_3",77.4882249758555,76.97,0.518224975855532,0.268557125600466
2004,9,"SD","ratio_unpooled_3",79.7763393632681,79.58,0.196339363268095,0.0385491455685209
2004,9,"TN","ratio_unpooled_3",76.3732995772496,76.27,0.103299577249643,0.0106708026599551
2004,9,"TX","ratio_unpooled_3",78.5902825105359,78.46,0.130282510535864,0.0169735325515274
2004,9,"UT","ratio_unpooled_3",80.2565040740809,79.6,0.656504074080942,0.430997599284875
2004,9,"VT","ratio_unpooled_3",81.1068299948281,79.78,1.32682999482813,1.76047783517562
2004,9,"VA","ratio_unpooled_3",79.4456072008156,79.24,0.205607200815592,0.0422743210272233
2004,9,"WA","ratio_unpooled_3",80.5269623088857,80.16,0.366962308885704,0.134661336142727
2004,9,"WV","ratio_unpooled_3",76.2560819751406,75.31,0.946081975140601,0.89507110368594
2004,9,"WI","ratio_unpooled_3",80.3365863457553,79.42,0.916586345755292,0.840130529225039
2004,9,"WY","ratio_unpooled_3",78.918123434091,78.63,0.288123434091048,0.0830151132724185
2004,10,"USA","ratio_unpooled_3",79.2080811349752,78.89,0.318081134975202,0.101175608427113
2004,10,"AL","ratio_unpooled_3",76.0192057089206,75.43,0.589205708920559,0.347163367424579
2004,10,"AK","ratio_unpooled_3",79.2343269478283,78.13,1.10432694782826,1.21953800769967
2004,10,"AZ","ratio_unpooled_3",79.6121088747515,79.38,0.232108874751475,0.0538745297383959
2004,10,"AR","ratio_unpooled_3",76.317092954027,75.84,0.477092954027015,0.227617686782223
2004,10,"CA","ratio_unpooled_3",80.5422285059933,81.03,-0.487771494006722,0.23792103036555
2004,10,"CO","ratio_unpooled_3",80.7934335492066,80.15,0.64343354920662,0.414006732244627
2004,10,"CT","ratio_unpooled_3",81.1090062839933,80.97,0.139006283993268,0.0193227469896171
2004,10,"DE","ratio_unpooled_3",78.7101582396543,78.77,-0.0598417603456767,0.0035810362812694
2004,10,"FL","ratio_unpooled_3",79.1201276579405,79.4,-0.279872342059505,0.0783285278498727
2004,10,"GA","ratio_unpooled_3",77.6245133293955,77.53,0.0945133293955109,0.00893276943342435
2004,10,"HI","ratio_unpooled_3",81.9635704333986,81.47,0.493570433398602,0.243611772725284
2004,10,"ID","ratio_unpooled_3",80.2476273995798,79.27,0.97762739957976,0.955755332409083
2004,10,"IL","ratio_unpooled_3",79.275113369527,79.07,0.205113369527055,0.0420714943587422
2004,10,"IN","ratio_unpooled_3",78.236910549079,77.33,0.906910549079043,0.822486744030852
2004,10,"IA","ratio_unpooled_3",80.7643417184211,79.46,1.3043417184211,1.70130731841371
2004,10,"KS","ratio_unpooled_3",79.2380194835806,78.55,0.688019483580646,0.473370809786579
2004,10,"KY","ratio_unpooled_3",76.7733798863534,75.75,1.02337988635341,1.04730639179272
2004,10,"LA","ratio_unpooled_3",75.4623052172973,75.63,-0.167694782702654,0.0281215401456903
2004,10,"ME","ratio_unpooled_3",79.8881831498185,79.05,0.838183149818491,0.702550992639647
2004,10,"MD","ratio_unpooled_3",79.0227179316304,79.29,-0.267282068369568,0.0714397040719142
2004,10,"MA","ratio_unpooled_3",80.7747313708791,80.55,0.224731370879141,0.050504189057218
2004,10,"MI","ratio_unpooled_3",78.8551480179422,78,0.855148017942227,0.731278132590519
2004,10,"MN","ratio_unpooled_3",81.7428330431877,80.88,0.862833043187734,0.744480860416607
2004,10,"MS","ratio_unpooled_3",75.4517521842542,74.8,0.651752184254235,0.424780909680166
2004,10,"MO","ratio_unpooled_3",77.9503412028198,77.44,0.510341202819845,0.260448143295606
2004,10,"MT","ratio_unpooled_3",79.8353179863339,78.79,1.04531798633388,1.09268969255313
2004,10,"NE","ratio_unpooled_3",80.364214977029,79.4,0.964214977028945,0.929710521926929
2004,10,"NV","ratio_unpooled_3",78.1904847246233,78.09,0.100484724623342,0.010097179882629
2004,10,"NH","ratio_unpooled_3",80.9884556714232,79.84,1.14845567142319,1.3189504292241
2004,10,"NJ","ratio_unpooled_3",80.2716029326031,80.32,-0.0483970673969054,0.0023422761326206
2004,10,"NM","ratio_unpooled_3",79.0583239078135,77.64,1.41832390781347,2.01164270747528
2004,10,"NY","ratio_unpooled_3",80.6174692920987,80.73,-0.112530707901286,0.0126631602207645
2004,10,"NC","ratio_unpooled_3",78.2580144846425,77.94,0.318014484642461,0.10113321244241
2004,10,"ND","ratio_unpooled_3",81.1299386648934,79.74,1.38993866489345,1.93192949216579
2004,10,"OH","ratio_unpooled_3",78.3682949292957,77.53,0.838294929295742,0.702738388482953
2004,10,"OK","ratio_unpooled_3",76.336538907346,75.63,0.706538907346058,0.499197227593761
2004,10,"OR","ratio_unpooled_3",79.9828226251922,79.45,0.532822625192225,0.283899949916734
2004,10,"PA","ratio_unpooled_3",79.0046825608702,78.64,0.36468256087015,0.132993370202811
2004,10,"RI","ratio_unpooled_3",80.3584060140212,79.95,0.40840601402121,0.166795472288693
2004,10,"SC","ratio_unpooled_3",77.6903630362618,76.97,0.720363036261759,0.51892290401226
2004,10,"SD","ratio_unpooled_3",79.9360938123679,79.12,0.816093812367939,0.666009110585236
2004,10,"TN","ratio_unpooled_3",76.497863724458,76.14,0.357863724457985,0.128066445282941
2004,10,"TX","ratio_unpooled_3",78.7388332867054,78.44,0.29883328670536,0.0893013332431279
2004,10,"UT","ratio_unpooled_3",80.4136023706002,79.62,0.793602370600183,0.629804722622231
2004,10,"VT","ratio_unpooled_3",81.3022330417145,80,1.30223304171449,1.69581089493297
2004,10,"VA","ratio_unpooled_3",79.6393745065162,79.3,0.339374506516208,0.11517505567312
2004,10,"WA","ratio_unpooled_3",80.7038157908444,80.16,0.543815790844377,0.295735614371695
2004,10,"WV","ratio_unpooled_3",76.3814656740529,75.19,1.19146567405292,1.41959045244638
2004,10,"WI","ratio_unpooled_3",80.5030696407778,79.54,0.963069640777775,0.927503132987832
2004,10,"WY","ratio_unpooled_3",79.080098623117,78.26,0.820098623117033,0.672561751638454
2004,1,"USA","pooled_3",77.718991813461,77.56,0.158991813460943,0.0252783967475994
2004,1,"AL","pooled_3",74.7708325797332,74.56,0.21083257973315,0.0444503766769352
2004,1,"AK","pooled_3",77.4741132122306,77.67,-0.195886787769382,0.0383716336226069
2004,1,"AZ","pooled_3",77.9740696480099,77.52,0.454069648009877,0.206179245243814
2004,1,"AR","pooled_3",75.3599940164898,75.34,0.0199940164898038,0.000399760695394547
2004,1,"CA","pooled_3",79.0397006643368,78.91,0.129700664336767,0.0168222623293986
2004,1,"CO","pooled_3",79.1996174582647,78.97,0.22961745826467,0.0527241771399274
2004,1,"CT","pooled_3",79.5043281746081,79.51,-0.00567182539192856,3.21696032765256e-05
2004,1,"DE","pooled_3",77.2579310450649,77.14,0.117931045064879,0.0139077313900944
2004,1,"FL","pooled_3",77.7091064970129,77.68,0.02910649701289,0.000847188168361376
2004,1,"GA","pooled_3",76.0613010957747,76.13,-0.0686989042252861,0.00471953944175504
2004,1,"HI","pooled_3",80.2850526233519,80.25,0.0350526233518877,0.00122868640384931
2004,1,"ID","pooled_3",78.7924949956551,78.69,0.102494995655093,0.0105052241343375
2004,1,"IL","pooled_3",77.716502131834,77.61,0.106502131833992,0.0113427040851849
2004,1,"IN","pooled_3",76.9799470346883,76.73,0.249947034688262,0.0624735201494551
2004,1,"IA","pooled_3",79.337549465534,78.98,0.357549465533992,0.127841620303644
2004,1,"KS","pooled_3",78.0727514727878,77.77,0.302751472787804,0.0916584542751846
2004,1,"KY","pooled_3",75.6537847386553,75.43,0.223784738655311,0.050079609255026
2004,1,"LA","pooled_3",74.2999362197679,73.67,0.629936219767927,0.396819640975506
2004,1,"ME","pooled_3",78.2879303437381,77.87,0.417930343738121,0.174665772217064
2004,1,"MD","pooled_3",77.376461400259,77.43,-0.0535385997409747,0.0028663816622243
2004,1,"MA","pooled_3",79.1627576556548,79.28,-0.117242344345172,0.0137457673075519
2004,1,"MI","pooled_3",77.4583641526302,77.23,0.228364152630149,0.0521501862064862
2004,1,"MN","pooled_3",80.1513169434247,80.09,0.0613169434246998,0.00375976755094784
2004,1,"MS","pooled_3",74.2207703804657,73.7,0.520770380465649,0.271201789170337
2004,1,"MO","pooled_3",76.7491852360224,76.63,0.119185236022403,0.014205120485716
2004,1,"MT","pooled_3",78.1214684022233,77.68,0.441468402223308,0.1948943501616
2004,1,"NE","pooled_3",79.0374826586294,78.93,0.107482658629394,0.0115525219060428
2004,1,"NV","pooled_3",76.5317493626933,76.08,0.451749362693349,0.204077486693847
2004,1,"NH","pooled_3",79.2912088466319,79.12,0.171208846631927,0.0293124691650348
2004,1,"NJ","pooled_3",78.6153173933784,78.59,0.0253173933784154,0.000640970407477434
2004,1,"NM","pooled_3",77.5300592959092,77.28,0.250059295909168,0.0625296514705887
2004,1,"NY","pooled_3",78.8433961283442,78.84,0.00339612834417835,1.15336877301316e-05
2004,1,"NC","pooled_3",76.7058517531752,76.61,0.0958517531751966,0.0091875585867588
2004,1,"ND","pooled_3",79.5746654784985,79.44,0.134665478498505,0.0181347910992313
2004,1,"OH","pooled_3",77.0482473329542,76.77,0.278247332954237,0.077421578296146
2004,1,"OK","pooled_3",75.5016776302698,75.05,0.451677630269813,0.204012681686154
2004,1,"OR","pooled_3",78.4953940910606,78.38,0.115394091060566,0.0133157962516941
2004,1,"PA","pooled_3",77.4606671660798,77.24,0.220667166079821,0.0486939981856992
2004,1,"RI","pooled_3",78.7742832806086,78.65,0.124283280608637,0.0154463338388452
2004,1,"SC","pooled_3",75.8637480930912,75.61,0.253748093091161,0.0643880947474007
2004,1,"SD","pooled_3",78.4937888492788,78.3,0.193788849278761,0.0375541181047862
2004,1,"TN","pooled_3",75.3758203745637,75.23,0.145820374563726,0.0212635816379054
2004,1,"TX","pooled_3",77.4026366130525,77.36,0.0426366130525366,0.00181788077259174
2004,1,"UT","pooled_3",78.9996583268024,79.2,-0.200341673197627,0.0401367860196249
2004,1,"VT","pooled_3",79.5443563872678,79.36,0.184356387267826,0.0339872775264446
2004,1,"VA","pooled_3",77.8979798598799,77.73,0.167979859879878,0.0282172333252635
2004,1,"WA","pooled_3",79.1149826952014,78.97,0.144982695201421,0.021019981907868
2004,1,"WV","pooled_3",75.2541255783204,75.23,0.0241255783203655,0.000582043529292092
2004,1,"WI","pooled_3",79.0095135561075,78.71,0.299513556107527,0.0897083702921769
2004,1,"WY","pooled_3",77.5629119202537,77.47,0.0929119202537407,0.00863262492523748
2004,2,"USA","pooled_3",77.8847086284058,77.83,0.0547086284058054,0.00299303402204449
2004,2,"AL","pooled_3",74.9095528611087,74.58,0.329552861108695,0.108605088264927
2004,2,"AK","pooled_3",77.6612368428936,77.32,0.341236842893593,0.116442582947987
2004,2,"AZ","pooled_3",78.1558577784682,77.71,0.445857778468252,0.198789158620645
2004,2,"AR","pooled_3",75.4662691334474,75.44,0.0262691334474141,0.00069006737207805
2004,2,"CA","pooled_3",79.2070878139493,79.14,0.0670878139493425,0.00450077478050159
2004,2,"CO","pooled_3",79.3766263953837,79.38,-0.00337360461625735,1.13812081068329e-05
2004,2,"CT","pooled_3",79.6833544891554,79.68,0.00335448915541292,1.12525974937829e-05
2004,2,"DE","pooled_3",77.4200014244512,77.67,-0.249998575548801,0.0624992877764297
2004,2,"FL","pooled_3",77.8658695189395,77.89,-0.0241304810604674,0.000582280116209578
2004,2,"GA","pooled_3",76.234723468657,76.28,-0.0452765313429495,0.00204996429044909
2004,2,"HI","pooled_3",80.4714876006401,80.13,0.341487600640093,0.116613781390928
2004,2,"ID","pooled_3",78.9568029847359,78.86,0.0968029847358736,0.00937081785377377
2004,2,"IL","pooled_3",77.8898858463464,77.92,-0.030114153653642,0.00090686225027516
2004,2,"IN","pooled_3",77.1180631512707,76.84,0.278063151270672,0.0773191160945766
2004,2,"IA","pooled_3",79.4972697709231,79.29,0.207269770923105,0.0429607579385164
2004,2,"KS","pooled_3",78.203474458608,77.9,0.30347445860798,0.0920967470274063
2004,2,"KY","pooled_3",75.7785596856418,75.57,0.208559685641845,0.0434971424750251
2004,2,"LA","pooled_3",74.4301146027144,74.67,-0.239885397285576,0.0575450038308587
2004,2,"ME","pooled_3",78.4658036722379,78.43,0.0358036722378898,0.00128190294571824
2004,2,"MD","pooled_3",77.5595948510601,77.61,-0.0504051489399302,0.00254067903965655
2004,2,"MA","pooled_3",79.3409285536085,79.55,-0.209071446391491,0.04371086969623
2004,2,"MI","pooled_3",77.6143322993689,77.52,0.0943322993689293,0.0088985827042293
2004,2,"MN","pooled_3",80.3287898563934,80.31,0.0187898563934112,0.000353058703285017
2004,2,"MS","pooled_3",74.3567820643789,73.95,0.40678206437893,0.165471647900384
2004,2,"MO","pooled_3",76.883018559826,76.72,0.163018559826028,0.0265750508477524
2004,2,"MT","pooled_3",78.3102977561523,78.04,0.270297756152274,0.0730608769809544
2004,2,"NE","pooled_3",79.1893785319684,79.12,0.069378531968411,0.00481338069809183
2004,2,"NV","pooled_3",76.7157933743074,76.57,0.145793374307416,0.0212557079919424
2004,2,"NH","pooled_3",79.4789818613756,79.52,-0.0410181386243949,0.00168248769621007
2004,2,"NJ","pooled_3",78.7999251226066,78.8,-7.48773934162728e-05,5.60662404481529e-09
2004,2,"NM","pooled_3",77.6987051922101,77.35,0.348705192210119,0.121595311074296
2004,2,"NY","pooled_3",79.0411635174001,79.21,-0.168836482599914,0.0285057578567112
2004,2,"NC","pooled_3",76.8780818632761,76.86,0.0180818632760662,0.000326953779534352
2004,2,"ND","pooled_3",79.7433695781836,79.29,0.453369578183612,0.205543974422386
2004,2,"OH","pooled_3",77.1952615384803,77.13,0.0652615384803141,0.00425906840481752
2004,2,"OK","pooled_3",75.5946839605917,75.37,0.224683960591733,0.0504828821471874
2004,2,"OR","pooled_3",78.6618912344866,78.52,0.14189123448665,0.0201331224241455
2004,2,"PA","pooled_3",77.6323726941909,77.58,0.0523726941908649,0.00274289909680985
2004,2,"RI","pooled_3",78.9508433013346,78.98,-0.0291566986654175,0.000850113077065957
2004,2,"SC","pooled_3",76.0657487493703,75.95,0.115748749370312,0.0133977729807912
2004,2,"SD","pooled_3",78.6532995804381,78.65,0.00329958043808176,1.08872310673718e-05
2004,2,"TN","pooled_3",75.5002230329128,75.52,-0.0197769670871963,0.000391128427168047
2004,2,"TX","pooled_3",77.5513042447301,77.63,-0.0786957552698908,0.00619302189749855
2004,2,"UT","pooled_3",79.156912892285,79.22,-0.0630871077150346,0.00397998315984837
2004,2,"VT","pooled_3",79.7399065538249,79.43,0.309906553824888,0.0960420721036182
2004,2,"VA","pooled_3",78.0915896289144,78.08,0.0115896289144075,0.000134319498373671
2004,2,"WA","pooled_3",79.2919140344682,79.33,-0.0380859655318346,0.0014505407704921
2004,2,"WV","pooled_3",75.3796852223801,75.23,0.149685222380086,0.0224056657989757
2004,2,"WI","pooled_3",79.1761043457648,79.09,0.0861043457647526,0.00741395835957606
2004,2,"WY","pooled_3",77.7234146165177,77.1,0.623414616517721,0.388645784087937
2004,3,"USA","pooled_3",78.0504254433507,78.08,-0.0295745566493366,0.00087465440100482
2004,3,"AL","pooled_3",75.0482731424842,74.89,0.158273142484234,0.0250503876318345
2004,3,"AK","pooled_3",77.8483604735566,77.39,0.458360473556553,0.210094323718987
2004,3,"AZ","pooled_3",78.3376459089266,78.29,0.0476459089266115,0.00227013263744295
2004,3,"AR","pooled_3",75.572544250405,75.64,-0.0674557495949841,0.0045502781534212
2004,3,"CA","pooled_3",79.3744749635619,79.52,-0.145525036438073,0.0211775362303025
2004,3,"CO","pooled_3",79.5536353325028,79.58,-0.0263646674971909,0.000695095692237435
2004,3,"CT","pooled_3",79.8623808037028,80.04,-0.177619196297243,0.0315485788932787
2004,3,"DE","pooled_3",77.5820718038375,77.98,-0.397928196162482,0.158346849301127
2004,3,"FL","pooled_3",78.0226325408662,78.25,-0.227367459133831,0.0516959614729741
2004,3,"GA","pooled_3",76.4081458415394,76.51,-0.101854158460611,0.0103742695957193
2004,3,"HI","pooled_3",80.6579225779283,80.46,0.197922577928296,0.0391733468537822
2004,3,"ID","pooled_3",79.1211109738167,79.03,0.0911109738166545,0.00830120954981909
2004,3,"IL","pooled_3",78.0632695608587,78.26,-0.196730439141277,0.0387028656847196
2004,3,"IN","pooled_3",77.2561792678531,77.41,-0.153820732146912,0.0236608176382119
2004,3,"IA","pooled_3",79.6569900763122,79.38,0.276990076312231,0.0767235023754555
2004,3,"KS","pooled_3",78.3341974444282,78.16,0.174197444428174,0.0303447496453067
2004,3,"KY","pooled_3",75.9033346326284,75.86,0.0433346326283583,0.00187789038503478
2004,3,"LA","pooled_3",74.5602929856609,74.87,-0.309707014339082,0.0959184347308285
2004,3,"ME","pooled_3",78.6436770007377,78.59,0.0536770007376646,0.00288122040819124
2004,3,"MD","pooled_3",77.7427283018611,77.8,-0.0572716981388908,0.00328004740771222
2004,3,"MA","pooled_3",79.5190994515622,79.73,-0.21090054843782,0.0444790413313733
2004,3,"MI","pooled_3",77.7703004461077,77.61,0.160300446107698,0.0256962330223269
2004,3,"MN","pooled_3",80.5062627693621,80.56,-0.0537372306378785,0.00288768995662855
2004,3,"MS","pooled_3",74.4927937482922,74.36,0.132793748292215,0.0176341795854962
2004,3,"MO","pooled_3",77.0168518836297,77.11,-0.0931481163703438,0.00867657158334311
2004,3,"MT","pooled_3",78.4991271100812,78.17,0.329127110081245,0.108324654590432
2004,3,"NE","pooled_3",79.3412744053074,78.98,0.361274405307427,0.130519195930235
2004,3,"NV","pooled_3",76.8998373859215,77.04,-0.140162614078534,0.019645558385328
2004,3,"NH","pooled_3",79.6667548761193,79.51,0.156754876119265,0.0245720911871662
2004,3,"NJ","pooled_3",78.9845328518347,79.26,-0.275467148165262,0.0758821497183025
2004,3,"NM","pooled_3",77.8673510885111,77.42,0.447351088511056,0.200122996392026
2004,3,"NY","pooled_3",79.238930906456,79.46,-0.221069093544017,0.0488715441203733
2004,3,"NC","pooled_3",77.0503119733769,77.02,0.0303119733769392,0.000918815730004274
2004,3,"ND","pooled_3",79.9120736778687,79.81,0.102073677868731,0.0104190357136494
2004,3,"OH","pooled_3",77.3422757440064,77.29,0.0522757440063799,0.00273275341142057
2004,3,"OK","pooled_3",75.6876902909137,75.28,0.407690290913663,0.166211373305268
2004,3,"OR","pooled_3",78.8283883779127,78.75,0.0783883779127308,0.0061447377917891
2004,3,"PA","pooled_3",77.8040782223019,77.89,-0.0859217776980898,0.00738255188279997
2004,3,"RI","pooled_3",79.1274033220605,79.09,0.037403322060527,0.0013990085011635
2004,3,"SC","pooled_3",76.2677494056495,76.13,0.137749405649473,0.018974898756783
2004,3,"SD","pooled_3",78.8128103115974,79.28,-0.467189688402584,0.218266204949704
2004,3,"TN","pooled_3",75.6246256912619,75.86,-0.23537430873813,0.0554010652139527
2004,3,"TX","pooled_3",77.6999718764077,77.7,-2.81235923296208e-05,7.90936445522706e-10
2004,3,"UT","pooled_3",79.3141674577676,79.22,0.0941674577675542,0.0088675101024041
2004,3,"VT","pooled_3",79.935456720382,79.57,0.365456720381971,0.133558614472346
2004,3,"VA","pooled_3",78.2851993979489,78.19,0.0951993979489316,0.00906292536983905
2004,3,"WA","pooled_3",79.4688453737349,79.34,0.128845373734904,0.0166011303328872
2004,3,"WV","pooled_3",75.5052448664398,75.06,0.445244866439808,0.198242991091002
2004,3,"WI","pooled_3",79.342695135422,79.12,0.222695135421986,0.0495931233406169
2004,3,"WY","pooled_3",77.8839173127817,77.34,0.543917312781687,0.295846043143652
2004,4,"USA","pooled_3",78.2161422582955,78.16,0.0561422582955231,0.00315195316652123
2004,4,"AL","pooled_3",75.1869934238598,74.95,0.236993423859772,0.0561658829527776
2004,4,"AK","pooled_3",78.0354841042195,77.74,0.295484104219526,0.0873108558464154
2004,4,"AZ","pooled_3",78.519434039385,78.69,-0.170565960615008,0.0290927469205204
2004,4,"AR","pooled_3",75.6788193673626,75.32,0.358819367362628,0.128751338394516
2004,4,"CA","pooled_3",79.5418621131745,79.82,-0.27813788682549,0.0773606840877493
2004,4,"CO","pooled_3",79.7306442696219,79.41,0.32064426962188,0.102812747641349
2004,4,"CT","pooled_3",80.0414071182501,80.25,-0.208592881749894,0.0435109903167252
2004,4,"DE","pooled_3",77.7441421832238,77.62,0.124142183223839,0.0154112816555811
2004,4,"FL","pooled_3",78.1793955627928,78.39,-0.210604437207195,0.0443542289713593
2004,4,"GA","pooled_3",76.5815682144217,76.75,-0.168431785578264,0.0283692663930822
2004,4,"HI","pooled_3",80.8443575552165,80.9,-0.0556424447835155,0.00309608166148658
2004,4,"ID","pooled_3",79.2854189628974,79.27,0.0154189628974422,0.000237744416832698
2004,4,"IL","pooled_3",78.2366532753711,78.13,0.106653275371102,0.011374921147384
2004,4,"IN","pooled_3",77.3942953844355,77.14,0.254295384435494,0.0646661425451957
2004,4,"IA","pooled_3",79.8167103817013,79,0.816710381701341,0.66701584757875
2004,4,"KS","pooled_3",78.4649204302484,78.07,0.394920430248362,0.155962146227552
2004,4,"KY","pooled_3",76.0281095796149,75.81,0.218109579614875,0.0475717887197776
2004,4,"LA","pooled_3",74.6904713686074,74.96,-0.269528631392575,0.0726456831403545
2004,4,"ME","pooled_3",78.8215503292374,78.87,-0.0484496707625652,0.00234737059700097
2004,4,"MD","pooled_3",77.9258617526621,78.11,-0.184138247337856,0.0339068941326574
2004,4,"MA","pooled_3",79.6972703495159,79.96,-0.262729650484133,0.0690268692435144
2004,4,"MI","pooled_3",77.9262685928465,77.65,0.276268592846463,0.076324335393365
2004,4,"MN","pooled_3",80.6837356823308,80.38,0.303735682330839,0.0922553647209801
2004,4,"MS","pooled_3",74.6288054322055,74.37,0.258805432205492,0.0669802517390713
2004,4,"MO","pooled_3",77.1506852074333,76.83,0.320685207433286,0.10283900226653
2004,4,"MT","pooled_3",78.6879564640102,77.95,0.73795646401021,0.544579742774453
2004,4,"NE","pooled_3",79.4931702786464,79.04,0.453170278646439,0.205363301448491
2004,4,"NV","pooled_3",77.0838813975355,77.25,-0.166118602464465,0.0275953900847469
2004,4,"NH","pooled_3",79.8545278908629,79.91,-0.0554721091370567,0.00307715489211353
2004,4,"NJ","pooled_3",79.1691405810629,79.41,-0.240859418937092,0.0580132596907134
2004,4,"NM","pooled_3",78.035996984812,77.31,0.725996984811999,0.527071621956114
2004,4,"NY","pooled_3",79.4366982955119,79.59,-0.153301704488129,0.0235014125989657
2004,4,"NC","pooled_3",77.2225420834778,77.26,-0.0374579165222002,0.00140309551018412
2004,4,"ND","pooled_3",80.0807777775538,79.51,0.570777777553843,0.325787271349304
2004,4,"OH","pooled_3",77.4892899495325,77.19,0.299289949532465,0.0895744738911455
2004,4,"OK","pooled_3",75.7806966212356,75.11,0.670696621235592,0.44983395773684
2004,4,"OR","pooled_3",78.9948855213388,78.9,0.09488552133881,0.00900326215973777
2004,4,"PA","pooled_3",77.975783750413,77.9,0.0757837504129526,0.00574317682665269
2004,4,"RI","pooled_3",79.3039633427865,79.17,0.133963342786473,0.017946177210526
2004,4,"SC","pooled_3",76.4697500619286,76.48,-0.0102499380713823,0.000105061230467172
2004,4,"SD","pooled_3",78.9723210427567,78.97,0.00232104275674772,5.38723947865103e-06
2004,4,"TN","pooled_3",75.7490283496109,75.87,-0.120971650389066,0.0146341401978544
2004,4,"TX","pooled_3",77.8486395080852,77.74,0.108639508085247,0.0118025427170044
2004,4,"UT","pooled_3",79.4714220232501,79.74,-0.268577976749853,0.0721341295950446
2004,4,"VT","pooled_3",80.131006886939,79.75,0.381006886939034,0.145166247894973
2004,4,"VA","pooled_3",78.4788091669835,78.39,0.0888091669834523,0.00788706814029472
2004,4,"WA","pooled_3",79.6457767130017,79.31,0.33577671300165,0.112746000994192
2004,4,"WV","pooled_3",75.6308045104995,75.18,0.450804510499523,0.203224706686715
2004,4,"WI","pooled_3",79.5092859250792,79.28,0.229285925079225,0.0525720354394359
2004,4,"WY","pooled_3",78.0444200090457,77.81,0.234420009045664,0.0549527406409691
2004,5,"USA","pooled_3",78.3818590732404,78.49,-0.108140926759617,0.0116944600404289
2004,5,"AL","pooled_3",75.3257137052353,75.25,0.0757137052353158,0.00573256516046029
2004,5,"AK","pooled_3",78.2226077348825,77.73,0.492607734882483,0.242662380466051
2004,5,"AZ","pooled_3",78.7012221698434,78.96,-0.258777830156632,0.0669659653805745
2004,5,"AR","pooled_3",75.7850944843202,75.71,0.0750944843202319,0.00563918157532156
2004,5,"CA","pooled_3",79.7092492627871,80.15,-0.440750737212923,0.194261212353735
2004,5,"CO","pooled_3",79.907653206741,79.7,0.207653206740943,0.0431198542697969
2004,5,"CT","pooled_3",80.2204334327974,80.47,-0.24956656720255,0.0622834714652647
2004,5,"DE","pooled_3",77.9062125626102,78.13,-0.223787437389831,0.0500808171335074
2004,5,"FL","pooled_3",78.3361585847194,78.71,-0.373841415280552,0.139757403778966
2004,5,"GA","pooled_3",76.7549905873041,77.07,-0.315009412695915,0.0992309300870251
2004,5,"HI","pooled_3",81.0307925325047,80.57,0.460792532504698,0.212329758012093
2004,5,"ID","pooled_3",79.4497269519782,79.35,0.0997269519782265,0.00994546495086748
2004,5,"IL","pooled_3",78.4100369898835,78.61,-0.199963010116534,0.039985205414865
2004,5,"IN","pooled_3",77.5324115010179,77.4,0.132411501017899,0.017532805601813
2004,5,"IA","pooled_3",79.9764306870905,79.5,0.476430687090456,0.226986199601484
2004,5,"KS","pooled_3",78.5956434160685,78.49,0.105643416068546,0.0111605313586318
2004,5,"KY","pooled_3",76.1528845266014,75.77,0.382884526601401,0.146600560710779
2004,5,"LA","pooled_3",74.8206497515539,75.44,-0.619350248446082,0.383594730250224
2004,5,"ME","pooled_3",78.9994236577372,79.04,-0.0405763422627956,0.00164643955142753
2004,5,"MD","pooled_3",78.1089952034632,78.41,-0.301004796536816,0.0906038875381699
2004,5,"MA","pooled_3",79.8754412474695,80.2,-0.324558752530464,0.105338383844131
2004,5,"MI","pooled_3",78.0822367395852,77.97,0.112236739585242,0.0125970857127255
2004,5,"MN","pooled_3",80.8612085952995,80.79,0.071208595299538,0.00507066404453339
2004,5,"MS","pooled_3",74.7648171161188,74.81,-0.0451828838812247,0.00204149299582424
2004,5,"MO","pooled_3",77.2845185312369,77.28,0.00451853123691137,2.04171245389438e-05
2004,5,"MT","pooled_3",78.8767858179392,78.26,0.616785817939174,0.380424745210896
2004,5,"NE","pooled_3",79.6450661519855,79.58,0.0650661519854623,0.00423360413419528
2004,5,"NV","pooled_3",77.2679254091496,77.64,-0.372074590850403,0.138439501156495
2004,5,"NH","pooled_3",80.0423009056066,80.19,-0.147699094393388,0.0218150224846271
2004,5,"NJ","pooled_3",79.3537483102911,79.86,-0.506251689708932,0.256290773333149
2004,5,"NM","pooled_3",78.204642881113,77.87,0.334642881112941,0.11198585787957
2004,5,"NY","pooled_3",79.6344656845678,79.89,-0.255534315432229,0.0652977863634178
2004,5,"NC","pooled_3",77.3947721935787,77.57,-0.175227806421319,0.0307047841432271
2004,5,"ND","pooled_3",80.249481877239,79.36,0.889481877238964,0.791178009936552
2004,5,"OH","pooled_3",77.6363041550585,77.51,0.126304155058534,0.0159527395850503
2004,5,"OK","pooled_3",75.8737029515575,75.6,0.273702951557524,0.0749133056913006
2004,5,"OR","pooled_3",79.1613826647649,79.23,-0.0686173352351034,0.00470833869476656
2004,5,"PA","pooled_3",78.147489278524,78.22,-0.072510721475993,0.00525780472896904
2004,5,"RI","pooled_3",79.4805233635124,79.57,-0.089476636487575,0.00800606847712963
2004,5,"SC","pooled_3",76.6717507182078,76.77,-0.0982492817922207,0.00965292137268719
2004,5,"SD","pooled_3",79.1318317739161,79.21,-0.0781682260839176,0.00611027156910646
2004,5,"TN","pooled_3",75.87343100796,76.11,-0.236568992039992,0.0559648879948176
2004,5,"TX","pooled_3",77.9973071397628,78.12,-0.122692860237194,0.0150535379531837
2004,5,"UT","pooled_3",79.6286765887327,79.9,-0.271323411267275,0.0736163935017109
2004,5,"VT","pooled_3",80.3265570534961,80.29,0.0365570534960966,0.00133641816031647
2004,5,"VA","pooled_3",78.672418936018,78.73,-0.0575810639820276,0.00331557892930235
2004,5,"WA","pooled_3",79.8227080522684,79.62,0.202708052268392,0.041090554454445
2004,5,"WV","pooled_3",75.7563641545593,75.19,0.566364154559253,0.320768355569617
2004,5,"WI","pooled_3",79.6758767147365,79.76,-0.0841232852635443,0.00707672712353165
2004,5,"WY","pooled_3",78.2049227053096,78.06,0.144922705309639,0.0210025905142646
2004,6,"USA","pooled_3",78.5475758881852,78.67,-0.122424111814766,0.0149876631536343
2004,6,"AL","pooled_3",75.4644339866109,75.3,0.16443398661086,0.0270385359527403
2004,6,"AK","pooled_3",78.4097313655455,77.86,0.549731365545455,0.30220457426447
2004,6,"AZ","pooled_3",78.8830103003017,79.13,-0.246989699698261,0.0610039117570373
2004,6,"AR","pooled_3",75.8913696012778,75.95,-0.0586303987221726,0.00343752365432094
2004,6,"CA","pooled_3",79.8766364123997,80.48,-0.603363587600342,0.364047618841955
2004,6,"CO","pooled_3",80.08466214386,80.03,0.0546621438600141,0.00298794997137288
2004,6,"CT","pooled_3",80.3994597473448,80.66,-0.260540252655204,0.0678812232536376
2004,6,"DE","pooled_3",78.0682829419965,78.18,-0.111717058003521,0.012480701048962
2004,6,"FL","pooled_3",78.4929216066461,78.87,-0.377078393353926,0.142188114734378
2004,6,"GA","pooled_3",76.9284129601864,77.21,-0.281587039813573,0.0792912609909707
2004,6,"HI","pooled_3",81.2172275097929,81.22,-0.00277249020710713,7.68670194850491e-06
2004,6,"ID","pooled_3",79.614034941059,79.38,0.234034941059008,0.0547723536364933
2004,6,"IL","pooled_3",78.5834207043958,78.88,-0.296579295604161,0.0879592785810604
2004,6,"IN","pooled_3",77.6705276176003,77.5,0.170527617600314,0.0290796683644389
2004,6,"IA","pooled_3",80.1361509924796,79.55,0.586150992479574,0.34357298598479
2004,6,"KS","pooled_3",78.7263664018887,78.52,0.206366401888729,0.0425870918285006
2004,6,"KY","pooled_3",76.2776594735879,75.8,0.47765947358792,0.228158572708289
2004,6,"LA","pooled_3",74.9508281345004,75.69,-0.739171865499586,0.546375046746137
2004,6,"ME","pooled_3",79.177296986237,79.05,0.127296986236985,0.0162045227050191
2004,6,"MD","pooled_3",78.2921286542642,78.9,-0.607871345735788,0.369507572966638
2004,6,"MA","pooled_3",80.0536121454232,80.48,-0.426387854576788,0.181806602530596
2004,6,"MI","pooled_3",78.238204886324,77.99,0.248204886324018,0.0616056655951187
2004,6,"MN","pooled_3",81.0386815082683,80.77,0.268681508268259,0.0721897528853063
2004,6,"MS","pooled_3",74.9008288000321,74.78,0.120828800032058,0.014599598917187
2004,6,"MO","pooled_3",77.4183518550405,77.37,0.0483518550405364,0.00233790188586105
2004,6,"MT","pooled_3",79.0656151718681,78.52,0.54561517186815,0.29769591577271
2004,6,"NE","pooled_3",79.7969620253245,79.59,0.206962025324472,0.0428332799264075
2004,6,"NV","pooled_3",77.4519694207637,77.77,-0.318030579236336,0.101143449329399
2004,6,"NH","pooled_3",80.2300739203503,80.27,-0.0399260796497174,0.00159409183619558
2004,6,"NJ","pooled_3",79.5383560395192,79.93,-0.391643960480778,0.153384991781069
2004,6,"NM","pooled_3",78.3732887774139,78.06,0.313288777413888,0.0981498580534886
2004,6,"NY","pooled_3",79.8322330736237,80.16,-0.327766926376327,0.107431158026185
2004,6,"NC","pooled_3",77.5670023036795,77.76,-0.192997696320461,0.0372481107850049
2004,6,"ND","pooled_3",80.4181859769241,79.62,0.798185976924074,0.637100853758239
2004,6,"OH","pooled_3",77.7833183605846,77.61,0.173318360584616,0.0300392541157391
2004,6,"OK","pooled_3",75.9667092818794,75.65,0.31670928187944,0.100304769228591
2004,6,"OR","pooled_3",79.327879808191,79.45,-0.122120191809017,0.0149133412474712
2004,6,"PA","pooled_3",78.319194806635,78.4,-0.0808051933649523,0.00652947927474733
2004,6,"RI","pooled_3",79.6570833842384,79.47,0.187083384238363,0.0350001926580791
2004,6,"SC","pooled_3",76.8737513744869,76.71,0.163751374486935,0.0268145126463605
2004,6,"SD","pooled_3",79.2913425050754,79.23,0.0613425050754017,0.00376290292892569
2004,6,"TN","pooled_3",75.9978336663091,76.14,-0.142166333690923,0.020211266435119
2004,6,"TX","pooled_3",78.1459747714404,78.29,-0.144025228559627,0.0207432664616529
2004,6,"UT","pooled_3",79.7859311542153,79.78,0.0059311542153182,3.51785903258869e-05
2004,6,"VT","pooled_3",80.5221072200532,80.04,0.482107220053166,0.232427371627392
2004,6,"VA","pooled_3",78.8660287050525,79,-0.1339712949475,0.01794830786991
2004,6,"WA","pooled_3",79.9996393915351,80.01,-0.0103606084648646,0.000107342207762225
2004,6,"WV","pooled_3",75.881923798619,75.44,0.441923798618973,0.195296643785822
2004,6,"WI","pooled_3",79.8424675043937,79.59,0.252467504393692,0.0637398407747791
2004,6,"WY","pooled_3",78.3654254015736,77.97,0.395425401573618,0.156361248209657
2004,7,"USA","pooled_3",78.7132927031301,78.72,-0.00670729686990512,4.4987831301039e-05
2004,7,"AL","pooled_3",75.6031542679864,75.33,0.273154267986399,0.0746132541191856
2004,7,"AK","pooled_3",78.5968549962084,77.93,0.666854996208414,0.444695585968124
2004,7,"AZ","pooled_3",79.0647984307601,79.16,-0.0952015692398902,0.00906333878573761
2004,7,"AR","pooled_3",75.9976447182354,75.84,0.157644718235431,0.0248518571875286
2004,7,"CA","pooled_3",80.0440235620122,80.51,-0.465976437987763,0.217134040759763
2004,7,"CO","pooled_3",80.2616710809791,80.05,0.211671080979087,0.0448046465228554
2004,7,"CT","pooled_3",80.5784860618921,80.64,-0.0615139381078649,0.00378396458153823
2004,7,"DE","pooled_3",78.2303533213828,78.21,0.0203533213828138,0.000414257691312104
2004,7,"FL","pooled_3",78.6496846285727,79.16,-0.510315371427282,0.260421778314965
2004,7,"GA","pooled_3",77.1018353330688,77.53,-0.428164666931238,0.183324982008338
2004,7,"HI","pooled_3",81.4036624870811,81.21,0.193662487081099,0.0375051589024368
2004,7,"ID","pooled_3",79.7783429301398,79.24,0.538342930139791,0.289813110431496
2004,7,"IL","pooled_3",78.7568044189082,78.92,-0.163195581091799,0.0266327976878898
2004,7,"IN","pooled_3",77.8086437341827,77.4,0.408643734182718,0.166989701486796
2004,7,"IA","pooled_3",80.2958712978687,79.51,0.785871297868681,0.617593696813805
2004,7,"KS","pooled_3",78.8570893877089,78.5,0.35708938770891,0.127512830814325
2004,7,"KY","pooled_3",76.4024344205744,75.87,0.532434420574432,0.283486412212432
2004,7,"LA","pooled_3",75.0810065174469,75.94,-0.858993482553089,0.737869803068684
2004,7,"ME","pooled_3",79.3551703147368,79.02,0.335170314736757,0.112339139880737
2004,7,"MD","pooled_3",78.4752621050653,79.09,-0.614737894934748,0.377902679468806
2004,7,"MA","pooled_3",80.2317830433769,80.49,-0.258216956623102,0.0666759966876967
2004,7,"MI","pooled_3",78.3941730330628,78.03,0.364173033062784,0.132621998010147
2004,7,"MN","pooled_3",81.216154421237,80.76,0.45615442123696,0.208076856014026
2004,7,"MS","pooled_3",75.0368404839453,74.76,0.276840483945335,0.0766406535510875
2004,7,"MO","pooled_3",77.5521851788442,77.41,0.142185178844173,0.0202166250829494
2004,7,"MT","pooled_3",79.2544445257971,78.35,0.904444525797118,0.818019900244373
2004,7,"NE","pooled_3",79.9488578986635,79.51,0.438857898663485,0.19259625521933
2004,7,"NV","pooled_3",77.6360134323777,77.69,-0.0539865676222746,0.00291454948363443
2004,7,"NH","pooled_3",80.417846935094,80.03,0.387846935093947,0.150425245061768
2004,7,"NJ","pooled_3",79.7229637687474,79.86,-0.137036231252608,0.0187789286759183
2004,7,"NM","pooled_3",78.5419346737148,77.89,0.651934673714834,0.425018818791667
2004,7,"NY","pooled_3",80.0300004626796,80.2,-0.169999537320436,0.0288998426891623
2004,7,"NC","pooled_3",77.7392324137804,77.86,-0.120767586219586,0.014584809881305
2004,7,"ND","pooled_3",80.5868900766092,79.64,0.946890076609193,0.896600817180964
2004,7,"OH","pooled_3",77.9303325661107,77.47,0.460332566110694,0.211906071422056
2004,7,"OK","pooled_3",76.0597156122014,75.62,0.439715612201368,0.193349819613624
2004,7,"OR","pooled_3",79.4943769516171,79.33,0.164376951617072,0.0270197822229213
2004,7,"PA","pooled_3",78.4909003347461,78.28,0.2109003347461,0.044478951196017
2004,7,"RI","pooled_3",79.8336434049643,79.8,0.0336434049643088,0.00113187869759248
2004,7,"SC","pooled_3",77.0757520307661,76.94,0.135752030766085,0.0184286138571161
2004,7,"SD","pooled_3",79.4508532362347,79.21,0.240853236234742,0.0580102814047482
2004,7,"TN","pooled_3",76.1222363246581,76.26,-0.137763675341859,0.018978830243697
2004,7,"TX","pooled_3",78.294642403118,78.49,-0.195357596882047,0.0381645906595285
2004,7,"UT","pooled_3",79.9431857196979,79.76,0.183185719697903,0.0335570079012387
2004,7,"VT","pooled_3",80.7176573866102,79.78,0.93765738661024,0.879201374664746
2004,7,"VA","pooled_3",79.059638474087,78.96,0.0996384740870297,0.0099278255183917
2004,7,"WA","pooled_3",80.1765707308019,80,0.176570730801885,0.0311772229759116
2004,7,"WV","pooled_3",76.0074834426787,75.1,0.907483442678696,0.823526198735979
2004,7,"WI","pooled_3",80.0090582940509,79.46,0.549058294050937,0.301465010266125
2004,7,"WY","pooled_3",78.5259280978376,78.26,0.265928097837588,0.0707177532195175
2004,8,"USA","pooled_3",78.879009518075,78.84,0.0390095180749483,0.00152174250043972
2004,8,"AL","pooled_3",75.7418745493619,75.35,0.391874549361944,0.153565662437627
2004,8,"AK","pooled_3",78.7839786268714,78.12,0.663978626871383,0.440867616942008
2004,8,"AZ","pooled_3",79.2465865612185,79.17,0.0765865612184768,0.0058655013592715
2004,8,"AR","pooled_3",76.103919835193,75.75,0.35391983519304,0.125259249743068
2004,8,"CA","pooled_3",80.2114107116248,80.69,-0.478589288375176,0.229047706947457
2004,8,"CO","pooled_3",80.4386800180982,80.25,0.188680018098154,0.0356001492295197
2004,8,"CT","pooled_3",80.7575123764395,80.81,-0.0524876235605234,0.00275495062703121
2004,8,"DE","pooled_3",78.3924237007691,78.53,-0.137576299230872,0.0189272381100625
2004,8,"FL","pooled_3",78.8064476504994,79.36,-0.553552349500649,0.306420203637688
2004,8,"GA","pooled_3",77.2752577059511,77.69,-0.414742294048892,0.172011170472938
2004,8,"HI","pooled_3",81.5900974643693,81.33,0.260097464369295,0.0676506909713367
2004,8,"ID","pooled_3",79.9426509192206,79.49,0.452650919220574,0.20489285467123
2004,8,"IL","pooled_3",78.9301881334206,79.04,-0.109811866579435,0.0120586460416595
2004,8,"IN","pooled_3",77.9467598507651,77.42,0.526759850765131,0.277475940378104
2004,8,"IA","pooled_3",80.4555916032578,79.58,0.875591603257803,0.76666065569557
2004,8,"KS","pooled_3",78.9878123735291,78.52,0.4678123735291,0.21884841682693
2004,8,"KY","pooled_3",76.527209367561,75.71,0.817209367560963,0.667831150429389
2004,8,"LA","pooled_3",75.2111849003934,75.73,-0.518815099606599,0.269169107579805
2004,8,"ME","pooled_3",79.5330436432365,79.16,0.373043643236528,0.139161559759182
2004,8,"MD","pooled_3",78.6583955558663,79.22,-0.561604444133707,0.31539955167073
2004,8,"MA","pooled_3",80.4099539413306,80.79,-0.380046058669436,0.144435006710172
2004,8,"MI","pooled_3",78.5501411798016,78.14,0.410141179801556,0.168215787369012
2004,8,"MN","pooled_3",81.3936273342057,80.9,0.493627334205669,0.243667945074996
2004,8,"MS","pooled_3",75.1728521678586,75,0.172852167858622,0.0298778719334252
2004,8,"MO","pooled_3",77.6860185026478,77.54,0.146018502647792,0.0213214031155031
2004,8,"MT","pooled_3",79.4432738797261,78.8,0.643273879726081,0.413801284337845
2004,8,"NE","pooled_3",80.1007537720025,79.52,0.58075377200251,0.337274943695143
2004,8,"NV","pooled_3",77.8200574439918,78.02,-0.19994255600821,0.0399770257030963
2004,8,"NH","pooled_3",80.6056199498376,80.32,0.285619949837624,0.081578755745247
2004,8,"NJ","pooled_3",79.9075714979756,80.15,-0.242428502024453,0.05877157859382
2004,8,"NM","pooled_3",78.7105805700158,77.85,0.860580570015784,0.740598917488693
2004,8,"NY","pooled_3",80.2277678517355,80.42,-0.192232148264537,0.036953198826399
2004,8,"NC","pooled_3",77.9114625238813,77.9,0.0114625238812778,0.000131389453728863
2004,8,"ND","pooled_3",80.7555941762943,79.54,1.2155941762943,1.47766920144062
2004,8,"OH","pooled_3",78.0773467716368,77.52,0.557346771636773,0.310635423853933
2004,8,"OK","pooled_3",76.1527219425233,75.82,0.332721942523307,0.110703891036483
2004,8,"OR","pooled_3",79.6608740950432,79.54,0.120874095043149,0.0146105468525002
2004,8,"PA","pooled_3",78.6626058628571,78.47,0.19260586285715,0.0370970184069471
2004,8,"RI","pooled_3",80.0102034256902,80.12,-0.109796574309755,0.0120552877301575
2004,8,"SC","pooled_3",77.2777526870452,76.99,0.287752687045241,0.0828016089017566
2004,8,"SD","pooled_3",79.6103639673941,79,0.610363967394065,0.372544172693023
2004,8,"TN","pooled_3",76.2466389830072,76.23,0.016638983007212,0.00027685575551429
2004,8,"TX","pooled_3",78.4433100347955,78.49,-0.0466899652044788,0.00217995285079544
2004,8,"UT","pooled_3",80.1004402851805,79.79,0.310440285180491,0.0963731706629443
2004,8,"VT","pooled_3",80.9132075531673,80.16,0.753207553167314,0.567321618148293
2004,8,"VA","pooled_3",79.2532482431215,79.16,0.0932482431215504,0.00869523484525578
2004,8,"WA","pooled_3",80.3535020700686,80.07,0.283502070068636,0.0803734237332016
2004,8,"WV","pooled_3",76.1330430867384,75.18,0.953043086738404,0.908291125179865
2004,8,"WI","pooled_3",80.1756490837082,79.66,0.515649083708169,0.265893977529074
2004,8,"WY","pooled_3",78.6864307941016,78.37,0.316430794101564,0.100128447455746
2004,9,"USA","pooled_3",79.0447263330198,78.83,0.214726333019811,0.046107398092135
2004,9,"AL","pooled_3",75.8805948307375,75.29,0.590594830737473,0.348802254093824
2004,9,"AK","pooled_3",78.9711022575344,78.2,0.771102257534352,0.594598691574574
2004,9,"AZ","pooled_3",79.4283746916769,79.28,0.14837469167685,0.0220150491302002
2004,9,"AR","pooled_3",76.2101949521506,75.78,0.430194952150643,0.185067696855894
2004,9,"CA","pooled_3",80.3787978612374,80.69,-0.311202138762596,0.096846771170414
2004,9,"CO","pooled_3",80.6156889552172,80.32,0.29568895521723,0.087431958237457
2004,9,"CT","pooled_3",80.9365386909868,80.86,0.0765386909868226,0.00585817121797633
2004,9,"DE","pooled_3",78.5544940801555,78.8,-0.245505919844547,0.060273156678717
2004,9,"FL","pooled_3",78.963210672426,79.43,-0.46678932757402,0.217892276337006
2004,9,"GA","pooled_3",77.4486800788334,77.54,-0.0913199211665585,0.00833932800186646
2004,9,"HI","pooled_3",81.7765324416575,81.24,0.536532441657499,0.287867060950958
2004,9,"ID","pooled_3",80.1069589083014,79.14,0.96695890830135,0.93500953034334
2004,9,"IL","pooled_3",79.1035718479329,79.17,-0.0664281520670613,0.00441269938704462
2004,9,"IN","pooled_3",78.0848759673475,77.25,0.834875967347543,0.697017880854495
2004,9,"IA","pooled_3",80.6153119086469,79.5,1.11531190864692,1.24392065356963
2004,9,"KS","pooled_3",79.1185353593493,78.61,0.508535359349281,0.258608211708503
2004,9,"KY","pooled_3",76.6519843145475,76.07,0.581984314547483,0.338705742379304
2004,9,"LA","pooled_3",75.3413632833399,75.56,-0.2186367166601,0.0478020138719089
2004,9,"ME","pooled_3",79.7109169717363,78.87,0.840916971736291,0.707141353354135
2004,9,"MD","pooled_3",78.8415290066673,79.15,-0.308470993332676,0.0951543537276481
2004,9,"MA","pooled_3",80.5881248392842,80.66,-0.0718751607157486,0.00516603872791469
2004,9,"MI","pooled_3",78.7061093265403,78.03,0.676109326540328,0.457123821434815
2004,9,"MN","pooled_3",81.5711002471744,80.8,0.771100247174388,0.594595591192403
2004,9,"MS","pooled_3",75.3088638517719,74.63,0.678863851771908,0.460856129242591
2004,9,"MO","pooled_3",77.8198518264514,77.47,0.349851826451427,0.1223963004714
2004,9,"MT","pooled_3",79.632103233655,78.3,1.33210323365505,1.77449902511423
2004,9,"NE","pooled_3",80.2526496453415,79.63,0.622649645341525,0.387692580843927
2004,9,"NV","pooled_3",78.0041014556058,77.93,0.0741014556058417,0.00549102572290453
2004,9,"NH","pooled_3",80.7933929645813,80.28,0.513392964581286,0.263572336081561
2004,9,"NJ","pooled_3",80.0921792272037,80.18,-0.0878207727962916,0.00771248813453788
2004,9,"NM","pooled_3",78.8792264663167,78.17,0.709226466316721,0.503002180524104
2004,9,"NY","pooled_3",80.4255352407914,80.48,-0.054464759208642,0.00296640999565536
2004,9,"NC","pooled_3",78.0836926339822,77.99,0.0936926339821582,0.00877830966251467
2004,9,"ND","pooled_3",80.9242982759794,79.32,1.60429827597943,2.57377295831058
2004,9,"OH","pooled_3",78.2243609771628,77.55,0.674360977162848,0.454762727520032
2004,9,"OK","pooled_3",76.2457282728452,75.58,0.665728272845229,0.443194133265491
2004,9,"OR","pooled_3",79.8273712384692,79.41,0.417371238469244,0.17419875070135
2004,9,"PA","pooled_3",78.8343113909682,78.49,0.344311390968201,0.118550333950457
2004,9,"RI","pooled_3",80.1867634464162,79.68,0.506763446416187,0.256809190623612
2004,9,"SC","pooled_3",77.4797533433244,76.97,0.509753343324391,0.259848471030394
2004,9,"SD","pooled_3",79.7698746985534,79.58,0.189874698553396,0.036052401150743
2004,9,"TN","pooled_3",76.3710416413563,76.27,0.101041641356289,0.010209413287973
2004,9,"TX","pooled_3",78.5919776664731,78.46,0.131977666473091,0.0174181044476824
2004,9,"UT","pooled_3",80.2576948506631,79.6,0.657694850663091,0.432562516588746
2004,9,"VT","pooled_3",81.1087577197244,79.78,1.32875771972438,1.76559707772713
2004,9,"VA","pooled_3",79.4468580121561,79.24,0.206858012156076,0.0427902371931632
2004,9,"WA","pooled_3",80.5304334093354,80.16,0.370433409335376,0.137220910751831
2004,9,"WV","pooled_3",76.2586027307981,75.31,0.948602730798129,0.899847140877667
2004,9,"WI","pooled_3",80.3422398733654,79.42,0.922239873365399,0.850526384025027
2004,9,"WY","pooled_3",78.8469334903655,78.63,0.216933490365548,0.0470601392421794
2004,10,"USA","pooled_3",79.2104431479647,78.89,0.320443147964667,0.102683811077506
2004,10,"AL","pooled_3",76.019315112113,75.43,0.589315112113013,0.347292301364773
2004,10,"AK","pooled_3",79.1582258881973,78.13,1.02822588819733,1.05724847715918
2004,10,"AZ","pooled_3",79.6101628221352,79.38,0.230162822135227,0.0529749246932523
2004,10,"AR","pooled_3",76.3164700691082,75.84,0.476470069108245,0.227023726756016
2004,10,"CA","pooled_3",80.54618501085,81.03,-0.483814989150019,0.234076943726233
2004,10,"CO","pooled_3",80.7926978923363,80.15,0.642697892336287,0.413060580813505
2004,10,"CT","pooled_3",81.1155650055342,80.97,0.145565005534166,0.0211891708361619
2004,10,"DE","pooled_3",78.7165644595418,78.77,-0.0534355404582243,0.00285535698406253
2004,10,"FL","pooled_3",79.1199736943526,79.4,-0.280026305647382,0.0784147318545212
2004,10,"GA","pooled_3",77.6221024517158,77.53,0.0921024517157889,0.00848286161205923
2004,10,"HI","pooled_3",81.9629674189457,81.47,0.492967418945696,0.243016876141981
2004,10,"ID","pooled_3",80.2712668973821,79.27,1.00126689738214,1.00253539979325
2004,10,"IL","pooled_3",79.2769555624453,79.07,0.206955562445316,0.042830604827057
2004,10,"IN","pooled_3",78.22299208393,77.33,0.892992083929954,0.797434861961562
2004,10,"IA","pooled_3",80.775032214036,79.46,1.31503221403604,1.72930972395252
2004,10,"KS","pooled_3",79.2492583451695,78.55,0.699258345169468,0.488962233289144
2004,10,"KY","pooled_3",76.776759261534,75.75,1.026759261534,1.05423458114584
2004,10,"LA","pooled_3",75.4715416662864,75.63,-0.158458333713597,0.0251090435232896
2004,10,"ME","pooled_3",79.8887903002361,79.05,0.83879030023607,0.703569167770117
2004,10,"MD","pooled_3",79.0246624574684,79.29,-0.26533754253164,0.0704040114767297
2004,10,"MA","pooled_3",80.7662957372379,80.55,0.216295737237928,0.0467838459472989
2004,10,"MI","pooled_3",78.8620774732791,78,0.8620774732791,0.743177569935278
2004,10,"MN","pooled_3",81.7485731601431,80.88,0.8685731601431,0.754419334520972
2004,10,"MS","pooled_3",75.4448755356852,74.8,0.644875535685188,0.415864456525258
2004,10,"MO","pooled_3",77.953685150255,77.44,0.513685150255057,0.263872433592561
2004,10,"MT","pooled_3",79.820932587584,78.79,1.030932587584,1.06282200014265
2004,10,"NE","pooled_3",80.4045455186805,79.4,1.00454551868053,1.00911169910113
2004,10,"NV","pooled_3",78.1881454672199,78.09,0.0981454672199078,0.009632532735814
2004,10,"NH","pooled_3",80.981165979325,79.84,1.14116597932495,1.30225979236868
2004,10,"NJ","pooled_3",80.2767869564319,80.32,-0.043213043568116,0.00186736713441989
2004,10,"NM","pooled_3",79.0478723626177,77.64,1.40787236261767,1.98210458942265
2004,10,"NY","pooled_3",80.6233026298473,80.73,-0.106697370152744,0.0113843287975118
2004,10,"NC","pooled_3",78.255922744083,77.94,0.315922744083025,0.0998071802289485
2004,10,"ND","pooled_3",81.0930023756645,79.74,1.35300237566454,1.8306154285539
2004,10,"OH","pooled_3",78.3713751826889,77.53,0.841375182688921,0.707912198044815
2004,10,"OK","pooled_3",76.3387346031672,75.63,0.708734603167159,0.50230473772651
2004,10,"OR","pooled_3",79.9938683818953,79.45,0.543868381895322,0.295792816825436
2004,10,"PA","pooled_3",79.0060169190792,78.64,0.366016919079243,0.133968385052261
2004,10,"RI","pooled_3",80.3633234671421,79.95,0.413323467142135,0.170836288490395
2004,10,"SC","pooled_3",77.6817539996035,76.97,0.711753999603545,0.506593755951643
2004,10,"SD","pooled_3",79.9293854297127,79.12,0.809385429712719,0.655104773831243
2004,10,"TN","pooled_3",76.4954442997054,76.14,0.355444299705354,0.12634065019303
2004,10,"TX","pooled_3",78.7406452981507,78.44,0.300645298150656,0.0903875953000966
2004,10,"UT","pooled_3",80.4149494161457,79.62,0.79494941614567,0.631944574230341
2004,10,"VT","pooled_3",81.3043078862814,80,1.30430788628145,1.70121906221598
2004,10,"VA","pooled_3",79.6404677811906,79.3,0.340467781190597,0.115918310028848
2004,10,"WA","pooled_3",80.7073647486021,80.16,0.547364748602121,0.299608168012263
2004,10,"WV","pooled_3",76.3841623748579,75.19,1.19416237485785,1.42602377752615
2004,10,"WI","pooled_3",80.5088306630226,79.54,0.968830663022629,0.938632853612868
2004,10,"WY","pooled_3",79.0074361866295,78.26,0.747436186629514,0.55866085308327
2011,1,"USA","rw_drift",78.8859905792029,78.84,0.0459905792028508,0.00211513337541369
2011,1,"AL","rw_drift",75.4730478856323,75.35,0.123047885632289,0.0151407821585769
2011,1,"AK","rw_drift",78.1306901350733,78.12,0.0106901350732898,0.00011427898788518
2011,1,"AZ","rw_drift",79.3577254579587,79.17,0.187725457958649,0.0352408475657845
2011,1,"AR","rw_drift",75.9649758214104,75.75,0.214975821410363,0.0462146037910602
2011,1,"CA","rw_drift",80.6890536135447,80.69,-0.000946386455339621,8.95647322850292e-07
2011,1,"CO","rw_drift",80.2365684066583,80.25,-0.0134315933416929,0.000180407699696608
2011,1,"CT","rw_drift",80.85151855435,80.81,0.0415185543499916,0.00172379035531321
2011,1,"DE","rw_drift",78.4097179814903,78.53,-0.120282018509727,0.0144677639767742
2011,1,"FL","rw_drift",79.323247426752,79.36,-0.036752573248009,0.00135075164035026
2011,1,"GA","rw_drift",77.7052689555196,77.69,0.0152689555196162,0.000233141002660017
2011,1,"HI","rw_drift",81.418291500948,81.33,0.0882915009480456,0.00779538913965874
2011,1,"ID","rw_drift",79.5077510274811,79.49,0.0177510274811254,0.000315098976635671
2011,1,"IL","rw_drift",79.1016408556428,79.04,0.061640855642807,0.00379959508437737
2011,1,"IN","rw_drift",77.5452757001288,77.42,0.125275700128796,0.01569400104276
2011,1,"IA","rw_drift",79.68069092988,79.58,0.10069092987996,0.010138663360091
2011,1,"KS","rw_drift",78.6524415057857,78.52,0.132441505785721,0.0175407524547891
2011,1,"KY","rw_drift",75.9904441818253,75.71,0.280444181825274,0.0786489391196474
2011,1,"LA","rw_drift",76.0803421135373,75.73,0.350342113537337,0.122739596517808
2011,1,"ME","rw_drift",79.2407108940515,79.16,0.0807108940514638,0.00651424841858662
2011,1,"MD","rw_drift",79.2830440528579,79.22,0.0630440528578902,0.00397455260074845
2011,1,"MA","rw_drift",80.6776780119964,80.79,-0.112321988003586,0.0126162289890778
2011,1,"MI","rw_drift",78.1869724747728,78.14,0.0469724747727867,0.00220641338628008
2011,1,"MN","rw_drift",80.9482366177429,80.9,0.0482366177429299,0.00232677129127754
2011,1,"MS","rw_drift",74.907484744917,75,-0.0925152550830148,0.0085590724230753
2011,1,"MO","rw_drift",77.548744208179,77.54,0.00874420817895327,7.64611766768733e-05
2011,1,"MT","rw_drift",78.6045357150733,78.8,-0.1954642849267,0.0382062866819063
2011,1,"NE","rw_drift",79.7137998697081,79.52,0.193799869708144,0.0375583894988936
2011,1,"NV","rw_drift",77.9294555793517,78.02,-0.0905444206483139,0.00819829211053882
2011,1,"NH","rw_drift",80.3182016249631,80.32,-0.00179837503686997,3.23415277323707e-06
2011,1,"NJ","rw_drift",80.0643486334606,80.15,-0.0856513665394232,0.00733615659007062
2011,1,"NM","rw_drift",78.0971393741236,77.85,0.24713937412362,0.0610778702422145
2011,1,"NY","rw_drift",80.4053373597129,80.42,-0.0146626402871277,0.000214993020189701
2011,1,"NC","rw_drift",78.0382020287763,77.9,0.138202028776249,0.0190998007578711
2011,1,"ND","rw_drift",79.825685135203,79.54,0.285685135203039,0.0816159964759786
2011,1,"OH","rw_drift",77.6209478713484,77.52,0.100947871348367,0.0101904727297665
2011,1,"OK","rw_drift",75.7170400951976,75.82,-0.102959904802418,0.010600741996923
2011,1,"OR","rw_drift",79.5373340350219,79.54,-0.0026659649781493,7.10736926471862e-06
2011,1,"PA","rw_drift",78.4600510242302,78.47,-0.00994897576983078,9.898211886868e-05
2011,1,"RI","rw_drift",79.9503553058108,80.12,-0.169644694189245,0.0287793222665623
2011,1,"SC","rw_drift",77.138507383583,76.99,0.148507383583038,0.0220544429786795
2011,1,"SD","rw_drift",79.4247214816961,79,0.424721481696082,0.180388337014115
2011,1,"TN","rw_drift",76.3879583920109,76.23,0.157958392010926,0.0249508536066773
2011,1,"TX","rw_drift",78.6409014944693,78.49,0.150901494469309,0.022771261033071
2011,1,"UT","rw_drift",79.9546322729559,79.79,0.164632272955927,0.027103785298635
2011,1,"VT","rw_drift",80.1397207930904,80.16,-0.0202792069096063,0.000411246232882623
2011,1,"VA","rw_drift",79.167568062304,79.16,0.00756806230398865,5.7275567037054e-05
2011,1,"WA","rw_drift",80.18757066564,80.07,0.117570665639988,0.0138228614190299
2011,1,"WV","rw_drift",75.2850442084985,75.18,0.105044208498498,0.0110342857390759
2011,1,"WI","rw_drift",79.64202019383,79.66,-0.0179798061699898,0.000323273429910405
2011,1,"WY","rw_drift",78.3942815857358,78.37,0.0242815857357499,0.000589595405842573
2011,2,"USA","rw_drift",79.0516574267289,78.83,0.221657426728854,0.0491320148240571
2011,2,"AL","rw_drift",75.6068075529112,75.29,0.316807552911229,0.100367025581601
2011,2,"AK","rw_drift",78.3057058201144,78.2,0.10570582011438,0.0111737204060537
2011,2,"AZ","rw_drift",79.5415737110796,79.28,0.26157371107962,0.0684208063279647
2011,2,"AR","rw_drift",76.0685864550321,75.78,0.288586455032089,0.0832821420279879
2011,2,"CA","rw_drift",80.8651473740594,80.69,0.175147374059378,0.0306766026398957
2011,2,"CO","rw_drift",80.409841282635,80.32,0.0898412826349642,0.00807145606549551
2011,2,"CT","rw_drift",81.0322890310426,80.86,0.172289031042553,0.0296835102175817
2011,2,"DE","rw_drift",78.5719354739463,78.8,-0.228064526053686,0.0520134280440923
2011,2,"FL","rw_drift",79.4896039333243,79.43,0.059603933324297,0.00355262886772725
2011,2,"GA","rw_drift",77.8866618847646,77.54,0.346661884764586,0.120174462348535
2011,2,"HI","rw_drift",81.6016251539515,81.24,0.361625153951493,0.130772751970441
2011,2,"ID","rw_drift",79.664005661796,79.14,0.524005661795997,0.27458193359426
2011,2,"IL","rw_drift",79.2781541500592,79.17,0.108154150059164,0.0116973201750202
2011,2,"IN","rw_drift",77.675928984641,77.25,0.425928984641033,0.181415499957341
2011,2,"IA","rw_drift",79.8260739782496,79.5,0.326073978249553,0.10632423929149
2011,2,"KS","rw_drift",78.776929933967,78.61,0.166929933966969,0.0278656028542167
2011,2,"KY","rw_drift",76.1052676134054,76.07,0.0352676134053951,0.0012438045553124
2011,2,"LA","rw_drift",76.2266440092535,75.56,0.666644009253474,0.444414235073546
2011,2,"ME","rw_drift",79.4131315734834,78.87,0.543131573483407,0.294991906114562
2011,2,"MD","rw_drift",79.4777316379055,79.15,0.327731637905472,0.107408026484204
2011,2,"MA","rw_drift",80.8607860036879,80.66,0.200786003687867,0.0403150192769441
2011,2,"MI","rw_drift",78.3361760176161,78.03,0.30617601761611,0.0937437537632606
2011,2,"MN","rw_drift",81.1174628382647,80.8,0.317462838264717,0.10078265367909
2011,2,"MS","rw_drift",75.0385497683122,74.63,0.408549768312199,0.166912913187951
2011,2,"MO","rw_drift",77.680017166741,77.47,0.210017166740982,0.0441072103259096
2011,2,"MT","rw_drift",78.7777686305681,78.3,0.477768630568107,0.228262864354925
2011,2,"NE","rw_drift",79.8584998108621,79.63,0.228499810862104,0.0522121635640173
2011,2,"NV","rw_drift",78.1155566974901,77.93,0.1855566974901,0.0344312879834323
2011,2,"NH","rw_drift",80.5007601778456,80.28,0.220760177845634,0.0487350561224358
2011,2,"NJ","rw_drift",80.2518365804372,80.18,0.0718365804372212,0.00516049428891335
2011,2,"NM","rw_drift",78.2543098183266,78.17,0.084309818326588,0.00710814546626228
2011,2,"NY","rw_drift",80.6063623157831,80.48,0.126362315783055,0.0159674348500565
2011,2,"NC","rw_drift",78.2127998161765,77.99,0.222799816176504,0.0496397580882841
2011,2,"ND","rw_drift",79.9770865313117,79.32,0.657086531311677,0.431762709631211
2011,2,"OH","rw_drift",77.7594849885119,77.55,0.209484988511946,0.0438839604118501
2011,2,"OK","rw_drift",75.8019852660453,75.58,0.22198526604528,0.0492774583411938
2011,2,"OR","rw_drift",79.701543322815,79.41,0.291543322815031,0.0849975090780291
2011,2,"PA","rw_drift",78.6280149675485,78.49,0.138014967548486,0.0190481312674096
2011,2,"RI","rw_drift",80.1257333185942,79.68,0.445733318594208,0.198678191305005
2011,2,"SC","rw_drift",77.3379242013158,76.97,0.367924201315844,0.135368217913902
2011,2,"SD","rw_drift",79.5809196534823,79.58,0.000919653482284843,8.45762527478639e-07
2011,2,"TN","rw_drift",76.5149576283128,76.27,0.244957628312804,0.0600042396686338
2011,2,"TX","rw_drift",78.7931404659537,78.46,0.333140465953662,0.110982570055823
2011,2,"UT","rw_drift",80.108976592837,79.6,0.508976592837058,0.259057172056021
2011,2,"VT","rw_drift",80.3208268475493,79.78,0.540826847549283,0.292493679030096
2011,2,"VA","rw_drift",79.3595600726423,79.24,0.119560072642315,0.0142946109702357
2011,2,"WA","rw_drift",80.3614159969745,80.16,0.201415996974461,0.0405684038372161
2011,2,"WV","rw_drift",75.394764321866,75.31,0.0847643218660181,0.00718499026140592
2011,2,"WI","rw_drift",79.7987246933631,79.42,0.378724693363111,0.143432393362982
2011,2,"WY","rw_drift",78.549549116314,78.63,-0.0804508836859412,0.00647234468584884
2011,3,"USA","rw_drift",79.2173242742548,78.89,0.327324274254849,0.107141180516464
2011,3,"AL","rw_drift",75.7405672201902,75.43,0.31056722019018,0.0964519982566556
2011,3,"AK","rw_drift",78.4807215051555,78.13,0.350721505155477,0.123005574178523
2011,3,"AZ","rw_drift",79.7254219642006,79.38,0.345421964200597,0.119316333352198
2011,3,"AR","rw_drift",76.1721970886538,75.84,0.332197088653814,0.11035490571007
2011,3,"CA","rw_drift",81.0412411345741,81.03,0.0112411345740924,0.000126363106512855
2011,3,"CO","rw_drift",80.5831141586116,80.15,0.433114158611602,0.187587874389836
2011,3,"CT","rw_drift",81.2130595077351,80.97,0.243059507735111,0.0590779243004347
2011,3,"DE","rw_drift",78.7341529664023,78.77,-0.0358470335976477,0.00128500981775089
2011,3,"FL","rw_drift",79.6559604398966,79.4,0.255960439896612,0.0655157467920669
2011,3,"GA","rw_drift",78.0680548140096,77.53,0.53805481400957,0.289502982878873
2011,3,"HI","rw_drift",81.7849588069549,81.47,0.314958806954934,0.0991990500784753
2011,3,"ID","rw_drift",79.8202602961109,79.27,0.550260296110878,0.302786393476031
2011,3,"IL","rw_drift",79.4546674444755,79.07,0.384667444475525,0.147969042839331
2011,3,"IN","rw_drift",77.8065822691533,77.33,0.476582269153269,0.227130659271279
2011,3,"IA","rw_drift",79.9714570266191,79.46,0.511457026619155,0.261588290078107
2011,3,"KS","rw_drift",78.9014183621482,78.55,0.351418362148223,0.12349486525494
2011,3,"KY","rw_drift",76.2200910449855,75.75,0.470091044985509,0.220985590575568
2011,3,"LA","rw_drift",76.3729459049696,75.63,0.742945904969616,0.551968617711122
2011,3,"ME","rw_drift",79.5855522529154,79.05,0.535552252915366,0.286816215602724
2011,3,"MD","rw_drift",79.6724192229531,79.29,0.382419222953061,0.146244462084023
2011,3,"MA","rw_drift",81.0438939953793,80.55,0.49389399537931,0.243931278671737
2011,3,"MI","rw_drift",78.4853795604594,78,0.485379560459435,0.235593317711795
2011,3,"MN","rw_drift",81.2866890587865,80.88,0.406689058786498,0.165395990536647
2011,3,"MS","rw_drift",75.1696147917074,74.8,0.369614791707406,0.136615094248909
2011,3,"MO","rw_drift",77.811290125303,77.44,0.371290125303005,0.137856357147521
2011,3,"MT","rw_drift",78.9510015460629,78.79,0.161001546062906,0.025921497834646
2011,3,"NE","rw_drift",80.0031997520161,79.4,0.603199752016053,0.363849940832228
2011,3,"NV","rw_drift",78.3016578156285,78.09,0.211657815628527,0.0447990309166396
2011,3,"NH","rw_drift",80.6833187307281,79.84,0.843318730728143,0.711186481596926
2011,3,"NJ","rw_drift",80.4393245274139,80.32,0.11932452741388,0.0142383428425459
2011,3,"NM","rw_drift",78.4114802625296,77.64,0.771480262529565,0.595181795472686
2011,3,"NY","rw_drift",80.8073872718532,80.73,0.0773872718532402,0.00598878984488731
2011,3,"NC","rw_drift",78.3873976035767,77.94,0.447397603576746,0.200164615686216
2011,3,"ND","rw_drift",80.1284879274203,79.74,0.3884879274203,0.15092286975132
2011,3,"OH","rw_drift",77.8980221056755,77.53,0.368022105675522,0.135440270265845
2011,3,"OK","rw_drift",75.886930436893,75.63,0.256930436892986,0.0660132494020208
2011,3,"OR","rw_drift",79.8657526106082,79.45,0.415752610608195,0.172850233227529
2011,3,"PA","rw_drift",78.7959789108668,78.64,0.155978910866793,0.0243294206351909
2011,3,"RI","rw_drift",80.3011113313777,79.95,0.351111331377666,0.123279167021797
2011,3,"SC","rw_drift",77.5373410190487,76.97,0.567341019048655,0.321875831895166
2011,3,"SD","rw_drift",79.7371178252685,79.12,0.61711782526848,0.380834410264098
2011,3,"TN","rw_drift",76.6419568646147,76.14,0.50195686461467,0.25196069393379
2011,3,"TX","rw_drift",78.945379437438,78.44,0.505379437438009,0.255408375785158
2011,3,"UT","rw_drift",80.2633209127182,79.62,0.643320912718167,0.413861796740535
2011,3,"VT","rw_drift",80.5019329020082,80,0.501932902008178,0.251936638118352
2011,3,"VA","rw_drift",79.5515520829806,79.3,0.251552082980638,0.0632784504518976
2011,3,"WA","rw_drift",80.5352613283089,80.16,0.375261328308937,0.140821064524188
2011,3,"WV","rw_drift",75.5044844352335,75.19,0.314484435233538,0.0989004600041575
2011,3,"WI","rw_drift",79.9554291928962,79.54,0.415429192896212,0.172581414310398
2011,3,"WY","rw_drift",78.7048166468924,78.26,0.444816646892349,0.197861849352553
2011,4,"USA","rw_drift",79.3829911217808,78.72,0.662991121780848,0.439557227560228
2011,4,"AL","rw_drift",75.8743268874691,75.24,0.634326887469143,0.402370600166291
2011,4,"AK","rw_drift",78.6557371901966,77.8,0.855737190196564,0.73228613868551
2011,4,"AZ","rw_drift",79.9092702173216,79.23,0.679270217321559,0.461408028140078
2011,4,"AR","rw_drift",76.2758077222755,75.56,0.715807722275542,0.5123806952693
2011,4,"CA","rw_drift",81.2173348950888,80.75,0.467334895088811,0.21840190416767
2011,4,"CO","rw_drift",80.7563870345883,80.14,0.616387034588257,0.379932976408505
2011,4,"CT","rw_drift",81.3938299844277,80.68,0.713829984427662,0.509553246667996
2011,4,"DE","rw_drift",78.8963704588584,78.31,0.586370458858383,0.34383031502179
2011,4,"FL","rw_drift",79.8223169464689,79.27,0.552316946468935,0.305054009356768
2011,4,"GA","rw_drift",78.2494477432545,77.32,0.929447743254556,0.863873107440988
2011,4,"HI","rw_drift",81.9682924599584,81.31,0.658292459958375,0.433348962838049
2011,4,"ID","rw_drift",79.9765149304258,79.31,0.666514930425748,0.44424215248044
2011,4,"IL","rw_drift",79.6311807388919,79.05,0.581180738891874,0.337771051258904
2011,4,"IN","rw_drift",77.9372355536655,77.1,0.837235553665508,0.70096337232159
2011,4,"IA","rw_drift",80.1168400749887,79.42,0.696840074988742,0.485586090110316
2011,4,"KS","rw_drift",79.0259067903295,78.35,0.675906790329478,0.456849989213497
2011,4,"KY","rw_drift",76.3349144765656,75.39,0.944914476565629,0.892863368023296
2011,4,"LA","rw_drift",76.5192478006857,75.78,0.739247800685746,0.546487310818712
2011,4,"ME","rw_drift",79.7579729323473,78.41,1.34797293234732,1.81703102634103
2011,4,"MD","rw_drift",79.8671068080007,79.11,0.757106808000657,0.573210718720944
2011,4,"MA","rw_drift",81.2270019870708,80.2,1.02700198707075,1.05473308144726
2011,4,"MI","rw_drift",78.6345831033028,77.92,0.714583103302758,0.5106290115258
2011,4,"MN","rw_drift",81.4559152793083,80.7,0.755915279308269,0.571407909491698
2011,4,"MS","rw_drift",75.3006798151026,74.51,0.790679815102607,0.625174570010692
2011,4,"MO","rw_drift",77.942563083865,77.19,0.752563083865027,0.56635119519644
2011,4,"MT","rw_drift",79.1242344615577,78,1.12423446155772,1.26390312455398
2011,4,"NE","rw_drift",80.14789969317,79.11,1.03789969317002,1.07723577308242
2011,4,"NV","rw_drift",78.487758933767,77.93,0.557758933766948,0.311095028196843
2011,4,"NH","rw_drift",80.8658772836107,79.47,1.39587728361066,1.94847339090027
2011,4,"NJ","rw_drift",80.6268124743905,80.32,0.306812474390526,0.0941338944416371
2011,4,"NM","rw_drift",78.5686507067325,77.7,0.868650706732538,0.754554050306938
2011,4,"NY","rw_drift",81.0084122279234,80.68,0.328412227923423,0.107854591449626
2011,4,"NC","rw_drift",78.561995390977,77.72,0.84199539097699,0.708956238426495
2011,4,"ND","rw_drift",80.2798893235289,79.38,0.899889323528924,0.809800794601345
2011,4,"OH","rw_drift",78.0365592228391,77.16,0.876559222839106,0.768356071144297
2011,4,"OK","rw_drift",75.9718756077407,75.55,0.421875607740688,0.177979028406575
2011,4,"OR","rw_drift",80.0299618984014,79.26,0.769961898401363,0.59284132498983
2011,4,"PA","rw_drift",78.9639428541851,78.29,0.6739428541851,0.454198970707159
2011,4,"RI","rw_drift",80.4764893441611,79.51,0.966489344161118,0.934101652376989
2011,4,"SC","rw_drift",77.7367578367815,76.68,1.05675783678146,1.11673712559903
2011,4,"SD","rw_drift",79.8933159970547,78.81,1.08331599705468,1.17357354947458
2011,4,"TN","rw_drift",76.7689561009165,76.03,0.738956100916539,0.546056119081774
2011,4,"TX","rw_drift",79.0976184089224,78.43,0.667618408922351,0.445714339932012
2011,4,"UT","rw_drift",80.4176652325993,79.46,0.957665232599297,0.917122697729465
2011,4,"VT","rw_drift",80.6830389564671,79.63,1.05303895646708,1.10889104383727
2011,4,"VA","rw_drift",79.743544093319,79.15,0.593544093318954,0.352294590713819
2011,4,"WA","rw_drift",80.7091066596434,79.91,0.799106659643414,0.638571453486455
2011,4,"WV","rw_drift",75.614204548601,75,0.614204548601052,0.377247227522222
2011,4,"WI","rw_drift",80.1121336924293,79.43,0.682133692429318,0.465306374347255
2011,4,"WY","rw_drift",78.8600841774707,78.07,0.790084177470661,0.62423300748949
2011,5,"USA","rw_drift",79.5486579693068,78.68,0.868657969306838,0.75456666764028
2011,5,"AL","rw_drift",76.0080865547481,75.06,0.948086554748087,0.898868115294098
2011,5,"AK","rw_drift",78.8307528752376,77.59,1.24075287523765,1.53946769741049
2011,5,"AZ","rw_drift",80.0931184704425,79.01,1.08311847044253,1.17314562101376
2011,5,"AR","rw_drift",76.3794183558973,75.61,0.769418355897272,0.592004606391662
2011,5,"CA","rw_drift",81.3934286556035,80.82,0.573428655603536,0.328820423067278
2011,5,"CO","rw_drift",80.9296599105649,79.95,0.979659910564905,0.959733540368038
2011,5,"CT","rw_drift",81.5746004611202,80.71,0.864600461120233,0.747533957369319
2011,5,"DE","rw_drift",79.0585879513144,78.21,0.848587951314428,0.720101511116019
2011,5,"FL","rw_drift",79.9886734530412,79.09,0.898673453041241,0.807613975201067
2011,5,"GA","rw_drift",78.4308406724995,77.33,1.10084067249953,1.21185018622922
2011,5,"HI","rw_drift",82.1516261129618,81.57,0.581626112961828,0.338288935279085
2011,5,"ID","rw_drift",80.1327695647406,79.18,0.95276956474062,0.907769843496031
2011,5,"IL","rw_drift",79.8076940333082,78.97,0.837694033308225,0.701731293440201
2011,5,"IN","rw_drift",78.0678888381777,76.96,1.10788883817774,1.22741767775883
2011,5,"IA","rw_drift",80.2622231233583,79.23,1.03222312335834,1.06548457639564
2011,5,"KS","rw_drift",79.1503952185107,78.5,0.650395218510724,0.423013940261612
2011,5,"KY","rw_drift",76.4497379081457,75.07,1.37973790814576,1.90367669517443
2011,5,"LA","rw_drift",76.6655496964019,75.77,0.895549696401886,0.802009258725511
2011,5,"ME","rw_drift",79.9303936117793,78.53,1.40039361177926,1.96110226791217
2011,5,"MD","rw_drift",80.0617943930482,78.73,1.33179439304824,1.77367630535473
2011,5,"MA","rw_drift",81.4101099787622,80.36,1.05010997876219,1.10273096749594
2011,5,"MI","rw_drift",78.7837866461461,77.81,0.973786646146081,0.948260432212433
2011,5,"MN","rw_drift",81.62514149983,80.73,0.895141499830046,0.801278304717985
2011,5,"MS","rw_drift",75.4317448384978,74.6,0.831744838497826,0.691799476367775
2011,5,"MO","rw_drift",78.073836042427,77.19,0.883836042427049,0.781166149893108
2011,5,"MT","rw_drift",79.2974673770525,78.35,0.947467377052533,0.897694430578806
2011,5,"NE","rw_drift",80.292599634324,79.51,0.782599634323972,0.612462187644015
2011,5,"NV","rw_drift",78.6738600519054,77.78,0.893860051905378,0.798985792392285
2011,5,"NH","rw_drift",81.0484358364932,79.23,1.81843583649317,3.3067088914426
2011,5,"NJ","rw_drift",80.8143004213672,80.17,0.644300421367163,0.415123032973904
2011,5,"NM","rw_drift",78.7258211509355,77.39,1.33582115093552,1.78441814728669
2011,5,"NY","rw_drift",81.2094371839936,80.64,0.569437183993614,0.324258706514577
2011,5,"NC","rw_drift",78.7365931783772,77.67,1.06659317837723,1.13762100816085
2011,5,"ND","rw_drift",80.4312907196375,79.59,0.841290719637541,0.707770074948252
2011,5,"OH","rw_drift",78.1750963400027,76.88,1.29509634000269,1.67727452988835
2011,5,"OK","rw_drift",76.0568207785884,75.65,0.406820778588383,0.165503145891258
2011,5,"OR","rw_drift",80.1941711861945,79.42,0.774171186194536,0.599341025533855
2011,5,"PA","rw_drift",79.1319067975034,78.06,1.07190679750342,1.14898418253403
2011,5,"RI","rw_drift",80.6518673569446,79.89,0.761867356944578,0.580441869577716
2011,5,"SC","rw_drift",77.9361746545143,76.7,1.23617465451427,1.52812777646348
2011,5,"SD","rw_drift",80.0495141688409,78.8,1.24951416884089,1.56128565813414
2011,5,"TN","rw_drift",76.8959553372184,75.86,1.03595533721841,1.07320346071131
2011,5,"TX","rw_drift",79.2498573804067,78.56,0.689857380406707,0.475903205301604
2011,5,"UT","rw_drift",80.5720095524804,79.34,1.23200955248041,1.51784753740297
2011,5,"VT","rw_drift",80.864145010926,79.55,1.31414501092597,1.72697710974162
2011,5,"VA","rw_drift",79.9355361036573,79.14,0.795536103657284,0.632877692222213
2011,5,"WA","rw_drift",80.8829519909779,80.15,0.732951990977881,0.53721862107844
2011,5,"WV","rw_drift",75.7239246619686,74.69,1.03392466196857,1.06900020662682
2011,5,"WI","rw_drift",80.2688381919624,79.23,1.03883819196243,1.07918478907976
2011,5,"WY","rw_drift",79.015351708049,78.65,0.365351708048948,0.133481870574284
2011,6,"USA","rw_drift",79.7143248168328,78.64,1.07432481683284,1.15417381206292
2011,6,"AL","rw_drift",76.141846222027,75.27,0.871846222027045,0.760115834862832
2011,6,"AK","rw_drift",79.0057685602787,78.09,0.915768560278735,0.838632055994988
2011,6,"AZ","rw_drift",80.2769667235635,79.17,1.1069667235635,1.22537532707692
2011,6,"AR","rw_drift",76.483028989519,75.45,1.033028989519,1.06714889318664
2011,6,"CA","rw_drift",81.5695224161182,80.87,0.699522416118242,0.489331610651903
2011,6,"CO","rw_drift",81.1029327865416,80.11,0.992932786541559,0.985915518589185
2011,6,"CT","rw_drift",81.7553709378128,80.53,1.22537093781278,1.50153393523618
2011,6,"DE","rw_drift",79.2208054437705,78.1,1.12080544377046,1.25620484278551
2011,6,"FL","rw_drift",80.1550299596136,79.12,1.03502995961355,1.07128701729763
2011,6,"GA","rw_drift",78.6122336017445,77.47,1.14223360174451,1.30469760095423
2011,6,"HI","rw_drift",82.3349597659653,81.34,0.994959765965262,0.98994493588965
2011,6,"ID","rw_drift",80.2890241990555,79.11,1.1790241990555,1.39009806195847
2011,6,"IL","rw_drift",79.9842073277246,78.88,1.10420732772458,1.21927382260066
2011,6,"IN","rw_drift",78.19854212269,76.68,1.51854212268996,2.30597017838374
2011,6,"IA","rw_drift",80.4076061717279,79.1,1.30760617172794,1.709833900341
2011,6,"KS","rw_drift",79.274883646692,78.22,1.05488364669198,1.11277950805816
2011,6,"KY","rw_drift",76.5645613397259,75.17,1.39456133972587,1.94480133025801
2011,6,"LA","rw_drift",76.811851592118,75.63,1.18185159211802,1.3967731857919
2011,6,"ME","rw_drift",80.1028142912112,78.3,1.80281429121122,3.25013936859541
2011,6,"MD","rw_drift",80.2564819780958,78.71,1.54648197809584,2.39160650857522
2011,6,"MA","rw_drift",81.5932179704536,80.23,1.36321797045363,1.85836323496772
2011,6,"MI","rw_drift",78.9329901889894,77.83,1.10299018898941,1.21658735700689
2011,6,"MN","rw_drift",81.7943677203518,80.62,1.17436772035182,1.37913954260434
2011,6,"MS","rw_drift",75.562809861893,74.6,0.962809861893035,0.927002830158486
2011,6,"MO","rw_drift",78.2051090009891,77,1.20510900098907,1.45228770426487
2011,6,"MT","rw_drift",79.4707002925473,78.46,1.01070029254734,1.02151508135528
2011,6,"NE","rw_drift",80.4372995754779,79.23,1.20729957547793,1.4575722649492
2011,6,"NV","rw_drift",78.8599611700438,77.86,0.999961170043804,0.999922341595373
2011,6,"NH","rw_drift",81.2309943893757,79.35,1.88099438937569,3.53813989286281
2011,6,"NJ","rw_drift",81.0017883683438,80.06,0.941788368343808,0.886965330747692
2011,6,"NM","rw_drift",78.8829915951385,77.52,1.3629915951385,1.85774608841818
2011,6,"NY","rw_drift",81.4104621400638,80.82,0.590462140063806,0.34864553884873
2011,6,"NC","rw_drift",78.9111909657775,77.58,1.33119096577748,1.77206938736758
2011,6,"ND","rw_drift",80.5826921157462,79.64,0.942692115746169,0.888668425089989
2011,6,"OH","rw_drift",78.3136334571663,76.5,1.81363345716626,3.28926631695285
2011,6,"OK","rw_drift",76.1417659494361,75.61,0.531765949436092,0.282775024979669
2011,6,"OR","rw_drift",80.3583804739877,79.34,1.0183804739877,1.03709878979942
2011,6,"PA","rw_drift",79.2998707408217,77.91,1.38987074082173,1.93174067619236
2011,6,"RI","rw_drift",80.827245369728,79.57,1.25724536972804,1.58066591970259
2011,6,"SC","rw_drift",78.1355914722471,76.73,1.40559147224708,1.97568738685372
2011,6,"SD","rw_drift",80.2057123406271,78.58,1.62571234062709,2.64294061446721
2011,6,"TN","rw_drift",77.0229545735203,75.68,1.34295457352027,1.80352698653902
2011,6,"TX","rw_drift",79.4020963518911,78.51,0.892096351891055,0.79583590105733
2011,6,"UT","rw_drift",80.7263538723615,79.59,1.13635387236152,1.29130012323103
2011,6,"VT","rw_drift",81.0452510653849,79.46,1.58525106538487,2.51302094030386
2011,6,"VA","rw_drift",80.1275281139956,79.08,1.04752811399561,1.0973151496112
2011,6,"WA","rw_drift",81.0567973223124,79.96,1.09679732231237,1.20296436623158
2011,6,"WV","rw_drift",75.8336447753361,74.46,1.37364477533609,1.88689996880813
2011,6,"WI","rw_drift",80.4255426914955,79.23,1.19554269149553,1.42932232718838
2011,6,"WY","rw_drift",79.1706192386273,78.84,0.33061923862725,0.109309080950462
2011,7,"USA","rw_drift",79.8799916643588,78.79,1.08999166435883,1.18808182837174
2011,7,"AL","rw_drift",76.275605889306,75.26,1.01560588930599,1.03145532239301
2011,7,"AK","rw_drift",79.1807842453198,78.49,0.690784245319833,0.477182873582091
2011,7,"AZ","rw_drift",80.4608149766845,79.19,1.27081497668448,1.61497070496557
2011,7,"AR","rw_drift",76.5866396231407,75.82,0.766639623140733,0.587736311769366
2011,7,"CA","rw_drift",81.745616176633,81.04,0.705616176632958,0.497894188726114
2011,7,"CO","rw_drift",81.2762056625182,80.26,1.0162056625182,1.03267394853406
2011,7,"CT","rw_drift",81.9361414145053,80.68,1.25614141450534,1.57789125323547
2011,7,"DE","rw_drift",79.3830229362265,78.02,1.3630229362265,1.85783152467951
2011,7,"FL","rw_drift",80.3213864661859,79.39,0.93138646618587,0.867480749394203
2011,7,"GA","rw_drift",78.7936265309895,77.55,1.24362653098949,1.54660694858095
2011,7,"HI","rw_drift",82.5182934189687,81.6,0.918293418968716,0.843262803321254
2011,7,"ID","rw_drift",80.4452788333704,79.18,1.26527883337037,1.60093052617509
2011,7,"IL","rw_drift",80.1607206221409,78.97,1.19072062214093,1.41781559999168
2011,7,"IN","rw_drift",78.3291954072022,76.98,1.3491954072022,1.82032824681552
2011,7,"IA","rw_drift",80.5529892200975,79.28,1.27298922009753,1.62050155448451
2011,7,"KS","rw_drift",79.3993720748732,78.16,1.23937207487323,1.53604313997558
2011,7,"KY","rw_drift",76.679384771306,75.4,1.27938477130598,1.63682539304967
2011,7,"LA","rw_drift",76.9581534878342,75.82,1.13815348783416,1.29539336186906
2011,7,"ME","rw_drift",80.2752349706432,78.66,1.61523497064317,2.60898401038865
2011,7,"MD","rw_drift",80.4511695631434,78.84,1.61116956314342,2.59586736119976
2011,7,"MA","rw_drift",81.7763259621451,80.35,1.42632596214509,2.0344057502891
2011,7,"MI","rw_drift",79.0821937318327,77.83,1.25219373183273,1.56798914204119
2011,7,"MN","rw_drift",81.9635939408736,80.69,1.27359394087361,1.62204152622997
2011,7,"MS","rw_drift",75.6938748852882,74.74,0.953874885288243,0.90987729678366
2011,7,"MO","rw_drift",78.3363819595511,76.81,1.52638195955109,2.32984188644302
2011,7,"MT","rw_drift",79.6439332080421,78.88,0.763933208042147,0.583593946349566
2011,7,"NE","rw_drift",80.5819995166319,79.27,1.3119995166319,1.72134273164234
2011,7,"NV","rw_drift",79.0460622881822,78.21,0.836062288182234,0.699000149720512
2011,7,"NH","rw_drift",81.4135529422582,79.34,2.07355294225819,4.29962180434759
2011,7,"NJ","rw_drift",81.1892763153205,80.11,1.07927631532046,1.1648373648117
2011,7,"NM","rw_drift",79.0401620393415,77.51,1.53016203934146,2.34139586664162
2011,7,"NY","rw_drift",81.611487096134,80.92,0.691487096133983,0.478154404119808
2011,7,"NC","rw_drift",79.0857887531777,77.84,1.24578875317772,1.5519896175441
2011,7,"ND","rw_drift",80.7340935118548,79.62,1.11409351185479,1.24120435315694
2011,7,"OH","rw_drift",78.4521705743298,76.87,1.58217057432984,2.50326372627521
2011,7,"OK","rw_drift",76.2267111202838,75.77,0.456711120283799,0.208585047390883
2011,7,"OR","rw_drift",80.5225897617809,79.76,0.762589761780873,0.581543144773009
2011,7,"PA","rw_drift",79.46783468414,78.28,1.18783468414004,1.41095123684608
2011,7,"RI","rw_drift",81.0026233825115,79.96,1.04262338251149,1.08706351775971
2011,7,"SC","rw_drift",78.3350082899799,76.73,1.60500828997989,2.57605161090418
2011,7,"SD","rw_drift",80.3619105124133,79,1.36191051241329,1.85480024382183
2011,7,"TN","rw_drift",77.1499538098222,75.74,1.40995380982216,1.98796974583201
2011,7,"TX","rw_drift",79.5543353233754,78.64,0.914335323375411,0.836009083572018
2011,7,"UT","rw_drift",80.8806981922426,79.77,1.11069819224265,1.23365047425109
2011,7,"VT","rw_drift",81.2263571198438,79.45,1.77635711984375,3.15544461721959
2011,7,"VA","rw_drift",80.3195201243339,79.19,1.12952012433394,1.27581571127535
2011,7,"WA","rw_drift",81.2306426536468,80.14,1.09064265364684,1.18950139795382
2011,7,"WV","rw_drift",75.9433648887036,74.53,1.4133648887036,1.99760030862013
2011,7,"WI","rw_drift",80.5822471910286,79.27,1.31224719102865,1.72199269036257
2011,7,"WY","rw_drift",79.3258867692056,78.42,0.905886769205551,0.820630838621672
2011,8,"USA","rw_drift",80.0456585118848,78.92,1.12565851188484,1.26710708537878
2011,8,"AL","rw_drift",76.409365556585,75.48,0.929365556584941,0.863720337766436
2011,8,"AK","rw_drift",79.3557999303609,78.23,1.12579993036091,1.26742548320064
2011,8,"AZ","rw_drift",80.6446632298054,79.29,1.35466322980544,1.8351124661869
2011,8,"AR","rw_drift",76.6902502567625,75.89,0.800250256762453,0.640400473448372
2011,8,"CA","rw_drift",81.9217099371477,81.16,0.761709937147685,0.580202028349531
2011,8,"CO","rw_drift",81.4494785384949,80.22,1.22947853849486,1.51161747661946
2011,8,"CT","rw_drift",82.1169118911979,80.59,1.5269118911979,2.33145992348154
2011,8,"DE","rw_drift",79.5452404286825,78.39,1.15524042868253,1.3345804480626
2011,8,"FL","rw_drift",80.4877429727582,79.57,0.917742972758191,0.842252164047042
2011,8,"GA","rw_drift",78.9750194602345,77.73,1.24501946023446,1.5500734563625
2011,8,"HI","rw_drift",82.7016270719722,81.57,1.13162707197216,1.28057983002029
2011,8,"ID","rw_drift",80.6015334676853,79.56,1.04153346768526,1.08479196430847
2011,8,"IL","rw_drift",80.3372339165573,79.25,1.08723391655728,1.18207758931248
2011,8,"IN","rw_drift",78.4598486917144,77.09,1.36984869171444,1.87648543819176
2011,8,"IA","rw_drift",80.6983722684671,79.12,1.57837226846712,2.49125901786604
2011,8,"KS","rw_drift",79.5238605030545,78.3,1.22386050305448,1.49783453093677
2011,8,"KY","rw_drift",76.7942082028861,75.63,1.16420820288612,1.35538073966732
2011,8,"LA","rw_drift",77.1044553835503,75.95,1.15445538355029,1.33276723260824
2011,8,"ME","rw_drift",80.4476556500751,78.43,2.01765565007511,4.07093432228003
2011,8,"MD","rw_drift",80.645857148191,78.97,1.67585714819101,2.80849718114292
2011,8,"MA","rw_drift",81.9594339538365,80.65,1.30943395383652,1.71461727945994
2011,8,"MI","rw_drift",79.231397274676,78.09,1.14139727467605,1.30278773863792
2011,8,"MN","rw_drift",82.1328201613954,80.63,1.50282016139539,2.25846843749647
2011,8,"MS","rw_drift",75.8249399086834,74.52,1.30493990868345,1.70286816527477
2011,8,"MO","rw_drift",78.4676549181131,77.16,1.30765491811312,1.70996138486542
2011,8,"MT","rw_drift",79.817166123537,78.62,1.19716612353695,1.43320672734448
2011,8,"NE","rw_drift",80.7266994577859,79.4,1.32669945778585,1.76013145128927
2011,8,"NV","rw_drift",79.2321634063207,78.32,0.912163406320659,0.832042079830507
2011,8,"NH","rw_drift",81.5961114951407,79.6,1.99611149514071,3.98446110103288
2011,8,"NJ","rw_drift",81.3767642622971,80.47,0.906764262297102,0.822221427379208
2011,8,"NM","rw_drift",79.1973324835444,77.21,1.98733248354445,3.94949040015095
2011,8,"NY","rw_drift",81.8125120522042,81.16,0.652512052204173,0.425771978271702
2011,8,"NC","rw_drift",79.260386540578,77.82,1.44038654057798,2.07471338627819
2011,8,"ND","rw_drift",80.8854949079634,79.17,1.71549490796342,2.94292277924842
2011,8,"OH","rw_drift",78.5907076914934,77.02,1.57070769149342,2.4671226521166
2011,8,"OK","rw_drift",76.3116562911315,75.89,0.421656291131498,0.177794027850771
2011,8,"OR","rw_drift",80.686799049574,79.61,1.07679904957405,1.15949619316358
2011,8,"PA","rw_drift",79.6357986274584,78.51,1.12579862745835,1.26742254958711
2011,8,"RI","rw_drift",81.1780013952949,79.77,1.40800139529495,1.98246792915251
2011,8,"SC","rw_drift",78.5344251077127,76.89,1.64442510771271,2.70413393487595
2011,8,"SD","rw_drift",80.5181086841995,78.5,2.01810868419949,4.0727626612414
2011,8,"TN","rw_drift",77.276953046124,75.8,1.47695304612402,2.18139030045503
2011,8,"TX","rw_drift",79.7065742948598,78.8,0.906574294859766,0.821876952100482
2011,8,"UT","rw_drift",81.0350425121238,79.92,1.11504251212376,1.24331980384328
2011,8,"VT","rw_drift",81.4074631743026,79.94,1.46746317430265,2.15344816793441
2011,8,"VA","rw_drift",80.5115121346723,79.3,1.21151213467226,1.46776165245814
2011,8,"WA","rw_drift",81.4044879849813,80.16,1.24448798498132,1.54875034476286
2011,8,"WV","rw_drift",76.0530850020711,74.68,1.37308500207111,1.88536242291261
2011,8,"WI","rw_drift",80.7389516905617,79.29,1.44895169056174,2.09946100158173
2011,8,"WY","rw_drift",79.4811542997839,78.25,1.23115429978385,1.51574090987627
2011,1,"USA","unpooled",78.8877272863111,78.84,0.0477272863110727,0.00227789385861911
2011,1,"AL","unpooled",75.4786408578051,75.35,0.128640857805124,0.0165484702968381
2011,1,"AK","unpooled",78.1515833801145,78.12,0.0315833801144549,0.000997509899454148
2011,1,"AZ","unpooled",79.3577236180547,79.17,0.187723618054662,0.0352401567755325
2011,1,"AR","unpooled",75.9828739767323,75.75,0.23287397673235,0.054230289039139
2011,1,"CA","unpooled",80.6890551937968,80.69,-0.000944806203193593,8.92658761593094e-07
2011,1,"CO","unpooled",80.2561410929625,80.25,0.0061410929624941,3.77130227739946e-05
2011,1,"CT","unpooled",80.8515172695165,80.81,0.0415172695165325,0.00172368366810839
2011,1,"DE","unpooled",78.4145841595614,78.53,-0.115415840438615,0.0133208162241519
2011,1,"FL","unpooled",79.3232464770306,79.36,-0.0367535229694056,0.00135082145066262
2011,1,"GA","unpooled",77.696117545099,77.69,0.00611754509895945,3.74243580378028e-05
2011,1,"HI","unpooled",81.4194975588369,81.33,0.0894975588369391,0.00800981303777138
2011,1,"ID","unpooled",79.5077510534268,79.49,0.0177510534268492,0.000315099897762856
2011,1,"IL","unpooled",79.1016400118772,79.04,0.0616400118771452,0.0037994910642146
2011,1,"IN","unpooled",77.5753353712133,77.42,0.155335371213326,0.0241290775499817
2011,1,"IA","unpooled",79.7064086852305,79.58,0.12640868523053,0.0159791557017111
2011,1,"KS","unpooled",78.6661884374019,78.52,0.146188437401875,0.021371059230002
2011,1,"KY","unpooled",75.9968329325158,75.71,0.28683293251585,0.0822731311756421
2011,1,"LA","unpooled",76.0429025779612,75.73,0.312902577961168,0.0979080232947449
2011,1,"ME","unpooled",79.2435020375157,79.16,0.0835020375157427,0.0069725902692805
2011,1,"MD","unpooled",79.2696667216384,79.22,0.0496667216384168,0.00246678323830798
2011,1,"MA","unpooled",80.7145946935799,80.79,-0.0754053064200804,0.00568596023630621
2011,1,"MI","unpooled",78.1869746448389,78.14,0.0469746448389401,0.00220661725774456
2011,1,"MN","unpooled",80.9716731519234,80.9,0.0716731519234202,0.00513704070663767
2011,1,"MS","unpooled",74.9137298973064,75,-0.0862701026936321,0.00744253061876983
2011,1,"MO","unpooled",77.5530033647934,77.54,0.0130033647933629,0.000169087495949271
2011,1,"MT","unpooled",78.6045346281973,78.8,-0.195465371802683,0.0382067115739612
2011,1,"NE","unpooled",79.7138010378643,79.52,0.193801037864304,0.0375588422772815
2011,1,"NV","unpooled",77.9401688639444,78.02,-0.079831136055617,0.00637301028393043
2011,1,"NH","unpooled",80.318201819119,80.32,-0.00179818088096795,3.23345448067866e-06
2011,1,"NJ","unpooled",80.0643476566517,80.15,-0.0856523433482863,0.00733632392105273
2011,1,"NM","unpooled",78.1141507112818,77.85,0.2641507112818,0.0697755982706811
2011,1,"NY","unpooled",80.4053383425953,80.42,-0.01466165740473,0.000214964197853675
2011,1,"NC","unpooled",78.0382004194019,77.9,0.138200419401898,0.0190993559228604
2011,1,"ND","unpooled",79.8746500149608,79.54,0.334650014960829,0.111990632513283
2011,1,"OH","unpooled",77.6535135585424,77.52,0.133513558542361,0.0178258703146446
2011,1,"OK","unpooled",75.7357624574214,75.82,-0.0842375425786059,0.00709596357968245
2011,1,"OR","unpooled",79.5373350964974,79.54,-0.00266490350264803,7.10171067842574e-06
2011,1,"PA","unpooled",78.489238494117,78.47,0.0192384941169479,0.000370119655887839
2011,1,"RI","unpooled",79.9459882551136,80.12,-0.174011744886357,0.0302800873583947
2011,1,"SC","unpooled",77.1424051338709,76.99,0.152405133870872,0.0232273248301983
2011,1,"SD","unpooled",79.4951903378587,79,0.495190337858716,0.245213470708629
2011,1,"TN","unpooled",76.3893516858209,76.23,0.159351685820937,0.0253929597739746
2011,1,"TX","unpooled",78.6337534057125,78.49,0.143753405712545,0.0206650416539555
2011,1,"UT","unpooled",80.0021565168305,79.79,0.21215651683049,0.0450103876336459
2011,1,"VT","unpooled",80.207470738862,80.16,0.0474707388620317,0.0022534710481072
2011,1,"VA","unpooled",79.1860926744833,79.16,0.0260926744833085,0.000680827661691901
2011,1,"WA","unpooled",80.200937650014,80.07,0.130937650013976,0.0171446681911825
2011,1,"WV","unpooled",75.2850459300019,75.18,0.105045930001864,0.0110346474099566
2011,1,"WI","unpooled",79.7335459492526,79.66,0.0735459492526473,0.00540900665147298
2011,1,"WY","unpooled",78.3928390971185,78.37,0.0228390971185206,0.000521624357189217
2011,2,"USA","unpooled",79.0534266330364,78.83,0.223426633036354,0.0499194603499616
2011,2,"AL","unpooled",75.6125045578062,75.29,0.322504557806241,0.104009189805799
2011,2,"AK","unpooled",78.3269833893237,78.2,0.126983389323712,0.0161247811641374
2011,2,"AZ","unpooled",79.5415703694094,79.28,0.261570369409398,0.068419058152969
2011,2,"AR","unpooled",76.0868160508973,75.78,0.306816050897311,0.0941360890882212
2011,2,"CA","unpooled",80.8651504325749,80.69,0.175150432574924,0.0306776740311829
2011,2,"CO","unpooled",80.4297732668447,80.32,0.109773266844698,0.0120501701137573
2011,2,"CT","unpooled",81.0322859722792,80.86,0.17228597227917,0.0296824562441788
2011,2,"DE","unpooled",78.5768912487773,78.8,-0.223108751222711,0.0497775148721574
2011,2,"FL","unpooled",79.4896020549881,79.43,0.0596020549880762,0.00355240495880166
2011,2,"GA","unpooled",77.8773404944095,77.54,0.337340494409503,0.113798609168448
2011,2,"HI","unpooled",81.6028218208536,81.24,0.362821820853654,0.131639673687561
2011,2,"ID","unpooled",79.6640057076331,79.14,0.524005707633094,0.27458198163206
2011,2,"IL","unpooled",79.2781525724994,79.17,0.108152572499435,0.0116969789382455
2011,2,"IN","unpooled",77.706545243975,77.25,0.456545243974958,0.208433559796154
2011,2,"IA","unpooled",79.8522681224411,79.5,0.352268122441089,0.12409283008817
2011,2,"KS","unpooled",78.7909350669553,78.61,0.1809350669553,0.0327374984541188
2011,2,"KY","unpooled",76.1117630199757,76.07,0.0417630199757468,0.00174414983749463
2011,2,"LA","unpooled",76.1885123898671,75.56,0.628512389867055,0.395027824216397
2011,2,"ME","unpooled",79.415987088986,78.87,0.545987088985996,0.298101901339402
2011,2,"MD","unpooled",79.4641048530112,79.15,0.314104853011159,0.0986618586851618
2011,2,"MA","unpooled",80.8983818454065,80.66,0.238381845406494,0.0568259042194054
2011,2,"MI","unpooled",78.3361799753523,78.03,0.306179975352293,0.093746177306731
2011,2,"MN","unpooled",81.1413331773772,80.8,0.341333177377166,0.116508337978392
2011,2,"MS","unpooled",75.0449099772792,74.63,0.414909977279237,0.172150289245857
2011,2,"MO","unpooled",77.6843552876298,77.47,0.214355287629814,0.0459481893348605
2011,2,"MT","unpooled",78.7777665452403,78.3,0.477766545240272,0.228260871750824
2011,2,"NE","unpooled",79.858502072222,79.63,0.228502072222014,0.0522131970097545
2011,2,"NV","unpooled",78.1264690700592,77.93,0.196469070059194,0.0386000954899247
2011,2,"NH","unpooled",80.5007613866594,80.28,0.220761386659419,0.0487355898397894
2011,2,"NJ","unpooled",80.2518345513372,80.18,0.0718345513371901,0.0051602027658154
2011,2,"NM","unpooled",78.2716356832399,78.17,0.101635683239891,0.0103298121076395
2011,2,"NY","unpooled",80.6063643363126,80.48,0.126364336312605,0.0159679454917251
2011,2,"NC","unpooled",78.2127967517903,77.99,0.222796751790284,0.0496383926083014
2011,2,"ND","unpooled",80.0269605906664,79.32,0.70696059066637,0.499793276755342
2011,2,"OH","unpooled",77.7926540212437,77.55,0.242654021243737,0.0588809740257561
2011,2,"OK","unpooled",75.821054375056,75.58,0.241054375055967,0.0581072117336227
2011,2,"OR","unpooled",79.7015440152749,79.41,0.291544015274923,0.0849979128426244
2011,2,"PA","unpooled",78.6577430670914,78.49,0.16774306709145,0.0281377365572468
2011,2,"RI","unpooled",80.1212880598207,79.68,0.441288059820693,0.194735151740311
2011,2,"SC","unpooled",77.3418849550691,76.97,0.371884955069106,0.138298419806751
2011,2,"SD","unpooled",79.6526856921001,79.58,0.0726856921000945,0.00528320983606973
2011,2,"TN","unpooled",76.5163756106624,76.27,0.246375610662412,0.0607009415292763
2011,2,"TX","unpooled",78.785860128326,78.46,0.325860128325971,0.106184823232618
2011,2,"UT","unpooled",80.1573847383202,79.6,0.557384738320238,0.31067774651232
2011,2,"VT","unpooled",80.3898298705158,79.78,0.609829870515796,0.371892470973312
2011,2,"VA","unpooled",79.3784282842133,79.24,0.138428284213319,0.0191623898702434
2011,2,"WA","unpooled",80.3750288920412,80.16,0.215028892041246,0.046237424412486
2011,2,"WV","unpooled",75.3947679780498,75.31,0.0847679780498254,0.00718561010265568
2011,2,"WI","unpooled",79.8919453163546,79.42,0.471945316354564,0.222732381629009
2011,2,"WY","unpooled",78.5480776865347,78.63,-0.0819223134653129,0.00671126544350898
2011,3,"USA","unpooled",79.2191259797616,78.89,0.329125979761628,0.108323910554051
2011,3,"AL","unpooled",75.7463682578074,75.43,0.316368257807369,0.10008887454807
2011,3,"AK","unpooled",78.502383398533,78.13,0.372383398532975,0.138669395502968
2011,3,"AZ","unpooled",79.7254171207641,79.38,0.345417120764139,0.119312987316988
2011,3,"AR","unpooled",76.1907581250623,75.84,0.350758125062271,0.1230312622972
2011,3,"CA","unpooled",81.041245671353,81.03,0.0112456713530378,0.000126465124180535
2011,3,"CO","unpooled",80.6034054407269,80.15,0.453405440726883,0.205576493680739
2011,3,"CT","unpooled",81.2130546750418,80.97,0.243054675041805,0.0590755750596772
2011,3,"DE","unpooled",78.7391983379932,78.77,-0.0308016620068088,0.000948742382381688
2011,3,"FL","unpooled",79.6559576329456,79.4,0.255957632945567,0.0655143098630974
2011,3,"GA","unpooled",78.0585634437201,77.53,0.52856344372006,0.279379314037209
2011,3,"HI","unpooled",81.7861460828704,81.47,0.316146082870361,0.0999483457142732
2011,3,"ID","unpooled",79.8202603618393,79.27,0.550260361839349,0.302786465811572
2011,3,"IL","unpooled",79.4546651331217,79.07,0.384665133121729,0.147967264639557
2011,3,"IN","unpooled",77.8377551167366,77.33,0.50775511673659,0.257815258572188
2011,3,"IA","unpooled",79.9981275596516,79.46,0.538127559651656,0.289581270456647
2011,3,"KS","unpooled",78.9156816965087,78.55,0.36568169650873,0.133723103161503
2011,3,"KY","unpooled",76.2266931074356,75.75,0.476693107435636,0.227236318676643
2011,3,"LA","unpooled",76.3341222017729,75.63,0.704122201772947,0.495788075029582
2011,3,"ME","unpooled",79.5884721404563,79.05,0.538472140456264,0.289952246047551
2011,3,"MD","unpooled",79.6585429843839,79.29,0.368542984383907,0.135823931338597
2011,3,"MA","unpooled",81.082168997233,80.55,0.532168997233057,0.283203841616038
2011,3,"MI","unpooled",78.4853853058656,78,0.485385305865648,0.235598895150289
2011,3,"MN","unpooled",81.3109932028309,80.88,0.430993202830905,0.185755140886442
2011,3,"MS","unpooled",75.1760900572521,74.8,0.3760900572521,0.141443731163888
2011,3,"MO","unpooled",77.8157072104663,77.44,0.37570721046626,0.141155907996338
2011,3,"MT","unpooled",78.9509984622832,78.79,0.160998462283217,0.0259205048575605
2011,3,"NE","unpooled",80.0032031065797,79.4,0.603203106579713,0.363853987787416
2011,3,"NV","unpooled",78.312769276174,78.09,0.22276927617402,0.0496261504070968
2011,3,"NH","unpooled",80.6833209541998,79.84,0.843320954199811,0.71119023179248
2011,3,"NJ","unpooled",80.4393214460227,80.32,0.119321446022681,0.0142376074809436
2011,3,"NM","unpooled",78.429120655198,77.64,0.789120655197991,0.622711408460106
2011,3,"NY","unpooled",80.80739033003,80.73,0.0773903300299423,0.00598926318214339
2011,3,"NC","unpooled",78.3873930841787,77.94,0.447393084178657,0.200160571770891
2011,3,"ND","unpooled",80.1792711663719,79.74,0.439271166371896,0.192959157605726
2011,3,"OH","unpooled",77.9317944839451,77.53,0.40179448394511,0.161438807328718
2011,3,"OK","unpooled",75.9063462926905,75.63,0.276346292690548,0.0763672734838098
2011,3,"OR","unpooled",79.8657529340525,79.45,0.415752934052477,0.172850502173244
2011,3,"PA","unpooled",78.826247640066,78.64,0.186247640065943,0.0346881834301331
2011,3,"RI","unpooled",80.2965878645278,79.95,0.346587864527748,0.120123147837905
2011,3,"SC","unpooled",77.5413647762673,76.97,0.571364776267345,0.326457707559033
2011,3,"SD","unpooled",79.8101810463415,79.12,0.690181046341465,0.476349876728999
2011,3,"TN","unpooled",76.6433995355039,76.14,0.503399535503874,0.253411092345516
2011,3,"TX","unpooled",78.9379668509394,78.44,0.497966850939392,0.247970984634494
2011,3,"UT","unpooled",80.31261295981,79.62,0.692612959809964,0.479712712096718
2011,3,"VT","unpooled",80.5721890021696,80,0.572189002169566,0.327400254203803
2011,3,"VA","unpooled",79.5707638939433,79.3,0.270763893943325,0.0733130862633523
2011,3,"WA","unpooled",80.5491201340685,80.16,0.38912013406852,0.151414478737503
2011,3,"WV","unpooled",75.5044900260978,75.19,0.314490026097786,0.0989039765149863
2011,3,"WI","unpooled",80.0503446834565,79.54,0.510344683456481,0.260451695932295
2011,3,"WY","unpooled",78.7033162759508,78.26,0.443316275950835,0.196529320522917
2011,4,"USA","unpooled",79.3848253264869,78.72,0.664825326486906,0.44199271473842
2011,4,"AL","unpooled",75.8802319578085,75.24,0.64023195780851,0.409896959799318
2011,4,"AK","unpooled",78.6777834077422,77.8,0.877783407742228,0.770503710907559
2011,4,"AZ","unpooled",79.9092638721189,79.23,0.679263872118867,0.461399407965916
2011,4,"AR","unpooled",76.2947001992272,75.56,0.734700199227234,0.539784382744537
2011,4,"CA","unpooled",81.2173409101312,80.75,0.467340910131156,0.218407526282218
2011,4,"CO","unpooled",80.7770376146091,80.14,0.637037614609085,0.405816922426833
2011,4,"CT","unpooled",81.3938233778044,80.68,0.713823377804431,0.509543814700127
2011,4,"DE","unpooled",78.9015054272091,78.31,0.591505427209086,0.349878670417803
2011,4,"FL","unpooled",79.8223132109031,79.27,0.552313210903066,0.305049882938054
2011,4,"GA","unpooled",78.2397863930306,77.32,0.91978639303062,0.846007008804278
2011,4,"HI","unpooled",81.9694703448871,81.31,0.659470344887069,0.43490113578547
2011,4,"ID","unpooled",79.9765150160456,79.31,0.666515016045594,0.444242266614258
2011,4,"IL","unpooled",79.631177693744,79.05,0.58117769374401,0.337767511705606
2011,4,"IN","unpooled",77.9689649894982,77.1,0.868964989498224,0.755100152973648
2011,4,"IA","unpooled",80.1439869968622,79.42,0.723986996862209,0.52415717162556
2011,4,"KS","unpooled",79.0404283260622,78.35,0.690428326062161,0.476691273428998
2011,4,"KY","unpooled",76.3416231948955,75.39,0.951623194895532,0.90558670506318
2011,4,"LA","unpooled",76.4797320136788,75.78,0.699732013678826,0.489624890967025
2011,4,"ME","unpooled",79.7609571919265,78.41,1.35095719192653,1.825085334418
2011,4,"MD","unpooled",79.8529811157567,79.11,0.742981115756663,0.552020938371016
2011,4,"MA","unpooled",81.2659561490596,80.2,1.06595614905962,1.13626251171801
2011,4,"MI","unpooled",78.634590636379,77.92,0.714590636379,0.510639777600545
2011,4,"MN","unpooled",81.4806532282846,80.7,0.780653228284635,0.609419462831222
2011,4,"MS","unpooled",75.307270137225,74.51,0.797270137224956,0.6356396717107
2011,4,"MO","unpooled",77.9470591333027,77.19,0.757059133302704,0.573138531317041
2011,4,"MT","unpooled",79.1242303793262,78,1.12423037932618,1.26389394579988
2011,4,"NE","unpooled",80.1479041409374,79.11,1.03790414093743,1.07724500577506
2011,4,"NV","unpooled",78.4990694822888,77.93,0.569069482288839,0.323840075672487
2011,4,"NH","unpooled",80.8658805217402,79.47,1.39588052174021,1.94848243097372
2011,4,"NJ","unpooled",80.6268083407082,80.32,0.306808340708159,0.0941313579280936
2011,4,"NM","unpooled",78.5866056271561,77.7,0.886605627156086,0.786069538104837
2011,4,"NY","unpooled",81.0084163237473,80.68,0.328416323747277,0.107857281703676
2011,4,"NC","unpooled",78.561989416567,77.72,0.841989416567031,0.70894617761089
2011,4,"ND","unpooled",80.3315817420774,79.38,0.951581742077423,0.905507811855103
2011,4,"OH","unpooled",78.0709349466465,77.16,0.910934946646492,0.829802477021847
2011,4,"OK","unpooled",75.9916382103251,75.55,0.441638210325124,0.195044308819178
2011,4,"OR","unpooled",80.02996185283,79.26,0.769961852830036,0.592841254813462
2011,4,"PA","unpooled",78.9947522130404,78.29,0.704752213040436,0.496675681785392
2011,4,"RI","unpooled",80.4718876692348,79.51,0.961887669234798,0.925227888225952
2011,4,"SC","unpooled",77.7408445974656,76.68,1.06084459746558,1.1253912599719
2011,4,"SD","unpooled",79.9676764005828,78.81,1.15767640058284,1.34021464846645
2011,4,"TN","unpooled",76.7704234603453,76.03,0.74042346034534,0.548226900629768
2011,4,"TX","unpooled",79.0900735735528,78.43,0.660073573552808,0.435697122502774
2011,4,"UT","unpooled",80.4678411812997,79.46,1.00784118129971,1.0157438467236
2011,4,"VT","unpooled",80.7545481338233,79.63,1.12454813382334,1.26460850528555
2011,4,"VA","unpooled",79.7630995036733,79.15,0.613099503673325,0.375891001404478
2011,4,"WA","unpooled",80.7232113760958,79.91,0.813211376095794,0.661312742211614
2011,4,"WV","unpooled",75.6142120741457,75,0.61421207414574,0.377256472026413
2011,4,"WI","unpooled",80.2087440505584,79.43,0.778744050558402,0.606442296280106
2011,4,"WY","unpooled",78.858554865367,78.07,0.788554865367004,0.621818775693974
2011,5,"USA","unpooled",79.5505246732122,78.68,0.870524673212174,0.757813206671162
2011,5,"AL","unpooled",76.0140956578096,75.06,0.954095657809631,0.910298524251193
2011,5,"AK","unpooled",78.8531834169515,77.59,1.26318341695148,1.59563234486121
2011,5,"AZ","unpooled",80.0931106234736,79.01,1.0831106234736,1.17312862268137
2011,5,"AR","unpooled",76.3986422733922,75.61,0.788642273392199,0.621956635381216
2011,5,"CA","unpooled",81.3934361489093,80.82,0.57343614890928,0.328829016875907
2011,5,"CO","unpooled",80.9506697884913,79.95,1.00066978849128,1.00134002559918
2011,5,"CT","unpooled",81.5745920805671,80.71,0.864592080567078,0.747519465779309
2011,5,"DE","unpooled",79.063812516425,78.21,0.853812516424995,0.728995813203982
2011,5,"FL","unpooled",79.9886687888606,79.09,0.898668788860547,0.807605592072083
2011,5,"GA","unpooled",78.4210093423412,77.33,1.09100934234117,1.1903013850757
2011,5,"HI","unpooled",82.1527946069038,81.57,0.582794606903789,0.339649553836142
2011,5,"ID","unpooled",80.1327696702518,79.18,0.95276967025184,0.9077700445518
2011,5,"IL","unpooled",79.8076902543663,78.97,0.837690254366294,0.701724962260266
2011,5,"IN","unpooled",78.1001748622598,76.96,1.14017486225985,1.29999871652928
2011,5,"IA","unpooled",80.2898464340728,79.23,1.05984643407277,1.12327446381676
2011,5,"KS","unpooled",79.1651749556156,78.5,0.665174955615583,0.442457721578193
2011,5,"KY","unpooled",76.4565532823554,75.07,1.38655328235544,1.92253000481063
2011,5,"LA","unpooled",76.6253418255847,75.77,0.855341825584716,0.731609638594595
2011,5,"ME","unpooled",79.9334422433968,78.53,1.40344224339678,1.96965013055059
2011,5,"MD","unpooled",80.0474192471294,78.73,1.31741924712941,1.73559347270702
2011,5,"MA","unpooled",81.4497433008862,80.36,1.08974330088618,1.18754046182632
2011,5,"MI","unpooled",78.7837959668924,77.81,0.973795966892354,0.948278585135814
2011,5,"MN","unpooled",81.6503132537384,80.73,0.920313253738371,0.846976485006507
2011,5,"MS","unpooled",75.4384502171978,74.6,0.838450217197831,0.70299876671909
2011,5,"MO","unpooled",78.0784110561391,77.19,0.888411056139148,0.789274204670277
2011,5,"MT","unpooled",79.2974622963691,78.35,0.947462296369139,0.897684803041082
2011,5,"NE","unpooled",80.2926051752951,79.51,0.782605175295132,0.612470860398724
2011,5,"NV","unpooled",78.6853696884037,77.78,0.905369688403667,0.819694272680153
2011,5,"NH","unpooled",81.0484400892806,79.23,1.8184400892806,3.30672435830284
2011,5,"NJ","unpooled",80.8142952353936,80.17,0.644295235393628,0.41511635035093
2011,5,"NM","unpooled",78.7440905991142,77.39,1.35409059911419,1.83356135060942
2011,5,"NY","unpooled",81.2094423174646,80.64,0.56944231746462,0.324264552919477
2011,5,"NC","unpooled",78.7365857489554,77.67,1.0665857489554,1.13760515987476
2011,5,"ND","unpooled",80.483892317783,79.59,0.893892317782942,0.799043475791361
2011,5,"OH","unpooled",78.2100754093479,76.88,1.33007540934787,1.7691005945519
2011,5,"OK","unpooled",76.0769301279597,75.65,0.426930127959693,0.18226933415968
2011,5,"OR","unpooled",80.1941707716076,79.42,0.774170771607601,0.599340383611508
2011,5,"PA","unpooled",79.1632567860149,78.06,1.10325678601494,1.21717553588801
2011,5,"RI","unpooled",80.6471874739419,79.89,0.757187473941855,0.573332870694447
2011,5,"SC","unpooled",77.9403244186638,76.7,1.24032441866382,1.53840466353374
2011,5,"SD","unpooled",80.1251717548242,78.8,1.32517175482423,1.75608017978392
2011,5,"TN","unpooled",76.8974473851868,75.86,1.03744738518681,1.07629707703095
2011,5,"TX","unpooled",79.2421802961662,78.56,0.682180296166237,0.465369956477455
2011,5,"UT","unpooled",80.6230694027894,79.34,1.28306940278944,1.64626709237444
2011,5,"VT","unpooled",80.9369072654771,79.55,1.38690726547711,1.92351176303318
2011,5,"VA","unpooled",79.9554351134033,79.14,0.815435113403339,0.664934424171116
2011,5,"WA","unpooled",80.8973026181231,80.15,0.747302618123058,0.558461203053577
2011,5,"WV","unpooled",75.7239341221937,74.69,1.0339341221937,1.06901976903646
2011,5,"WI","unpooled",80.3671434176603,79.23,1.13714341766033,1.29309515232821
2011,5,"WY","unpooled",79.0137934547832,78.65,0.363793454783149,0.132345677743059
2011,6,"USA","unpooled",79.7162240199375,78.64,1.07622401993746,1.15825814109034
2011,6,"AL","unpooled",76.1479593578108,75.27,0.877959357810767,0.770812633967494
2011,6,"AK","unpooled",79.0285834261607,78.09,0.938583426160733,0.88093884786362
2011,6,"AZ","unpooled",80.2769573748283,79.17,1.10695737482834,1.22535462968685
2011,6,"AR","unpooled",76.5025843475572,75.45,1.05258434755716,1.10793380872233
2011,6,"CA","unpooled",81.5695313876874,80.87,0.699531387687387,0.489344162359841
2011,6,"CO","unpooled",81.1243019623735,80.11,1.01430196237348,1.02880847087469
2011,6,"CT","unpooled",81.7553607833297,80.53,1.22536078332971,1.50150904932239
2011,6,"DE","unpooled",79.2261196056409,78.1,1.12611960564089,1.2681453662088
2011,6,"FL","unpooled",80.155024366818,79.12,1.03502436681804,1.07127543990708
2011,6,"GA","unpooled",78.6022322916517,77.47,1.13223229165172,1.2819499622589
2011,6,"HI","unpooled",82.3361188689205,81.34,0.99611886892049,0.992252801019437
2011,6,"ID","unpooled",80.2890243244581,79.11,1.1790243244581,1.39009835766387
2011,6,"IL","unpooled",79.9842028149886,78.88,1.10420281498858,1.21926385662871
2011,6,"IN","unpooled",78.2313847350215,76.68,1.55138473502147,2.40679459605764
2011,6,"IA","unpooled",80.4357058712833,79.1,1.33570587128334,1.78411017458078
2011,6,"KS","unpooled",79.289921585169,78.22,1.06992158516901,1.14473219841057
2011,6,"KY","unpooled",76.5714833698153,75.17,1.40148336981532,1.96415563586892
2011,6,"LA","unpooled",76.7709516374906,75.63,1.1409516374906,1.30177063909249
2011,6,"ME","unpooled",80.105927294867,78.3,1.80592729486705,3.26137339434581
2011,6,"MD","unpooled",80.2418573785022,78.71,1.53185737850217,2.34658702807153
2011,6,"MA","unpooled",81.6335304527127,80.23,1.40353045271274,1.96989773169204
2011,6,"MI","unpooled",78.9330012974057,77.83,1.10300129740571,1.21661186207868
2011,6,"MN","unpooled",81.8199732791921,80.62,1.19997327919211,1.43993587077506
2011,6,"MS","unpooled",75.5696302971707,74.6,0.969630297170696,0.940182913191331
2011,6,"MO","unpooled",78.2097629789756,77,1.20976297897559,1.46352646529989
2011,6,"MT","unpooled",79.4706942134121,78.46,1.01069421341209,1.02150279302469
2011,6,"NE","unpooled",80.4373062096528,79.23,1.20730620965284,1.45758828386631
2011,6,"NV","unpooled",78.8716698945185,77.86,1.01166989451849,1.02347597547505
2011,6,"NH","unpooled",81.230999656821,79.35,1.880999656821,3.53815970896073
2011,6,"NJ","unpooled",81.0017821300791,80.06,0.941782130079105,0.886953580536336
2011,6,"NM","unpooled",78.9015755710723,77.52,1.38157557107229,1.90875105858372
2011,6,"NY","unpooled",81.410468311182,80.82,0.590468311181965,0.348652826510082
2011,6,"NC","unpooled",78.9111820813438,77.58,1.33118208134378,1.77204573369077
2011,6,"ND","unpooled",80.6362028934885,79.64,0.996202893488473,0.992420204994805
2011,6,"OH","unpooled",78.3492158720492,76.5,1.84921587204924,3.41959934143884
2011,6,"OK","unpooled",76.1622220455943,75.61,0.552222045594277,0.304949187640328
2011,6,"OR","unpooled",80.3583796903852,79.34,1.01837969038516,1.03709719378897
2011,6,"PA","unpooled",79.3317613589894,77.91,1.42176135898944,2.02140536191551
2011,6,"RI","unpooled",80.8224872786489,79.57,1.25248727864891,1.56872438317736
2011,6,"SC","unpooled",78.1398042398621,76.73,1.40980423986205,1.98754799473303
2011,6,"SD","unpooled",80.2826671090656,78.58,1.7026671090656,2.89907528429381
2011,6,"TN","unpooled",77.0244713100283,75.68,1.34447131002827,1.80760310348913
2011,6,"TX","unpooled",79.3942870187797,78.51,0.884287018779659,0.781963531582217
2011,6,"UT","unpooled",80.7782976242792,79.59,1.18829762427917,1.41205124386753
2011,6,"VT","unpooled",81.1192663971309,79.46,1.65926639713088,2.75316497664768
2011,6,"VA","unpooled",80.1477707231333,79.08,1.06777072313335,1.14013431718072
2011,6,"WA","unpooled",81.0713938601503,79.96,1.11139386015034,1.23519631237988
2011,6,"WV","unpooled",75.8336561702417,74.46,1.37365617024166,1.88693127404298
2011,6,"WI","unpooled",80.5255427847623,79.23,1.29554278476225,1.67843110714952
2011,6,"WY","unpooled",79.1690320441993,78.84,0.329032044199309,0.108262086109976
2011,7,"USA","unpooled",79.8819233666627,78.79,1.09192336666273,1.19229663866406
2011,7,"AL","unpooled",76.2818230578119,75.26,1.02182305781189,1.04412236147603
2011,7,"AK","unpooled",79.20398343537,78.49,0.713983435369997,0.509772345982742
2011,7,"AZ","unpooled",80.4608041261831,79.19,1.27080412618308,1.61494312712394
2011,7,"AR","unpooled",76.6065264217221,75.82,0.78652642172213,0.618623812067017
2011,7,"CA","unpooled",81.7456266264655,81.04,0.705626626465502,0.497908935977085
2011,7,"CO","unpooled",81.2979341362557,80.26,1.03793413625567,1.07730727120481
2011,7,"CT","unpooled",81.9361294860923,80.68,1.25612948609233,1.57786128583059
2011,7,"DE","unpooled",79.3884266948568,78.02,1.36842669485679,1.87259161919669
2011,7,"FL","unpooled",80.3213799447755,79.39,0.931379944775529,0.867468601530067
2011,7,"GA","unpooled",78.7834552409623,77.55,1.23345524096227,1.5214118314573
2011,7,"HI","unpooled",82.5194431309372,81.6,0.919443130937211,0.845375671027621
2011,7,"ID","unpooled",80.4452789786643,79.18,1.26527897866434,1.60093089384988
2011,7,"IL","unpooled",80.1607153756109,78.97,1.19071537561086,1.41780310571612
2011,7,"IN","unpooled",78.3625946077831,76.98,1.3825946077831,1.91156784947092
2011,7,"IA","unpooled",80.5815653084939,79.28,1.30156530849389,1.6940722522748
2011,7,"KS","unpooled",79.4146682147224,78.16,1.25466821472244,1.5741923290348
2011,7,"KY","unpooled",76.6864134572752,75.4,1.28641345727522,1.65485958305877
2011,7,"LA","unpooled",76.9165614493965,75.82,1.09656144939649,1.20244701230253
2011,7,"ME","unpooled",80.2784123463373,78.66,1.61841234633731,2.61925852277703
2011,7,"MD","unpooled",80.4362955098749,78.84,1.59629550987491,2.54815935484679
2011,7,"MA","unpooled",81.8173176045393,80.35,1.46731760453932,2.153020952591
2011,7,"MI","unpooled",79.0822066279191,77.83,1.25220662791907,1.56802143900444
2011,7,"MN","unpooled",81.9896333046458,80.69,1.29963330464585,1.6890467265447
2011,7,"MS","unpooled",75.7008103771436,74.74,0.960810377143559,0.923156580826749
2011,7,"MO","unpooled",78.341114901812,76.81,1.53111490181203,2.34431284255087
2011,7,"MT","unpooled",79.643926130455,78.88,0.763926130455047,0.583583132792022
2011,7,"NE","unpooled",80.5820072440106,79.27,1.31200724401056,1.72136300833618
2011,7,"NV","unpooled",79.0579701006333,78.21,0.847970100633319,0.719053291568081
2011,7,"NH","unpooled",81.4135592243614,79.34,2.07355922436139,4.29964785693421
2011,7,"NJ","unpooled",81.1892690247646,80.11,1.07926902476459,1.1648216278163
2011,7,"NM","unpooled",79.0590605430304,77.51,1.54906054303038,2.39958856597357
2011,7,"NY","unpooled",81.6114943048993,80.92,0.691494304899294,0.478164373708158
2011,7,"NC","unpooled",79.0857784137322,77.84,1.24577841373215,1.551963856121
2011,7,"ND","unpooled",80.788513469194,79.62,1.168513469194,1.36542372768779
2011,7,"OH","unpooled",78.4883563347506,76.87,1.61835633475062,2.61907722622745
2011,7,"OK","unpooled",76.2475139632289,75.77,0.477513963228859,0.228019585078532
2011,7,"OR","unpooled",80.5225886091627,79.76,0.762588609162719,0.581541386824731
2011,7,"PA","unpooled",79.5002659319639,78.28,1.22026593196394,1.48904894471181
2011,7,"RI","unpooled",80.997787083356,79.96,1.03778708335597,1.07700203038048
2011,7,"SC","unpooled",78.3392840610603,76.73,1.60928406106029,2.58979518918271
2011,7,"SD","unpooled",80.440162463307,79,1.44016246330698,2.07406792071842
2011,7,"TN","unpooled",77.1514952348697,75.74,1.41149523486975,1.99231879806
2011,7,"TX","unpooled",79.5463937413931,78.64,0.906393741393089,0.821549614436561
2011,7,"UT","unpooled",80.9335258457689,79.77,1.16352584576892,1.35379239377227
2011,7,"VT","unpooled",81.3016255287846,79.45,1.85162552878464,3.42851709884699
2011,7,"VA","unpooled",80.3401063328634,79.19,1.15010633286336,1.3227445768924
2011,7,"WA","unpooled",81.2454851021776,80.14,1.10548510217761,1.22209731113664
2011,7,"WV","unpooled",75.9433782182896,74.53,1.41337821828961,1.99763798793551
2011,7,"WI","unpooled",80.6839421518642,79.27,1.41394215186418,1.9992324088183
2011,7,"WY","unpooled",79.3242706336155,78.42,0.904270633615468,0.81770537881932
2011,8,"USA","unpooled",80.047622713388,78.92,1.12762271338801,1.27153298374853
2011,8,"AL","unpooled",76.415686757813,75.48,0.935686757813016,0.875509708746634
2011,8,"AK","unpooled",79.3793834445792,78.23,1.14938344457924,1.32108230267285
2011,8,"AZ","unpooled",80.6446508775378,79.29,1.35465087753781,1.83507900001395
2011,8,"AR","unpooled",76.7104684958871,75.89,0.820468495887084,0.673168552743214
2011,8,"CA","unpooled",81.9217218652436,81.16,0.761721865243629,0.580220199990234
2011,8,"CO","unpooled",81.4715663101379,80.22,1.25156631013787,1.56641822867214
2011,8,"CT","unpooled",82.116898188855,80.59,1.52689818885497,2.33141807912859
2011,8,"DE","unpooled",79.5507337840727,78.39,1.16073378407269,1.34730291748771
2011,8,"FL","unpooled",80.487735522733,79.57,0.917735522733025,0.842238489686059
2011,8,"GA","unpooled",78.9646781902728,77.73,1.23467819027282,1.52443023353536
2011,8,"HI","unpooled",82.7027673929539,81.57,1.13276739295392,1.28316196653963
2011,8,"ID","unpooled",80.6015336328706,79.56,1.0415336328706,1.08479230840062
2011,8,"IL","unpooled",80.3372279362331,79.25,1.08722793623315,1.18206458532579
2011,8,"IN","unpooled",78.4938044805447,77.09,1.40380448054474,1.97066701959747
2011,8,"IA","unpooled",80.7274247457045,79.12,1.60742474570445,2.58381431310301
2011,8,"KS","unpooled",79.5394148442759,78.3,1.23941484427587,1.53614915621138
2011,8,"KY","unpooled",76.8013435447351,75.63,1.17134354473512,1.37204569979264
2011,8,"LA","unpooled",77.0621712613024,75.95,1.11217126130236,1.23692491446689
2011,8,"ME","unpooled",80.4508973978076,78.43,2.02089739780756,4.08402629246536
2011,8,"MD","unpooled",80.6307336412477,78.97,1.66073364124766,2.75803622717171
2011,8,"MA","unpooled",82.0011047563659,80.65,1.35110475636587,1.82548406267448
2011,8,"MI","unpooled",79.2314119584324,78.09,1.14141195843241,1.30282125885252
2011,8,"MN","unpooled",82.1592933300996,80.63,1.52929333009959,2.3387380894871
2011,8,"MS","unpooled",75.8319904571164,74.52,1.31199045711642,1.72131895956456
2011,8,"MO","unpooled",78.4724668246485,77.16,1.31246682464848,1.72256916580287
2011,8,"MT","unpooled",79.817158047498,78.62,1.19715804749799,1.43318739068921
2011,8,"NE","unpooled",80.7267082783683,79.4,1.32670827836826,1.76015485589087
2011,8,"NV","unpooled",79.2442703067481,78.32,0.924270306748141,0.854275599936304
2011,8,"NH","unpooled",81.5961187919018,79.6,1.99611879190179,3.98449023138347
2011,8,"NJ","unpooled",81.3767559194501,80.47,0.906755919450063,0.82220629745773
2011,8,"NM","unpooled",79.2165455149885,77.21,2.00654551498849,4.02622490372042
2011,8,"NY","unpooled",81.8125202986166,81.16,0.652520298616636,0.425782740106744
2011,8,"NC","unpooled",79.2603747461205,77.82,1.44037474612054,2.07467940926181
2011,8,"ND","unpooled",80.9408240448995,79.17,1.77082404489953,3.13581779799432
2011,8,"OH","unpooled",78.627496797452,77.02,1.607496797452,2.58404595381844
2011,8,"OK","unpooled",76.3328058808634,75.89,0.442805880863432,0.19607704812724
2011,8,"OR","unpooled",80.6867975279403,79.61,1.07679752794029,1.15949291617831
2011,8,"PA","unpooled",79.6687705049384,78.51,1.15877050493843,1.34274908311527
2011,8,"RI","unpooled",81.173086888063,79.77,1.40308688806302,1.96865281545436
2011,8,"SC","unpooled",78.5387638822585,76.89,1.64876388225854,2.71842233944024
2011,8,"SD","unpooled",80.5976578175484,78.5,2.09765781754835,4.40016831952172
2011,8,"TN","unpooled",77.2785191597112,75.8,1.47851915971121,2.18601890563315
2011,8,"TX","unpooled",79.6985004640065,78.8,0.898500464006517,0.807303083819926
2011,8,"UT","unpooled",81.0887540672586,79.92,1.16875406725865,1.36598606973363
2011,8,"VT","unpooled",81.4839846604384,79.94,1.54398466043841,2.38388863166912
2011,8,"VA","unpooled",80.5324419425934,79.3,1.23244194259337,1.51891314186332
2011,8,"WA","unpooled",81.4195763442049,80.16,1.25957634420489,1.58653256688055
2011,8,"WV","unpooled",76.0531002663376,74.68,1.37310026633756,1.88540434141628
2011,8,"WI","unpooled",80.8423415189661,79.29,1.55234151896609,2.40976419150594
2011,8,"WY","unpooled",79.4795092230316,78.25,1.22950922303163,1.51169292951984
2011,1,"USA","ratio_unpooled_3",78.894126028307,78.84,0.0541260283069533,0.00292962694028511
2011,1,"AL","ratio_unpooled_3",75.4800748554489,75.35,0.130074855448882,0.0169194680200475
2011,1,"AK","ratio_unpooled_3",78.1372086991671,78.12,0.0172086991671137,0.000296139327024218
2011,1,"AZ","ratio_unpooled_3",79.3665257728717,79.17,0.196525772871738,0.0386223794028338
2011,1,"AR","ratio_unpooled_3",75.9744409010448,75.75,0.224440901044801,0.0503737180618021
2011,1,"CA","ratio_unpooled_3",80.6979100043041,80.69,0.00791000430415068,6.25681680916822e-05
2011,1,"CO","ratio_unpooled_3",80.2432868682593,80.25,-0.00671313174072452,4.5066137768323e-05
2011,1,"CT","ratio_unpooled_3",80.8609378621892,80.81,0.0509378621892296,0.00259466580440894
2011,1,"DE","ratio_unpooled_3",78.4151843189735,78.53,-0.114815681026485,0.0131826406095756
2011,1,"FL","ratio_unpooled_3",79.3148020016122,79.36,-0.0451979983877777,0.00204285905826156
2011,1,"GA","ratio_unpooled_3",77.6961187649558,77.69,0.00611876495581498,3.74392845845095e-05
2011,1,"HI","ratio_unpooled_3",81.4199570222843,81.33,0.089957022284338,0.00809226585826488
2011,1,"ID","ratio_unpooled_3",79.5183310323649,79.49,0.0283310323649033,0.000802647394861199
2011,1,"IL","ratio_unpooled_3",79.1095064993779,79.04,0.06950649937788,0.00483115345576723
2011,1,"IN","ratio_unpooled_3",77.5602061842031,77.42,0.14020618420308,0.0196577740887881
2011,1,"IA","ratio_unpooled_3",79.6914809554968,79.58,0.111480955496774,0.0124280034384736
2011,1,"KS","ratio_unpooled_3",78.6596227717896,78.52,0.139622771789647,0.0194945184022237
2011,1,"KY","ratio_unpooled_3",75.9948425583505,75.71,0.284842558350505,0.0811352830476607
2011,1,"LA","ratio_unpooled_3",76.0718292773126,75.73,0.341829277312641,0.116847254828082
2011,1,"ME","ratio_unpooled_3",79.2519770996382,79.16,0.0919770996381715,0.00845978685785012
2011,1,"MD","ratio_unpooled_3",79.2810471864991,79.22,0.061047186499124,0.00372675897945883
2011,1,"MA","ratio_unpooled_3",80.688749127425,80.79,-0.101250872574965,0.0102517391971919
2011,1,"MI","ratio_unpooled_3",78.1949511637472,78.14,0.0549511637471625,0.00301963039716746
2011,1,"MN","ratio_unpooled_3",80.9610268824285,80.9,0.0610268824284788,0.00372428037893937
2011,1,"MS","ratio_unpooled_3",74.9177988261894,75,-0.0822011738105743,0.00675703297583625
2011,1,"MO","ratio_unpooled_3",77.5542282983335,77.54,0.0142282983335349,0.000202444473468072
2011,1,"MT","ratio_unpooled_3",78.6154847237847,78.8,-0.184515276215279,0.0340458871568008
2011,1,"NE","ratio_unpooled_3",79.7218997446335,79.52,0.201899744633536,0.0407635068830871
2011,1,"NV","ratio_unpooled_3",77.9407660678971,78.02,-0.0792339321029374,0.00627801599649289
2011,1,"NH","ratio_unpooled_3",80.3342332623801,80.32,0.0142332623801451,0.000202585757982054
2011,1,"NJ","ratio_unpooled_3",80.0812495820709,80.15,-0.0687504179291523,0.0047266199654331
2011,1,"NM","ratio_unpooled_3",78.1111257778408,77.85,0.261125777840817,0.0681866718529719
2011,1,"NY","ratio_unpooled_3",80.41555309766,80.42,-0.00444690233995004,1.97749404210532e-05
2011,1,"NC","ratio_unpooled_3",78.0430884690286,77.9,0.143088469028598,0.020474309968948
2011,1,"ND","ratio_unpooled_3",79.8318116550264,79.54,0.291811655026393,0.0851540420092427
2011,1,"OH","ratio_unpooled_3",77.6401411821201,77.52,0.120141182120094,0.0144339036412135
2011,1,"OK","ratio_unpooled_3",75.7232458013775,75.82,-0.0967541986224632,0.00936137495107505
2011,1,"OR","ratio_unpooled_3",79.549588202224,79.54,0.00958820222396639,9.1933621887674e-05
2011,1,"PA","ratio_unpooled_3",78.4788925003521,78.47,0.0088925003521183,7.90765625124242e-05
2011,1,"RI","ratio_unpooled_3",79.9486693737619,80.12,-0.171330626238074,0.0293541834871306
2011,1,"SC","ratio_unpooled_3",77.1395991844994,76.99,0.14959918449938,0.0223799160028794
2011,1,"SD","ratio_unpooled_3",79.4335817514559,79,0.433581751455876,0.187993135195545
2011,1,"TN","ratio_unpooled_3",76.38941881055,76.23,0.159418810549951,0.0254143571571612
2011,1,"TX","ratio_unpooled_3",78.6373019730541,78.49,0.147301973054141,0.0216978712656429
2011,1,"UT","ratio_unpooled_3",79.9678536310705,79.79,0.177853631070519,0.0316319140849684
2011,1,"VT","ratio_unpooled_3",80.1558375147198,80.16,-0.00416248528020446,1.73262837079188e-05
2011,1,"VA","ratio_unpooled_3",79.1809389409182,79.16,0.0209389409182279,0.000438439246777039
2011,1,"WA","ratio_unpooled_3",80.1956975131475,80.07,0.125697513147514,0.0157998648114696
2011,1,"WV","ratio_unpooled_3",75.3033130445662,75.18,0.123313044566146,0.0152061069601723
2011,1,"WI","ratio_unpooled_3",79.6640748324466,79.66,0.0040748324465909,1.660425946779e-05
2011,1,"WY","ratio_unpooled_3",78.3925274378355,78.37,0.0225274378354925,0.000507485455431979
2011,2,"USA","ratio_unpooled_3",79.059943162574,78.83,0.22994316257396,0.0528738580145146
2011,2,"AL","ratio_unpooled_3",75.61396450709,75.29,0.323964507090039,0.104953001854092
2011,2,"AK","ratio_unpooled_3",78.3123539057048,78.2,0.112353905704822,0.012623400127128
2011,2,"AZ","ratio_unpooled_3",79.5504426827754,79.28,0.270442682775425,0.073139244666769
2011,2,"AR","ratio_unpooled_3",76.0782471643195,75.78,0.298247164319463,0.0889513710246007
2011,2,"CA","ratio_unpooled_3",80.8742337192016,80.69,0.184233719201615,0.0339420632908594
2011,2,"CO","ratio_unpooled_3",80.4166871138071,80.32,0.0966871138070786,0.00934839797634297
2011,2,"CT","ratio_unpooled_3",81.0418812940564,80.86,0.181881294056367,0.0330808051276188
2011,2,"DE","ratio_unpooled_3",78.5775126350137,78.8,-0.222487364986279,0.0495006275785376
2011,2,"FL","ratio_unpooled_3",79.4810633725818,79.43,0.0510633725817939,0.00260746801942711
2011,2,"GA","ratio_unpooled_3",77.877129248214,77.54,0.33712924821404,0.113656130001364
2011,2,"HI","ratio_unpooled_3",81.6032897620516,81.24,0.363289762051593,0.131979451211503
2011,2,"ID","ratio_unpooled_3",79.6747612053733,79.14,0.5347612053733,0.285969546772305
2011,2,"IL","ratio_unpooled_3",79.2861639183994,79.17,0.116163918399351,0.0134940559378912
2011,2,"IN","ratio_unpooled_3",77.6911359281315,77.25,0.441135928131473,0.194600907088416
2011,2,"IA","ratio_unpooled_3",79.8371752069939,79.5,0.337175206993862,0.113687120211354
2011,2,"KS","ratio_unpooled_3",78.7843459244926,78.61,0.174345924492556,0.030396501387164
2011,2,"KY","ratio_unpooled_3",76.1097450909619,76.07,0.0397450909619153,0.00157967225557092
2011,2,"LA","ratio_unpooled_3",76.2179755500987,75.56,0.657975550098683,0.432931824527665
2011,2,"ME","ratio_unpooled_3",79.4246134843692,78.87,0.55461348436917,0.307596117044112
2011,2,"MD","ratio_unpooled_3",79.4774315590534,79.15,0.32743155905338,0.107211425864127
2011,2,"MA","ratio_unpooled_3",80.8720576353513,80.66,0.212057635351314,0.044968440710791
2011,2,"MI","ratio_unpooled_3",78.3443082269203,78.03,0.314308226920332,0.0987896615098028
2011,2,"MN","ratio_unpooled_3",81.1304732322953,80.8,0.330473232295304,0.109212557263706
2011,2,"MS","ratio_unpooled_3",75.0490814994396,74.63,0.419081499439571,0.175629303172519
2011,2,"MO","ratio_unpooled_3",77.6855960552715,77.47,0.215596055271519,0.0464816590486397
2011,2,"MT","ratio_unpooled_3",78.7889196906526,78.3,0.488919690652622,0.239042463907856
2011,2,"NE","ratio_unpooled_3",79.8667363750576,79.63,0.236736375057646,0.0560441112754344
2011,2,"NV","ratio_unpooled_3",78.1270713376157,77.93,0.197071337615682,0.0388371121096342
2011,2,"NH","ratio_unpooled_3",80.5169225837236,80.28,0.236922583723626,0.0561323106782784
2011,2,"NJ","ratio_unpooled_3",80.2690409413534,80.18,0.089040941353403,0.00792828923710016
2011,2,"NM","ratio_unpooled_3",78.268571284317,78.17,0.098571284316975,0.00971629809189793
2011,2,"NY","ratio_unpooled_3",80.6167670403472,80.48,0.136767040347181,0.0187052233253273
2011,2,"NC","ratio_unpooled_3",78.2181246360835,77.99,0.228124636083521,0.052040849588239
2011,2,"ND","ratio_unpooled_3",79.9833265972992,79.32,0.663326597299232,0.440002174684577
2011,2,"OH","ratio_unpooled_3",77.7795347916094,77.55,0.229534791609396,0.0526862205591688
2011,2,"OK","ratio_unpooled_3",75.8083076019261,75.58,0.228307601926105,0.0521243610972486
2011,2,"OR","ratio_unpooled_3",79.7139656761121,79.41,0.303965676112114,0.0923951322542944
2011,2,"PA","ratio_unpooled_3",78.6472128827681,78.49,0.157212882768107,0.0247158905082585
2011,2,"RI","ratio_unpooled_3",80.1239910969585,79.68,0.443991096958541,0.197128094178449
2011,2,"SC","ratio_unpooled_3",77.3390192342569,76.97,0.36901923425691,0.136175195251557
2011,2,"SD","ratio_unpooled_3",79.5899442786569,79.58,0.00994427865688863,9.88886780058507e-05
2011,2,"TN","ratio_unpooled_3",76.5164450847728,76.27,0.246445084772773,0.0607351798086594
2011,2,"TX","ratio_unpooled_3",78.7894718396129,78.46,0.329471839612864,0.108551693097885
2011,2,"UT","ratio_unpooled_3",80.1225900448503,79.6,0.522590044850276,0.273100354976613
2011,2,"VT","ratio_unpooled_3",80.337240187928,79.78,0.557240187928031,0.310516627042067
2011,2,"VA","ratio_unpooled_3",79.3732408329008,79.24,0.13324083290081,0.0177531195521017
2011,2,"WA","ratio_unpooled_3",80.3698008383574,80.16,0.209800838357381,0.04401639177546
2011,2,"WV","ratio_unpooled_3",75.4133726786052,75.31,0.103372678605169,0.0106859106820075
2011,2,"WI","ratio_unpooled_3",79.8214511828114,79.42,0.4014511828114,0.161163052180672
2011,2,"WY","ratio_unpooled_3",78.547749128117,78.63,-0.0822508718830335,0.00676520592551919
2011,3,"USA","ratio_unpooled_3",79.225760296841,78.89,0.335760296840959,0.112734976934729
2011,3,"AL","ratio_unpooled_3",75.7478541587312,75.43,0.317854158731208,0.101031266222724
2011,3,"AK","ratio_unpooled_3",78.4874991122425,78.13,0.357499112242536,0.127805615254201
2011,3,"AZ","ratio_unpooled_3",79.7343595926791,79.38,0.354359592679117,0.12557072092371
2011,3,"AR","ratio_unpooled_3",76.1820534275941,75.84,0.342053427594124,0.117000547328888
2011,3,"CA","ratio_unpooled_3",81.0505574340991,81.03,0.0205574340990751,0.000422608096737814
2011,3,"CO","ratio_unpooled_3",80.5900873593549,80.15,0.440087359354862,0.193676883863936
2011,3,"CT","ratio_unpooled_3",81.2228247259235,80.97,0.252824725923503,0.0639203420382944
2011,3,"DE","ratio_unpooled_3",78.7398409510539,78.77,-0.030159048946075,0.000909568233331749
2011,3,"FL","ratio_unpooled_3",79.6473247435514,79.4,0.247324743551374,0.061169528772753
2011,3,"GA","ratio_unpooled_3",78.0581397314723,77.53,0.52813973147228,0.278931575959612
2011,3,"HI","ratio_unpooled_3",81.7866225018188,81.47,0.316622501818841,0.100249808658022
2011,3,"ID","ratio_unpooled_3",79.8311913783817,79.27,0.561191378381707,0.314935763169961
2011,3,"IL","ratio_unpooled_3",79.4628213374208,79.07,0.392821337420827,0.154308603133087
2011,3,"IN","ratio_unpooled_3",77.8220656720599,77.33,0.492065672059866,0.242128625619727
2011,3,"IA","ratio_unpooled_3",79.982869458491,79.46,0.522869458490959,0.273392470622629
2011,3,"KS","ratio_unpooled_3",78.9090690771955,78.55,0.359069077195471,0.128930602198007
2011,3,"KY","ratio_unpooled_3",76.2246476235733,75.75,0.474647623573318,0.225290366563799
2011,3,"LA","ratio_unpooled_3",76.3641218228847,75.63,0.734121822884731,0.5389348508356
2011,3,"ME","ratio_unpooled_3",79.5972498691002,79.05,0.547249869100185,0.299482419230169
2011,3,"MD","ratio_unpooled_3",79.6738159316076,79.29,0.383815931607643,0.147314669355843
2011,3,"MA","ratio_unpooled_3",81.0553661432776,80.55,0.505366143277584,0.25539493877126
2011,3,"MI","ratio_unpooled_3",78.4936652900935,78,0.493665290093503,0.243705418643102
2011,3,"MN","ratio_unpooled_3",81.2999195821621,80.88,0.419919582162123,0.176332455483212
2011,3,"MS","ratio_unpooled_3",75.1803641726897,74.8,0.38036417268971,0.144676903865927
2011,3,"MO","ratio_unpooled_3",77.8169638122095,77.44,0.376963812209496,0.142101715715516
2011,3,"MT","ratio_unpooled_3",78.9623546575205,78.79,0.172354657520515,0.029706127969014
2011,3,"NE","ratio_unpooled_3",80.0115730054818,79.4,0.611573005481745,0.374021541033974
2011,3,"NV","ratio_unpooled_3",78.3133766073343,78.09,0.223376607334316,0.0498971087041893
2011,3,"NH","ratio_unpooled_3",80.6996119050671,79.84,0.859611905067112,0.73893262733311
2011,3,"NJ","ratio_unpooled_3",80.456832300636,80.32,0.136832300635973,0.0187230784973333
2011,3,"NM","ratio_unpooled_3",78.4260167907931,77.64,0.786016790793141,0.617822395408749
2011,3,"NY","ratio_unpooled_3",80.8179809830343,80.73,0.0879809830343135,0.00774065337568415
2011,3,"NC","ratio_unpooled_3",78.3931608031384,77.94,0.453160803138431,0.205354713501068
2011,3,"ND","ratio_unpooled_3",80.134841539572,79.74,0.394841539572056,0.155899841371631
2011,3,"OH","ratio_unpooled_3",77.9189284010987,77.53,0.388928401098696,0.151265301181188
2011,3,"OK","ratio_unpooled_3",75.8933694024747,75.63,0.26336940247468,0.0693634421598701
2011,3,"OR","ratio_unpooled_3",79.8783431500002,79.45,0.428343150000245,0.183477854152132
2011,3,"PA","ratio_unpooled_3",78.8155332651841,78.64,0.175533265184086,0.0308119271861866
2011,3,"RI","ratio_unpooled_3",80.2993128201552,79.95,0.349312820155163,0.122019446324753
2011,3,"SC","ratio_unpooled_3",77.5384392840144,76.97,0.568439284014445,0.323123219610855
2011,3,"SD","ratio_unpooled_3",79.7463068058579,79.12,0.626306805857894,0.392260215063917
2011,3,"TN","ratio_unpooled_3",76.6434713589956,76.14,0.503471358995583,0.253483409328859
2011,3,"TX","ratio_unpooled_3",78.9416417061716,78.44,0.501641706171583,0.251644401370737
2011,3,"UT","ratio_unpooled_3",80.27732645863,79.62,0.65732645863001,0.43207807321507
2011,3,"VT","ratio_unpooled_3",80.5186428611363,80,0.518642861136271,0.268990417407618
2011,3,"VA","ratio_unpooled_3",79.5655427248834,79.3,0.265542724883389,0.0705129387384951
2011,3,"WA","ratio_unpooled_3",80.5439041635672,80.16,0.383904163567252,0.147382406804271
2011,3,"WV","ratio_unpooled_3",75.5234323126442,75.19,0.333432312644192,0.111177107115254
2011,3,"WI","ratio_unpooled_3",79.9788275331762,79.54,0.438827533176209,0.192569603873517
2011,3,"WY","ratio_unpooled_3",78.7029708183984,78.26,0.442970818398422,0.196223145952568
2011,4,"USA","ratio_unpooled_3",79.391577431108,78.72,0.671577431107963,0.45101624597357
2011,4,"AL","ratio_unpooled_3",75.8817438103724,75.24,0.64174381037239,0.411835118151274
2011,4,"AK","ratio_unpooled_3",78.6626443187802,77.8,0.862644318780241,0.744155220723826
2011,4,"AZ","ratio_unpooled_3",79.9182765025828,79.23,0.688276502582795,0.473724544007604
2011,4,"AR","ratio_unpooled_3",76.2858596908688,75.56,0.725859690868788,0.526872290828132
2011,4,"CA","ratio_unpooled_3",81.2268811489965,80.75,0.47688114899654,0.22741563026826
2011,4,"CO","ratio_unpooled_3",80.7634876049027,80.14,0.623487604902664,0.38873679346726
2011,4,"CT","ratio_unpooled_3",81.4037681577906,80.68,0.72376815779063,0.523840346231642
2011,4,"DE","ratio_unpooled_3",78.9021692670941,78.31,0.592169267094121,0.350664440890789
2011,4,"FL","ratio_unpooled_3",79.813586114521,79.27,0.543586114520963,0.295485863899997
2011,4,"GA","ratio_unpooled_3",78.2391502147305,77.32,0.919150214730521,0.844837117239164
2011,4,"HI","ratio_unpooled_3",81.9699552415861,81.31,0.65995524158609,0.435540920896954
2011,4,"ID","ratio_unpooled_3",79.9876215513901,79.31,0.677621551390104,0.459170966908331
2011,4,"IL","ratio_unpooled_3",79.6394787564423,79.05,0.58947875644229,0.347485204296749
2011,4,"IN","ratio_unpooled_3",77.9529954159883,77.1,0.852995415988261,0.727601179696986
2011,4,"IA","ratio_unpooled_3",80.128563709988,79.42,0.708563709988042,0.502062531112017
2011,4,"KS","ratio_unpooled_3",79.0337922298984,78.35,0.683792229898387,0.467571813669408
2011,4,"KY","ratio_unpooled_3",76.3395501561847,75.39,0.949550156184728,0.901645499110441
2011,4,"LA","ratio_unpooled_3",76.5102680956708,75.78,0.730268095670766,0.533291491554607
2011,4,"ME","ratio_unpooled_3",79.7698862538312,78.41,1.35988625383119,1.84929062335903
2011,4,"MD","ratio_unpooled_3",79.8702003041619,79.11,0.760200304161913,0.577904502447865
2011,4,"MA","ratio_unpooled_3",81.2386746512039,80.2,1.03867465120385,1.07884503105344
2011,4,"MI","ratio_unpooled_3",78.6430223532667,77.92,0.723022353266671,0.522761323323275
2011,4,"MN","ratio_unpooled_3",81.4693659320289,80.7,0.769365932028933,0.591923937366748
2011,4,"MS","ratio_unpooled_3",75.3116468459398,74.51,0.801646845939842,0.642637665605298
2011,4,"MO","ratio_unpooled_3",77.9483315691475,77.19,0.758331569147472,0.575066768765668
2011,4,"MT","ratio_unpooled_3",79.1357896243884,78,1.13578962438842,1.29001807086839
2011,4,"NE","ratio_unpooled_3",80.1564096359059,79.11,1.04640963590586,1.09497312611663
2011,4,"NV","ratio_unpooled_3",78.499681877053,77.93,0.569681877052943,0.324537441042565
2011,4,"NH","ratio_unpooled_3",80.8823012264106,79.47,1.41230122641061,1.9945947541209
2011,4,"NJ","ratio_unpooled_3",80.6446236599185,80.32,0.32462365991853,0.105380520578901
2011,4,"NM","ratio_unpooled_3",78.5834622972693,77.7,0.883462297269304,0.780505630696356
2011,4,"NY","ratio_unpooled_3",81.0191949257215,80.68,0.339194925721443,0.115053197635176
2011,4,"NC","ratio_unpooled_3",78.5681969701933,77.72,0.848196970193342,0.719438100245166
2011,4,"ND","ratio_unpooled_3",80.2863564818449,79.38,0.906356481844881,0.82148207218223
2011,4,"OH","ratio_unpooled_3",78.058322010588,77.16,0.898322010588004,0.806982434706873
2011,4,"OK","ratio_unpooled_3",75.9784312030232,75.55,0.428431203023251,0.18355329572395
2011,4,"OR","ratio_unpooled_3",80.0427206238884,79.26,0.78272062388838,0.612651575060215
2011,4,"PA","ratio_unpooled_3",78.9838536476001,78.29,0.693853647600065,0.481432884287915
2011,4,"RI","ratio_unpooled_3",80.4746345433518,79.51,0.964634543351778,0.930519802227493
2011,4,"SC","ratio_unpooled_3",77.737859333772,76.68,1.05785933377197,1.11906637004848
2011,4,"SD","ratio_unpooled_3",79.9026693330589,78.81,1.09266933305891,1.1939262714074
2011,4,"TN","ratio_unpooled_3",76.7704976332184,76.03,0.740497633218396,0.548336744802047
2011,4,"TX","ratio_unpooled_3",79.0938115727303,78.43,0.663811572730296,0.440645804090669
2011,4,"UT","ratio_unpooled_3",80.4320628724098,79.46,0.972062872409765,0.944906227917523
2011,4,"VT","ratio_unpooled_3",80.7000455343445,79.63,1.07004553434452,1.14499744557064
2011,4,"VA","ratio_unpooled_3",79.757844616866,79.15,0.607844616865961,0.369475078252927
2011,4,"WA","ratio_unpooled_3",80.7180074887771,79.91,0.808007488777122,0.652876101919911
2011,4,"WV","ratio_unpooled_3",75.6334919466832,75,0.633491946683208,0.40131204651248
2011,4,"WI","ratio_unpooled_3",80.136203883541,79.43,0.706203883541022,0.498723925128421
2011,4,"WY","ratio_unpooled_3",78.8581925086799,78.07,0.788192508679899,0.621247430739112
2011,5,"USA","ratio_unpooled_3",79.557394565375,78.68,0.877394565374956,0.769821223349509
2011,5,"AL","ratio_unpooled_3",76.0156334620136,75.06,0.955633462013552,0.913235313720006
2011,5,"AK","ratio_unpooled_3",78.837789525318,77.59,1.24778952531794,1.55697869949317
2011,5,"AZ","ratio_unpooled_3",80.1021934124865,79.01,1.09219341248648,1.19288645027886
2011,5,"AR","ratio_unpooled_3",76.3896659541435,75.61,0.779665954143454,0.607879000050422
2011,5,"CA","ratio_unpooled_3",81.403204863894,80.82,0.583204863894011,0.340127913269632
2011,5,"CO","ratio_unpooled_3",80.9368878504505,79.95,0.986887850450458,0.973947629366725
2011,5,"CT","ratio_unpooled_3",81.5847115896578,80.71,0.874711589657778,0.765120365081637
2011,5,"DE","ratio_unpooled_3",79.0644975831343,78.21,0.854497583134332,0.730166119582415
2011,5,"FL","ratio_unpooled_3",79.9798474854905,79.09,0.889847485490534,0.791828547433827
2011,5,"GA","ratio_unpooled_3",78.4201606979887,77.33,1.09016069798875,1.18845034743932
2011,5,"HI","ratio_unpooled_3",82.1532879813533,81.57,0.583287981353351,0.340224869191267
2011,5,"ID","ratio_unpooled_3",80.1440517243985,79.18,0.964051724398502,0.929395727315725
2011,5,"IL","ratio_unpooled_3",79.8161361754638,78.97,0.846136175463755,0.71594642742843
2011,5,"IN","ratio_unpooled_3",78.0839251599166,76.96,1.12392515991665,1.26320776509367
2011,5,"IA","ratio_unpooled_3",80.2742579614851,79.23,1.04425796148513,1.09047469012508
2011,5,"KS","ratio_unpooled_3",79.1585153826013,78.5,0.658515382601294,0.433642509122529
2011,5,"KY","ratio_unpooled_3",76.4544526887961,75.07,1.38445268879615,1.91670924751488
2011,5,"LA","ratio_unpooled_3",76.6564143684568,75.77,0.886414368456812,0.785730432606689
2011,5,"ME","ratio_unpooled_3",79.9425226385622,78.53,1.41252263856219,1.9952202044507
2011,5,"MD","ratio_unpooled_3",80.0665846767162,78.73,1.33658467671617,1.78645859803247
2011,5,"MA","ratio_unpooled_3",81.4219831591301,80.36,1.06198315913012,1.12780823027599
2011,5,"MI","ratio_unpooled_3",78.7923794164398,77.81,0.982379416439841,0.965069317844682
2011,5,"MN","ratio_unpooled_3",81.6388122818958,80.73,0.908812281895749,0.825939763724558
2011,5,"MS","ratio_unpooled_3",75.44292951919,74.6,0.842929519189994,0.710530174321874
2011,5,"MO","ratio_unpooled_3",78.0796993260854,77.19,0.889699326085449,0.791564890836902
2011,5,"MT","ratio_unpooled_3",79.3092245912563,78.35,0.95922459125633,0.920111816470873
2011,5,"NE","ratio_unpooled_3",80.30124626633,79.51,0.791246266329964,0.626070653981108
2011,5,"NV","ratio_unpooled_3",78.6859871467716,77.78,0.905987146771579,0.820812710115307
2011,5,"NH","ratio_unpooled_3",81.0649905477541,79.23,1.83499054775409,3.36719031034685
2011,5,"NJ","ratio_unpooled_3",80.8324150192011,80.17,0.662415019201077,0.438793657663164
2011,5,"NM","ratio_unpooled_3",78.7409078037455,77.39,1.35090780374547,1.82495189422041
2011,5,"NY","ratio_unpooled_3",81.2204088684086,80.64,0.580408868408583,0.336874454527331
2011,5,"NC","ratio_unpooled_3",78.7432331372483,77.67,1.07323313724825,1.15182936688773
2011,5,"ND","ratio_unpooled_3",80.4378714241177,79.59,0.847871424117699,0.718885951835375
2011,5,"OH","ratio_unpooled_3",78.1977156200773,76.88,1.31771562007731,1.73637445539573
2011,5,"OK","ratio_unpooled_3",76.0634930035718,75.65,0.413493003571816,0.170976464002842
2011,5,"OR","ratio_unpooled_3",80.2070980977765,79.42,0.787098097776521,0.619523415523418
2011,5,"PA","ratio_unpooled_3",79.152174030016,78.06,1.09217403001605,1.19284411184151
2011,5,"RI","ratio_unpooled_3",80.6499562665484,79.89,0.7599562665484,0.577533527066183
2011,5,"SC","ratio_unpooled_3",77.9372793835295,76.7,1.23727938352951,1.53086027290717
2011,5,"SD","ratio_unpooled_3",80.0590318602599,78.8,1.25903186025992,1.58516122514956
2011,5,"TN","ratio_unpooled_3",76.8975239074412,75.86,1.03752390744121,1.07645585851208
2011,5,"TX","ratio_unpooled_3",79.245981439289,78.56,0.685981439289023,0.470570535049039
2011,5,"UT","ratio_unpooled_3",80.5867992861895,79.34,1.2467992861895,1.55450846004265
2011,5,"VT","ratio_unpooled_3",80.8814482075528,79.55,1.33144820755275,1.77275432939544
2011,5,"VA","ratio_unpooled_3",79.9501465088485,79.14,0.810146508848547,0.656337365799489
2011,5,"WA","ratio_unpooled_3",80.892110813987,80.15,0.742110813986983,0.550728460236422
2011,5,"WV","ratio_unpooled_3",75.7435515807222,74.69,1.05355158072223,1.10997093324231
2011,5,"WI","ratio_unpooled_3",80.2935802339058,79.23,1.06358023390584,1.1312029139552
2011,5,"WY","ratio_unpooled_3",79.0134141989614,78.65,0.363414198961351,0.13206988000672
2011,6,"USA","ratio_unpooled_3",79.723211699642,78.64,1.08321169964196,1.17334758624123
2011,6,"AL","ratio_unpooled_3",76.1495231136547,75.27,0.879523113654727,0.773560907452906
2011,6,"AK","ratio_unpooled_3",79.0129347318557,78.09,0.922934731855648,0.851808519265456
2011,6,"AZ","ratio_unpooled_3",80.2861103223902,79.17,1.11611032239017,1.24570225174589
2011,6,"AR","ratio_unpooled_3",76.4934722174181,75.45,1.04347221741811,1.08883426852347
2011,6,"CA","ratio_unpooled_3",81.5795285787915,80.87,0.709528578791463,0.503430804121834
2011,6,"CO","ratio_unpooled_3",81.1102880959983,80.11,1.00028809599826,1.00057627499582
2011,6,"CT","ratio_unpooled_3",81.7656550215249,80.53,1.23565502152491,1.52684333221972
2011,6,"DE","ratio_unpooled_3",79.2268258991745,78.1,1.12682589917453,1.2697366070505
2011,6,"FL","ratio_unpooled_3",80.1461088564601,79.12,1.02610885646011,1.05289938530588
2011,6,"GA","ratio_unpooled_3",78.601171181247,77.47,1.13117118124698,1.2795482412837
2011,6,"HI","ratio_unpooled_3",82.3366207211206,81.34,0.996620721120593,0.99325286176693
2011,6,"ID","ratio_unpooled_3",80.3004818974069,79.11,1.19048189740691,1.41724714805356
2011,6,"IL","ratio_unpooled_3",79.9927935944852,78.88,1.11279359448523,1.23830958392735
2011,6,"IN","ratio_unpooled_3",78.214854903845,76.68,1.53485490384503,2.35577957585714
2011,6,"IA","ratio_unpooled_3",80.4199522129822,79.1,1.31995221298223,1.74227384455669
2011,6,"KS","ratio_unpooled_3",79.2832385353042,78.22,1.06323853530421,1.13047618295584
2011,6,"KY","ratio_unpooled_3",76.5693552214075,75.17,1.39935522140755,1.95819503568056
2011,6,"LA","ratio_unpooled_3",76.8025606412428,75.63,1.17256064124285,1.37489845739185
2011,6,"ME","ratio_unpooled_3",80.1151590232932,78.3,1.8151590232932,3.29480227984274
2011,6,"MD","ratio_unpooled_3",80.2629690492704,78.71,1.55296904927044,2.41171286799195
2011,6,"MA","ratio_unpooled_3",81.6052916670564,80.23,1.37529166705639,1.89142716947474
2011,6,"MI","ratio_unpooled_3",78.941736479613,77.83,1.11173647961301,1.23595800010234
2011,6,"MN","ratio_unpooled_3",81.8082586317626,80.62,1.18825863176257,1.41195857595824
2011,6,"MS","ratio_unpooled_3",75.5742121924401,74.6,0.974212192440135,0.949089395899014
2011,6,"MO","ratio_unpooled_3",78.2110670830234,77,1.21106708302342,1.46668347958286
2011,6,"MT","ratio_unpooled_3",79.4826595581242,78.46,1.02265955812423,1.04583257182285
2011,6,"NE","ratio_unpooled_3",80.4460828967541,79.23,1.21608289675407,1.47885761177778
2011,6,"NV","ratio_unpooled_3",78.8722924164902,77.86,1.01229241649021,1.02473593648359
2011,6,"NH","ratio_unpooled_3",81.2476798690976,79.35,1.89767986909759,3.60118888557823
2011,6,"NJ","ratio_unpooled_3",81.0202063784836,80.06,0.960206378483633,0.921996289280654
2011,6,"NM","ratio_unpooled_3",78.8983533102216,77.52,1.37835331022164,1.89985784779896
2011,6,"NY","ratio_unpooled_3",81.4216228110957,80.82,0.601622811095723,0.36195000683072
2011,6,"NC","ratio_unpooled_3",78.9182693043032,77.58,1.33826930430317,1.79096473084009
2011,6,"ND","ratio_unpooled_3",80.5893863663905,79.64,0.949386366390527,0.901334472688209
2011,6,"OH","ratio_unpooled_3",78.3371092295666,76.5,1.83710922956661,3.37497032135881
2011,6,"OK","ratio_unpooled_3",76.1485548041204,75.61,0.538554804120395,0.290041277041157
2011,6,"OR","ratio_unpooled_3",80.3714755716647,79.34,1.03147557166466,1.06394185494093
2011,6,"PA","ratio_unpooled_3",79.320494412432,77.91,1.41049441243204,1.98949448750202
2011,6,"RI","ratio_unpooled_3",80.825277989745,79.57,1.25527798974503,1.57572283153831
2011,6,"SC","ratio_unpooled_3",78.136699433287,76.73,1.40669943328705,1.97880329561009
2011,6,"SD","ratio_unpooled_3",80.2153943874609,78.58,1.63539438746093,2.67451480253872
2011,6,"TN","ratio_unpooled_3",77.024550181664,75.68,1.34455018166402,1.80781519101275
2011,6,"TX","ratio_unpooled_3",79.3981513058477,78.51,0.888151305847742,0.78881274207905
2011,6,"UT","ratio_unpooled_3",80.7415356999692,79.59,1.15153569996924,1.32603446830366
2011,6,"VT","ratio_unpooled_3",81.062850880761,79.46,1.602850880761,2.5691309459563
2011,6,"VA","ratio_unpooled_3",80.1424484008311,79.08,1.06244840083113,1.12879660442863
2011,6,"WA","ratio_unpooled_3",81.0662141391969,79.96,1.10621413919687,1.22370972175906
2011,6,"WV","ratio_unpooled_3",75.8536112147612,74.46,1.39361121476125,1.94215221790833
2011,6,"WI","ratio_unpooled_3",80.4509565842707,79.23,1.22095658427065,1.49073498067386
2011,6,"WY","ratio_unpooled_3",79.1686358892428,78.84,0.328635889242818,0.108001547698418
2011,7,"USA","ratio_unpooled_3",79.889028833909,78.79,1.09902883390896,1.20786437776329
2011,7,"AL","ratio_unpooled_3",76.2834127652959,75.26,1.02341276529589,1.04737368817058
2011,7,"AK","ratio_unpooled_3",79.1880799383934,78.49,0.698079938393363,0.487315600387281
2011,7,"AZ","ratio_unpooled_3",80.4700272322939,79.19,1.28002723229386,1.63846971541388
2011,7,"AR","ratio_unpooled_3",76.5972784806928,75.82,0.777278480692786,0.604161836548086
2011,7,"CA","ratio_unpooled_3",81.7558522936889,81.04,0.715852293688926,0.512444506379696
2011,7,"CO","ratio_unpooled_3",81.283688341546,80.26,1.02368834154605,1.0479378206173
2011,7,"CT","ratio_unpooled_3",81.946598453392,80.68,1.26659845339204,1.6042716421351
2011,7,"DE","ratio_unpooled_3",79.3891542152147,78.02,1.36915421521473,1.87458326504028
2011,7,"FL","ratio_unpooled_3",80.3123702274297,79.39,0.922370227429695,0.850766836448708
2011,7,"GA","ratio_unpooled_3",78.7821816645052,77.55,1.23218166450522,1.51827165434285
2011,7,"HI","ratio_unpooled_3",82.5199534608878,81.6,0.919953460887854,0.84631437019954
2011,7,"ID","ratio_unpooled_3",80.4569120704153,79.18,1.27691207041531,1.63050443557231
2011,7,"IL","ratio_unpooled_3",80.1694510135067,78.97,1.19945101350669,1.43868273380222
2011,7,"IN","ratio_unpooled_3",78.3457846477734,76.98,1.36578464777342,1.86536770409358
2011,7,"IA","ratio_unpooled_3",80.5656464644793,79.28,1.28564646447931,1.65288683162816
2011,7,"KS","ratio_unpooled_3",79.4079616880071,78.16,1.24796168800712,1.55740837473359
2011,7,"KY","ratio_unpooled_3",76.684257754019,75.4,1.28425775401895,1.6493179787578
2011,7,"LA","ratio_unpooled_3",76.9487069140289,75.82,1.1287069140289,1.27397929777663
2011,7,"ME","ratio_unpooled_3",80.2877954080242,78.66,1.62779540802421,2.64971789038471
2011,7,"MD","ratio_unpooled_3",80.4593534218247,78.84,1.6193534218247,2.62230550477536
2011,7,"MA","ratio_unpooled_3",81.7886001749827,80.35,1.43860017498267,2.06957046346016
2011,7,"MI","ratio_unpooled_3",79.0910935427862,77.83,1.26109354278618,1.59035692365701
2011,7,"MN","ratio_unpooled_3",81.9777049816294,80.69,1.28770498162939,1.65818411971315
2011,7,"MS","ratio_unpooled_3",75.7054948656903,74.74,0.965494865690275,0.932180335674281
2011,7,"MO","ratio_unpooled_3",78.3424348399614,76.81,1.5324348399614,2.34835653872751
2011,7,"MT","ratio_unpooled_3",79.6560945249921,78.88,0.776094524992132,0.602322711722763
2011,7,"NE","ratio_unpooled_3",80.5909195271782,79.27,1.32091952717819,1.74482839728066
2011,7,"NV","ratio_unpooled_3",79.0585976862088,78.21,0.848597686208848,0.72011803303901
2011,7,"NH","ratio_unpooled_3",81.4303691904411,79.34,2.09036919044107,4.36964335234524
2011,7,"NJ","ratio_unpooled_3",81.2079977377662,80.11,1.09799773776619,1.20559903213968
2011,7,"NM","ratio_unpooled_3",79.0557988166978,77.51,1.5457988166978,2.38949398170431
2011,7,"NY","ratio_unpooled_3",81.6228367537828,80.92,0.702836753782847,0.493979502468011
2011,7,"NC","ratio_unpooled_3",79.0933054713581,77.84,1.25330547135808,1.57077460453609
2011,7,"ND","ratio_unpooled_3",80.7409013086634,79.62,1.12090130866335,1.25641974376321
2011,7,"OH","ratio_unpooled_3",78.4765028390559,76.87,1.60650283905591,2.58085137189469
2011,7,"OK","ratio_unpooled_3",76.233616604669,75.77,0.463616604668971,0.214940356124785
2011,7,"OR","ratio_unpooled_3",80.5358530455528,79.76,0.775853045552793,0.601947948293545
2011,7,"PA","ratio_unpooled_3",79.488814794848,78.28,1.20881479484802,1.46123320824347
2011,7,"RI","ratio_unpooled_3",81.0005997129416,79.96,1.04059971294164,1.08284776257423
2011,7,"SC","ratio_unpooled_3",78.3361194830446,76.73,1.60611948304458,2.57961979381539
2011,7,"SD","ratio_unpooled_3",80.371756914662,79,1.37175691466194,1.88171703292286
2011,7,"TN","ratio_unpooled_3",77.1515764558868,75.74,1.41157645588684,1.99254809081407
2011,7,"TX","ratio_unpooled_3",79.5503211724065,78.64,0.910321172406469,0.828684636931489
2011,7,"UT","ratio_unpooled_3",80.896272113749,79.77,1.126272113749,1.26848887420863
2011,7,"VT","ratio_unpooled_3",81.2442535539692,79.45,1.79425355396923,3.2193458159312
2011,7,"VA","ratio_unpooled_3",80.3347502928137,79.19,1.14475029281371,1.31045323289708
2011,7,"WA","ratio_unpooled_3",81.2403174644067,80.14,1.10031746440673,1.21069852247845
2011,7,"WV","ratio_unpooled_3",75.9636708488003,74.53,1.43367084880026,2.05541210269966
2011,7,"WI","ratio_unpooled_3",80.6083329346355,79.27,1.33833293463547,1.79113504393
2011,7,"WY","ratio_unpooled_3",79.3238575795243,78.42,0.903857579524285,0.816958524063499
2011,8,"USA","ratio_unpooled_3",80.054845968176,78.92,1.13484596817597,1.28787537148525
2011,8,"AL","ratio_unpooled_3",76.4173024169371,75.48,0.937302416937058,0.878535820796051
2011,8,"AK","ratio_unpooled_3",79.3632251449311,78.23,1.13322514493106,1.28419922910402
2011,8,"AZ","ratio_unpooled_3",80.6539441421975,79.29,1.36394414219754,1.86034362303498
2011,8,"AR","ratio_unpooled_3",76.7010847439674,75.89,0.811084743967442,0.65785846189673
2011,8,"CA","ratio_unpooled_3",81.9321760085864,81.16,0.772176008586399,0.596255788236423
2011,8,"CO","ratio_unpooled_3",81.4570885870938,80.22,1.23708858709385,1.53038817231786
2011,8,"CT","ratio_unpooled_3",82.1275418852592,80.59,1.53754188525917,2.36403504892633
2011,8,"DE","ratio_unpooled_3",79.5514825312549,78.39,1.16148253125493,1.34904167041037
2011,8,"FL","ratio_unpooled_3",80.4786315983993,79.57,0.908631598399282,0.825611381609634
2011,8,"GA","ratio_unpooled_3",78.9631921477635,77.73,1.23319214776345,1.52076287330542
2011,8,"HI","ratio_unpooled_3",82.7032862006551,81.57,1.13328620065511,1.28433761259529
2011,8,"ID","ratio_unpooled_3",80.6133422434237,79.56,1.05334224342371,1.1095298817809
2011,8,"IL","ratio_unpooled_3",80.3461084325282,79.25,1.09610843252815,1.20145369585933
2011,8,"IN","ratio_unpooled_3",78.4767143917018,77.09,1.38671439170182,1.92297680415294
2011,8,"IA","ratio_unpooled_3",80.7113407159764,79.12,1.5913407159764,2.53236527432428
2011,8,"KS","ratio_unpooled_3",79.53268484071,78.3,1.23268484071004,1.51951191651633
2011,8,"KY","ratio_unpooled_3",76.7991602866304,75.63,1.16916028663037,1.36693577583361
2011,8,"LA","ratio_unpooled_3",77.0948531868149,75.95,1.14485318681493,1.3106888193603
2011,8,"ME","ratio_unpooled_3",80.4604317927552,78.43,2.03043179275521,4.12265326503113
2011,8,"MD","ratio_unpooled_3",80.655737794379,78.97,1.68573779437897,2.84171191139766
2011,8,"MA","ratio_unpooled_3",81.9719086829089,80.65,1.32190868290893,1.74744256595001
2011,8,"MI","ratio_unpooled_3",79.2404506059594,78.09,1.15045060595935,1.32353659675223
2011,8,"MN","ratio_unpooled_3",82.1471513314962,80.63,1.51715133149621,2.30174816266072
2011,8,"MS","ratio_unpooled_3",75.8367775389404,74.52,1.31677753894041,1.73390308705797
2011,8,"MO","ratio_unpooled_3",78.4738025968994,77.16,1.31380259689938,1.72607726361955
2011,8,"MT","ratio_unpooled_3",79.82952949186,78.62,1.20952949186002,1.46296159167917
2011,8,"NE","ratio_unpooled_3",80.7357561576023,79.4,1.33575615760229,1.78424451257243
2011,8,"NV","ratio_unpooled_3",79.2449029559275,78.32,0.924902955927479,0.855445477883388
2011,8,"NH","ratio_unpooled_3",81.6130585117846,79.6,2.01305851178456,4.05240457186828
2011,8,"NJ","ratio_unpooled_3",81.3957890970487,80.47,0.92578909704875,0.857085452214339
2011,8,"NM","ratio_unpooled_3",79.213244323174,77.21,2.00324432317397,4.01298781832875
2011,8,"NY","ratio_unpooled_3",81.82405069647,81.16,0.664050696469985,0.440963327482273
2011,8,"NC","ratio_unpooled_3",79.268341638413,77.82,1.448341638413,2.09769350156085
2011,8,"ND","ratio_unpooled_3",80.8924162509362,79.17,1.72241625093618,2.96671774148904
2011,8,"OH","ratio_unpooled_3",78.6158964485452,77.02,1.59589644854522,2.54688547447924
2011,8,"OK","ratio_unpooled_3",76.3186784052175,75.89,0.428678405217539,0.183765175099853
2011,8,"OR","ratio_unpooled_3",80.7002305194409,79.61,1.09023051944094,1.18860258552045
2011,8,"PA","ratio_unpooled_3",79.657135177264,78.51,1.147135177264,1.31591911491652
2011,8,"RI","ratio_unpooled_3",81.1759214361383,79.77,1.40592143613826,1.97661508459306
2011,8,"SC","ratio_unpooled_3",78.5355395328021,76.89,1.64553953280212,2.70780035401461
2011,8,"SD","ratio_unpooled_3",80.528119441863,78.5,2.02811944186296,4.1132684704625
2011,8,"TN","ratio_unpooled_3",77.2786027301097,75.8,1.47860273010966,2.18626603348773
2011,8,"TX","ratio_unpooled_3",79.7024910389652,78.8,0.902491038965195,0.814490075412477
2011,8,"UT","ratio_unpooled_3",81.0510085275287,79.92,1.13100852752873,1.27918028934272
2011,8,"VT","ratio_unpooled_3",81.4256562271775,79.94,1.48565622717747,2.2071744253512
2011,8,"VA","ratio_unpooled_3",80.5270521847963,79.3,1.22705218479629,1.50565706421335
2011,8,"WA","ratio_unpooled_3",81.4144207896166,80.16,1.2544207896166,1.57357151742234
2011,8,"WV","ratio_unpooled_3",76.0737304828393,74.68,1.39373048283927,1.9424846587954
2011,8,"WI","ratio_unpooled_3",80.7657092850003,79.29,1.47570928500028,2.17771789383603
2011,8,"WY","ratio_unpooled_3",79.4790792698058,78.25,1.22907926980575,1.51063585146624
2011,1,"USA","pooled_3",78.8939805364509,78.84,0.0539805364509363,0.00291389831553086
2011,1,"AL","pooled_3",75.4806081194688,75.35,0.130608119468775,0.0170584808711698
2011,1,"AK","pooled_3",78.1610355978686,78.12,0.0410355978685999,0.00168392029243344
2011,1,"AZ","pooled_3",79.3677562356676,79.17,0.197756235667555,0.0391075287454015
2011,1,"AR","pooled_3",75.9782719337082,75.75,0.228271933708228,0.0521080757188938
2011,1,"CA","pooled_3",80.697079150486,80.69,0.00707915048604946,5.01143716041343e-05
2011,1,"CO","pooled_3",80.2430916858921,80.25,-0.00690831410790338,4.77248038134569e-05
2011,1,"CT","pooled_3",80.8513714009971,80.81,0.0413714009970647,0.00171159282045993
2011,1,"DE","pooled_3",78.4231693613402,78.53,-0.106830638659787,0.0114127853564579
2011,1,"FL","pooled_3",79.3136669870024,79.36,-0.0463330129976356,0.00214674809343907
2011,1,"GA","pooled_3",77.6942927710562,77.69,0.00429277105621395,1.84278833410682e-05
2011,1,"HI","pooled_3",81.4200211092047,81.33,0.0900211092046703,0.00810380010243918
2011,1,"ID","pooled_3",79.4915904288912,79.49,0.00159042889124805,2.52946405811651e-06
2011,1,"IL","pooled_3",79.109044484128,79.04,0.0690444841279856,0.00476714078849965
2011,1,"IN","pooled_3",77.5600365373958,77.42,0.140036537395787,0.0196102318058016
2011,1,"IA","pooled_3",79.6875939621541,79.58,0.107593962154084,0.0115764606920145
2011,1,"KS","pooled_3",78.6516035972699,78.52,0.131603597269915,0.0173195068143821
2011,1,"KY","pooled_3",75.9938647195289,75.71,0.283864719528935,0.0805791789932412
2011,1,"LA","pooled_3",76.0675439078157,75.73,0.337543907815714,0.113935889703503
2011,1,"ME","pooled_3",79.2517740458704,79.16,0.0917740458703804,0.00842247549541869
2011,1,"MD","pooled_3",79.2793406291908,79.22,0.0593406291907996,0.00352131027275998
2011,1,"MA","pooled_3",80.6923171010321,80.79,-0.0976828989679035,0.00954194875077364
2011,1,"MI","pooled_3",78.1920576705019,78.14,0.0520576705019096,0.00271000105808539
2011,1,"MN","pooled_3",80.9559112697024,80.9,0.055911269702392,0.00312607007973362
2011,1,"MS","pooled_3",74.9226147785088,75,-0.0773852214912409,0.00598847250524842
2011,1,"MO","pooled_3",77.5533807911375,77.54,0.0133807911374646,0.000179045571464451
2011,1,"MT","pooled_3",78.6229326429181,78.8,-0.177067357081938,0.0313528489439827
2011,1,"NE","pooled_3",79.7060104558544,79.52,0.186010455854358,0.0345998896871462
2011,1,"NV","pooled_3",77.9473137888887,78.02,-0.0726862111112752,0.00528328528571286
2011,1,"NH","pooled_3",80.3254392160623,80.32,0.00543921606229958,2.95850713723777e-05
2011,1,"NJ","pooled_3",80.0772731327962,80.15,-0.0727268672038264,0.005289197213283
2011,1,"NM","pooled_3",78.1196721939767,77.85,0.269672193976675,0.0727230922041932
2011,1,"NY","pooled_3",80.4150491639795,80.42,-0.00495083602045554,2.451077730144e-05
2011,1,"NC","pooled_3",78.0430736074249,77.9,0.143073607424867,0.020470057141565
2011,1,"ND","pooled_3",79.8392769273916,79.54,0.299276927391546,0.0895666792689245
2011,1,"OH","pooled_3",77.6365492984111,77.52,0.116549298411115,0.0135837389601232
2011,1,"OK","pooled_3",75.7228323516662,75.82,-0.0971676483338371,0.00944155188272823
2011,1,"OR","pooled_3",79.5402656348035,79.54,0.000265634803454873,7.05618488065089e-08
2011,1,"PA","pooled_3",78.4759741839551,78.47,0.00597418395506111,3.56908739289096e-05
2011,1,"RI","pooled_3",79.949608293126,80.12,-0.170391706873957,0.0290333337714205
2011,1,"SC","pooled_3",77.1405495190666,76.99,0.150549519066573,0.0226651576911763
2011,1,"SD","pooled_3",79.4418861976923,79,0.441886197692298,0.195263411710957
2011,1,"TN","pooled_3",76.3893394552095,76.23,0.159339455209491,0.0253890619864573
2011,1,"TX","pooled_3",78.6373984491353,78.49,0.147398449135267,0.0217263028074818
2011,1,"UT","pooled_3",79.9616130118988,79.79,0.171613011898756,0.0294510258529627
2011,1,"VT","pooled_3",80.1560821528491,80.16,-0.00391784715093024,1.53495262980522e-05
2011,1,"VA","pooled_3",79.1787656214516,79.16,0.0187656214515641,0.000352148548463404
2011,1,"WA","pooled_3",80.19423452712,80.07,0.124234527120038,0.0154342177287394
2011,1,"WV","pooled_3",75.2983305826963,75.18,0.118330582696245,0.0140021268012329
2011,1,"WI","pooled_3",79.6584647739468,79.66,-0.00153522605320688,2.35691903444519e-06
2011,1,"WY","pooled_3",78.3871836233843,78.37,0.0171836233842697,0.000295276912612421
2011,2,"USA","pooled_3",79.0597597350226,78.83,0.229759735022611,0.0527895358376605
2011,2,"AL","pooled_3",75.6143804542204,75.29,0.324380454220361,0.105222679080207
2011,2,"AK","pooled_3",78.3365143355562,78.2,0.136514335556171,0.0186361638123429
2011,2,"AZ","pooled_3",79.5516059253341,79.28,0.2716059253341,0.0737697786765928
2011,2,"AR","pooled_3",76.0820164446569,75.78,0.302016444656914,0.0912139328432028
2011,2,"CA","pooled_3",80.8732542704975,80.69,0.1832542704975,0.0335821276555708
2011,2,"CO","pooled_3",80.4163134406576,80.32,0.0963134406575819,0.00927627885130154
2011,2,"CT","pooled_3",81.0319543840615,80.86,0.171954384061493,0.0295683101979675
2011,2,"DE","pooled_3",78.5855010423046,78.8,-0.214498957695355,0.0460098028523936
2011,2,"FL","pooled_3",79.4797665169551,79.43,0.0497665169551027,0.00247670620984252
2011,2,"GA","pooled_3",77.8753706184945,77.54,0.335370618494522,0.112473451749399
2011,2,"HI","pooled_3",81.6032907774704,81.24,0.363290777470397,0.131980188995045
2011,2,"ID","pooled_3",79.6475494036823,79.14,0.507549403682276,0.257606397178234
2011,2,"IL","pooled_3",79.2855934683156,79.17,0.115593468315552,0.0133618499172186
2011,2,"IN","pooled_3",77.6908511340737,77.25,0.440851134073668,0.194349722414039
2011,2,"IA","pooled_3",79.8329463625579,79.5,0.332946362557934,0.110853280340559
2011,2,"KS","pooled_3",78.7759401280404,78.61,0.165940128040404,0.0275361260940657
2011,2,"KY","pooled_3",76.1086443783249,76.07,0.0386443783248609,0.00149338797611498
2011,2,"LA","pooled_3",76.2135006663073,75.56,0.653500666307266,0.427063120864041
2011,2,"ME","pooled_3",79.4243340031363,78.87,0.554334003136304,0.30728618703312
2011,2,"MD","pooled_3",79.4738150012143,79.15,0.323815001214328,0.104856155011435
2011,2,"MA","pooled_3",80.8755614280519,80.66,0.215561428051899,0.046466729263774
2011,2,"MI","pooled_3",78.3412613289698,78.03,0.311261328969834,0.0968836149120675
2011,2,"MN","pooled_3",81.12513239603,80.8,0.32513239603,0.105711074948209
2011,2,"MS","pooled_3",75.0538140274742,74.63,0.423814027474222,0.179618329883921
2011,2,"MO","pooled_3",77.6846335984023,77.47,0.214633598402273,0.0460675815631081
2011,2,"MT","pooled_3",78.7964209561033,78.3,0.496420956103265,0.246433765658479
2011,2,"NE","pooled_3",79.8504486024504,79.63,0.220448602450418,0.0485975863223423
2011,2,"NV","pooled_3",78.1337168181875,77.93,0.203716818187488,0.0415005420124339
2011,2,"NH","pooled_3",80.5081210556106,80.28,0.228121055610558,0.0520392160128752
2011,2,"NJ","pooled_3",80.2648674645939,80.18,0.0848674645938559,0.00720248654658938
2011,2,"NM","pooled_3",78.2771878134937,78.17,0.107187813493738,0.0114892273615683
2011,2,"NY","pooled_3",80.6161575005622,80.48,0.136157500562234,0.0185388649593548
2011,2,"NC","pooled_3",78.2176382679522,77.99,0.227638267952216,0.0518191810362848
2011,2,"ND","pooled_3",79.9908121667706,79.32,0.67081216677056,0.449988963087413
2011,2,"OH","pooled_3",77.7752863529277,77.55,0.225286352927682,0.0507539408154562
2011,2,"OK","pooled_3",75.807795298435,75.58,0.227795298435026,0.0518906979891028
2011,2,"OR","pooled_3",79.7043461746426,79.41,0.294346174642584,0.0866396705267225
2011,2,"PA","pooled_3",78.6441325037821,78.49,0.154132503782066,0.0237568287221285
2011,2,"RI","pooled_3",80.1249004139209,79.68,0.444900413920891,0.19793637830698
2011,2,"SC","pooled_3",77.3398117982873,76.97,0.369811798287273,0.136760766152467
2011,2,"SD","pooled_3",79.5982698572138,79.58,0.0182698572137809,0.000333787682611943
2011,2,"TN","pooled_3",76.5162655772144,76.27,0.246265577214373,0.0606467345207285
2011,2,"TX","pooled_3",78.7895055151761,78.46,0.329505515176137,0.108573884531492
2011,2,"UT","pooled_3",80.1159409061171,79.6,0.515940906117109,0.266195018604943
2011,2,"VT","pooled_3",80.3373229274168,79.78,0.557322927416834,0.31060884542447
2011,2,"VA","pooled_3",79.3708185372908,79.24,0.130818537290807,0.0171134896989063
2011,2,"WA","pooled_3",80.3680587371875,80.16,0.208058737187528,0.0432884381200689
2011,2,"WV","pooled_3",75.4082061858795,75.31,0.0982061858794765,0.00964445494499429
2011,2,"WI","pooled_3",79.8153284020634,79.42,0.395328402063427,0.156284545478023
2011,2,"WY","pooled_3",78.5420476044532,78.63,-0.0879523955467931,0.00773562388241956
2011,3,"USA","pooled_3",79.2255389335943,78.89,0.335538933594279,0.112586375957586
2011,3,"AL","pooled_3",75.748152788972,75.43,0.318152788971958,0.101221197130635
2011,3,"AK","pooled_3",78.5119930732437,78.13,0.381993073243748,0.145918708006204
2011,3,"AZ","pooled_3",79.7354556150006,79.38,0.35545561500065,0.126348694235491
2011,3,"AR","pooled_3",76.1857609556056,75.84,0.345760955605598,0.119550638421297
2011,3,"CA","pooled_3",81.049429390509,81.03,0.0194293905089467,0.000377501215549146
2011,3,"CO","pooled_3",80.589535195423,80.15,0.439535195423048,0.193191188015577
2011,3,"CT","pooled_3",81.2125373671259,80.97,0.242537367125919,0.058824374452373
2011,3,"DE","pooled_3",78.7478327232691,78.77,-0.0221672767309258,0.000491388157665443
2011,3,"FL","pooled_3",79.6458660469079,79.4,0.24586604690785,0.0604501130220929
2011,3,"GA","pooled_3",78.0564484659328,77.53,0.526448465932845,0.277147987283045
2011,3,"HI","pooled_3",81.7865604457361,81.47,0.316560445736116,0.100210515804648
2011,3,"ID","pooled_3",79.8035083784733,79.27,0.533508378473314,0.284631189901225
2011,3,"IL","pooled_3",79.4621424525031,79.07,0.392142452503123,0.153775703055164
2011,3,"IN","pooled_3",77.8216657307515,77.33,0.491665730751549,0.241735190795455
2011,3,"IA","pooled_3",79.9782987629618,79.46,0.518298762961791,0.268633607687723
2011,3,"KS","pooled_3",78.9002766588109,78.55,0.350276658810898,0.122693737707726
2011,3,"KY","pooled_3",76.2234240371208,75.75,0.473424037120779,0.224130318923737
2011,3,"LA","pooled_3",76.3594574247988,75.63,0.729457424798824,0.532108134594132
2011,3,"ME","pooled_3",79.5968939604022,79.05,0.546893960402244,0.299093003924451
2011,3,"MD","pooled_3",79.6682893732379,79.29,0.378289373237862,0.143102849904695
2011,3,"MA","pooled_3",81.0588057550717,80.55,0.508805755071691,0.258883296394074
2011,3,"MI","pooled_3",78.4904649874378,78,0.490464987437761,0.240555903902323
2011,3,"MN","pooled_3",81.2943535223576,80.88,0.414353522357601,0.171688841490151
2011,3,"MS","pooled_3",75.1850132764397,74.8,0.385013276439679,0.148235223034817
2011,3,"MO","pooled_3",77.8158864056671,77.44,0.375886405667075,0.141290589965313
2011,3,"MT","pooled_3",78.9699092692885,78.79,0.179909269288459,0.0323673451759071
2011,3,"NE","pooled_3",79.9948867490465,79.4,0.594886749046466,0.353890244191074
2011,3,"NV","pooled_3",78.3201198474863,78.09,0.230119847486264,0.0529551442071016
2011,3,"NH","pooled_3",80.6908028951588,79.84,0.850802895158822,0.723865566410633
2011,3,"NJ","pooled_3",80.4524617963915,80.32,0.132461796391553,0.0175461275032772
2011,3,"NM","pooled_3",78.4347034330108,77.64,0.79470343301081,0.631553546439166
2011,3,"NY","pooled_3",80.8172658371449,80.73,0.0872658371449262,0.00761532633260478
2011,3,"NC","pooled_3",78.3922029284795,77.94,0.452202928479551,0.204487488525482
2011,3,"ND","pooled_3",80.1423474061496,79.74,0.402347406149559,0.161883435235278
2011,3,"OH","pooled_3",77.9140234074442,77.53,0.384023407444246,0.14747397746509
2011,3,"OK","pooled_3",75.8927582452039,75.63,0.262758245203898,0.0690418954226317
2011,3,"OR","pooled_3",79.8684267144817,79.45,0.418426714481697,0.175080915391948
2011,3,"PA","pooled_3",78.8122908236091,78.64,0.17229082360906,0.0296841278998883
2011,3,"RI","pooled_3",80.3001925347157,79.95,0.350192534715745,0.122634811370638
2011,3,"SC","pooled_3",77.539074077508,76.97,0.569074077507977,0.323845305691556
2011,3,"SD","pooled_3",79.7546535167353,79.12,0.634653516735256,0.402785086304427
2011,3,"TN","pooled_3",76.6431916992192,76.14,0.503191699219244,0.25320188616315
2011,3,"TX","pooled_3",78.941612581217,78.44,0.501612581217003,0.251615181635185
2011,3,"UT","pooled_3",80.2702688003354,79.62,0.650268800335439,0.422849512689691
2011,3,"VT","pooled_3",80.5185637019846,80,0.518563701984604,0.268908313015977
2011,3,"VA","pooled_3",79.56287145313,79.3,0.262871453130046,0.069101400870702
2011,3,"WA","pooled_3",80.541882947255,80.16,0.381882947255022,0.145834585404182
2011,3,"WV","pooled_3",75.5180817890627,75.19,0.328081789062708,0.107637660314587
2011,3,"WI","pooled_3",79.9721920301801,79.54,0.432192030180062,0.186789950951163
2011,3,"WY","pooled_3",78.6969115855221,78.26,0.436911585522125,0.190891733563457
2011,4,"USA","pooled_3",79.391318132166,78.72,0.67131813216595,0.450668034574781
2011,4,"AL","pooled_3",75.8819251237236,75.24,0.641925123723567,0.412067864467517
2011,4,"AK","pooled_3",78.6874718109313,77.8,0.887471810931316,0.78760621519771
2011,4,"AZ","pooled_3",79.9193053046672,79.23,0.689305304667187,0.475141803042323
2011,4,"AR","pooled_3",76.2895054665543,75.56,0.729505466554286,0.532178225732587
2011,4,"CA","pooled_3",81.2256045105204,80.75,0.475604510520398,0.226199650427347
2011,4,"CO","pooled_3",80.7627569501885,80.14,0.622756950188531,0.387826219008121
2011,4,"CT","pooled_3",81.3931203501903,80.68,0.713120350190337,0.508540633855589
2011,4,"DE","pooled_3",78.9101644042335,78.31,0.600164404233496,0.360197312108947
2011,4,"FL","pooled_3",79.8119655768606,79.27,0.541965576860605,0.293726686501848
2011,4,"GA","pooled_3",78.2375263133712,77.32,0.91752631337117,0.84185453572849
2011,4,"HI","pooled_3",81.9698301140018,81.31,0.659830114001835,0.435375779343675
2011,4,"ID","pooled_3",79.9594673532643,79.31,0.649467353264342,0.421807842956189
2011,4,"IL","pooled_3",79.6386914366907,79.05,0.588691436690681,0.346557607632938
2011,4,"IN","pooled_3",77.9524803274294,77.1,0.852480327429433,0.726722708654193
2011,4,"IA","pooled_3",80.1236511633656,79.42,0.703651163365635,0.495124959705811
2011,4,"KS","pooled_3",79.0246131895814,78.35,0.674613189581393,0.455102955557181
2011,4,"KY","pooled_3",76.3382036959167,75.39,0.948203695916703,0.899090248950096
2011,4,"LA","pooled_3",76.5054141832904,75.78,0.725414183290368,0.526225737318832
2011,4,"ME","pooled_3",79.7694539176682,78.41,1.35945391766818,1.84811495426335
2011,4,"MD","pooled_3",79.8627637452614,79.11,0.752763745261404,0.566653256179977
2011,4,"MA","pooled_3",81.2420500820915,80.2,1.04205008209148,1.08586837358686
2011,4,"MI","pooled_3",78.6396686459057,77.92,0.719668645905685,0.517922959899722
2011,4,"MN","pooled_3",81.4635746486852,80.7,0.763574648685193,0.583046244114716
2011,4,"MS","pooled_3",75.3162125254051,74.51,0.80621252540513,0.649978636120117
2011,4,"MO","pooled_3",77.9471392129319,77.19,0.757139212931875,0.5732597877591
2011,4,"MT","pooled_3",79.1433975824737,78,1.14339758247367,1.30735803160663
2011,4,"NE","pooled_3",80.1393248956425,79.11,1.02932489564253,1.05950974078951
2011,4,"NV","pooled_3",78.506522876785,77.93,0.576522876785035,0.332378627456492
2011,4,"NH","pooled_3",80.8734847347071,79.47,1.40348473470709,1.96976940055584
2011,4,"NJ","pooled_3",80.6400561281892,80.32,0.320056128189236,0.102435925191485
2011,4,"NM","pooled_3",78.5922190525279,77.7,0.892219052527878,0.796054837693744
2011,4,"NY","pooled_3",81.0183741737276,80.68,0.338374173727615,0.114497081445846
2011,4,"NC","pooled_3",78.5667675890069,77.72,0.846767589006888,0.717015349792537
2011,4,"ND","pooled_3",80.2938826455286,79.38,0.91388264552856,0.835181489798279
2011,4,"OH","pooled_3",78.0527604619608,77.16,0.892760461960819,0.797021242440495
2011,4,"OK","pooled_3",75.9777211919728,75.55,0.427721191972765,0.182945418062603
2011,4,"OR","pooled_3",80.0325072543208,79.26,0.772507254320814,0.596767457978283
2011,4,"PA","pooled_3",78.9804491434361,78.29,0.690449143436055,0.476720019671582
2011,4,"RI","pooled_3",80.4754846555106,79.51,0.965484655510593,0.932160620026409
2011,4,"SC","pooled_3",77.7383363567287,76.68,1.05833635672867,1.12007584397372
2011,4,"SD","pooled_3",79.9110371762567,78.81,1.10103717625674,1.21228286349941
2011,4,"TN","pooled_3",76.7701178212241,76.03,0.740117821224118,0.547774389293535
2011,4,"TX","pooled_3",79.0937196472579,78.43,0.663719647257864,0.440523770156103
2011,4,"UT","pooled_3",80.4245966945538,79.46,0.964596694553791,0.930446783144099
2011,4,"VT","pooled_3",80.6998044765524,79.63,1.06980447655238,1.14448161805151
2011,4,"VA","pooled_3",79.7549243689693,79.15,0.604924368969279,0.36593349217288
2011,4,"WA","pooled_3",80.7157071573225,79.91,0.805707157322516,0.649164023360729
2011,4,"WV","pooled_3",75.6279573922459,75,0.627957392245932,0.394330486476311
2011,4,"WI","pooled_3",80.1290556582967,79.43,0.6990556582967,0.488678813396633
2011,4,"WY","pooled_3",78.8517755665911,78.07,0.781775566591065,0.611173036518781
2011,5,"USA","pooled_3",79.5570973307376,78.68,0.877097330737612,0.769299727587045
2011,5,"AL","pooled_3",76.0156974584752,75.06,0.955697458475157,0.913357632135875
2011,5,"AK","pooled_3",78.8629505486189,77.59,1.27295054861888,1.62040309922911
2011,5,"AZ","pooled_3",80.1031549943337,79.01,1.09315499433373,1.19498784163678
2011,5,"AR","pooled_3",76.393249977503,75.61,0.783249977502976,0.613480527258412
2011,5,"CA","pooled_3",81.4017796305318,80.82,0.581779630531855,0.338467538501782
2011,5,"CO","pooled_3",80.935978704954,79.95,0.985978704954007,0.972154006622782
2011,5,"CT","pooled_3",81.5737033332548,80.71,0.863703333254776,0.74598344787541
2011,5,"DE","pooled_3",79.0724960851979,78.21,0.862496085197932,0.743899496981759
2011,5,"FL","pooled_3",79.9780651068133,79.09,0.888065106813343,0.788659633939395
2011,5,"GA","pooled_3",78.4186041608095,77.33,1.08860416080948,1.18505901893172
2011,5,"HI","pooled_3",82.1530997822676,81.57,0.583099782267567,0.340005356080484
2011,5,"ID","pooled_3",80.1154263280554,79.18,0.935426328055371,0.875022415219154
2011,5,"IL","pooled_3",79.8152404208782,78.97,0.845240420878241,0.714431369086426
2011,5,"IN","pooled_3",78.0832949241073,76.96,1.12329492410731,1.26179148652525
2011,5,"IA","pooled_3",80.2690035637695,79.23,1.03900356376948,1.07952840552569
2011,5,"KS","pooled_3",79.1489497203519,78.5,0.64894972035188,0.421135739544783
2011,5,"KY","pooled_3",76.4529833547126,75.07,1.38298335471264,1.91264295941222
2011,5,"LA","pooled_3",76.6513709417819,75.77,0.881370941781924,0.776814737017556
2011,5,"ME","pooled_3",79.9420138749341,78.53,1.4120138749341,1.99378318300642
2011,5,"MD","pooled_3",80.0572381172849,78.73,1.32723811728494,1.76156101997406
2011,5,"MA","pooled_3",81.4252944091113,80.36,1.06529440911127,1.13485217808374
2011,5,"MI","pooled_3",78.7888723043736,77.81,0.97887230437361,0.958190988269701
2011,5,"MN","pooled_3",81.6327957750128,80.73,0.902795775012791,0.815040211380946
2011,5,"MS","pooled_3",75.4474117743706,74.6,0.847411774370599,0.718106715341927
2011,5,"MO","pooled_3",78.0783920201967,77.19,0.888392020196676,0.789240381549131
2011,5,"MT","pooled_3",79.3168858956589,78.35,0.966885895658876,0.934868335224068
2011,5,"NE","pooled_3",80.2837630422386,79.51,0.773763042238585,0.59870924553431
2011,5,"NV","pooled_3",78.6929259060838,77.78,0.912925906083814,0.833433709998952
2011,5,"NH","pooled_3",81.0561665742554,79.23,1.82616657425535,3.33488435692753
2011,5,"NJ","pooled_3",80.8276504599869,80.17,0.657650459986911,0.432504127520996
2011,5,"NM","pooled_3",78.749734672045,77.39,1.35973467204495,1.84887837836119
2011,5,"NY","pooled_3",81.2194825103103,80.64,0.579482510310314,0.335799979755543
2011,5,"NC","pooled_3",78.7413322495342,77.67,1.07133224953422,1.14775278889206
2011,5,"ND","pooled_3",80.4454178849076,79.59,0.855417884907553,0.731739757819711
2011,5,"OH","pooled_3",78.1914975164774,76.88,1.31149751647739,1.72002573572636
2011,5,"OK","pooled_3",76.0626841387416,75.65,0.412684138741625,0.170308198368917
2011,5,"OR","pooled_3",80.1965877941599,79.42,0.776587794159937,0.603088602038197
2011,5,"PA","pooled_3",79.1486074632631,78.06,1.08860746326306,1.18506620907203
2011,5,"RI","pooled_3",80.6507767763054,79.89,0.760776776305448,0.57878130336571
2011,5,"SC","pooled_3",77.9375986359494,76.7,1.23759863594938,1.53165038370377
2011,5,"SD","pooled_3",80.0674208357782,78.8,1.26742083577822,1.60635557496477
2011,5,"TN","pooled_3",76.897043943229,75.86,1.03704394322899,1.07546014018794
2011,5,"TX","pooled_3",79.2458267132987,78.56,0.685826713298738,0.470358280674149
2011,5,"UT","pooled_3",80.5789245887721,79.34,1.23892458877212,1.53493413666417
2011,5,"VT","pooled_3",80.8810452511201,79.55,1.33104525112014,1.77168146052949
2011,5,"VA","pooled_3",79.9469772848085,79.14,0.806977284808525,0.651212338196939
2011,5,"WA","pooled_3",80.88953136739,80.15,0.739531367390001,0.546906643353724
2011,5,"WV","pooled_3",75.7378329954292,74.69,1.04783299542916,1.09795398631005
2011,5,"WI","pooled_3",80.2859192864133,79.23,1.05591928641334,1.11496553941966
2011,5,"WY","pooled_3",79.00663954766,78.65,0.356639547659981,0.127191766955116
2011,6,"USA","pooled_3",79.7228765293093,78.64,1.08287652930929,1.17262157772893
2011,6,"AL","pooled_3",76.1494697932268,75.27,0.879469793226761,0.773467117198322
2011,6,"AK","pooled_3",79.0384292863065,78.09,0.94842928630645,0.899518111123761
2011,6,"AZ","pooled_3",80.2870046840003,79.17,1.11700468400028,1.24769946407856
2011,6,"AR","pooled_3",76.4969944884517,75.45,1.04699448845166,1.09619745884815
2011,6,"CA","pooled_3",81.5779547505433,80.87,0.707954750543294,0.501199928816818
2011,6,"CO","pooled_3",81.1092004597195,80.11,0.999200459719489,0.998401558703639
2011,6,"CT","pooled_3",81.7542863163192,80.53,1.22428631631919,1.49887698432642
2011,6,"DE","pooled_3",79.2348277661624,78.1,1.13482776616236,1.28783405885305
2011,6,"FL","pooled_3",80.1441646367661,79.12,1.02416463676609,1.04891320320221
2011,6,"GA","pooled_3",78.5996820082478,77.47,1.1296820082478,1.27618143975878
2011,6,"HI","pooled_3",82.3363694505333,81.34,0.99636945053328,0.99275208195599
2011,6,"ID","pooled_3",80.2713853028464,79.11,1.16138530284641,1.34881582166765
2011,6,"IL","pooled_3",79.9917894050658,78.88,1.11178940506581,1.23607568121658
2011,6,"IN","pooled_3",78.2141095207852,76.68,1.53410952078518,2.35349202176373
2011,6,"IA","pooled_3",80.4143559641733,79.1,1.31435596417334,1.72753160055804
2011,6,"KS","pooled_3",79.2732862511224,78.22,1.05328625112237,1.10941192680342
2011,6,"KY","pooled_3",76.5677630135086,75.17,1.39776301350855,1.95374144193251
2011,6,"LA","pooled_3",76.7973277002735,75.63,1.16732770027347,1.36265395982576
2011,6,"ME","pooled_3",80.1145738322,78.3,1.81457383220004,3.29267819250514
2011,6,"MD","pooled_3",80.2517124893085,78.71,1.54171248930848,2.37687739968975
2011,6,"MA","pooled_3",81.6085387361311,80.23,1.37853873613106,1.90036904701383
2011,6,"MI","pooled_3",78.9380759628415,77.83,1.10807596284154,1.2278323394272
2011,6,"MN","pooled_3",81.8020169013404,80.62,1.18201690134039,1.39716395505434
2011,6,"MS","pooled_3",75.578611023336,74.6,0.978611023336057,0.957679534994845
2011,6,"MO","pooled_3",78.2096448274615,77,1.20964482746147,1.4632406086043
2011,6,"MT","pooled_3",79.4903742088441,78.46,1.03037420884408,1.06167101025106
2011,6,"NE","pooled_3",80.4282011888346,79.23,1.19820118883464,1.43568608892476
2011,6,"NV","pooled_3",78.8793289353826,77.86,1.01932893538259,1.0390314785082
2011,6,"NH","pooled_3",81.2388484138036,79.35,1.88884841380363,3.56774833032849
2011,6,"NJ","pooled_3",81.0152447917846,80.06,0.955244791784594,0.912492612231592
2011,6,"NM","pooled_3",78.907250291562,77.52,1.38725029156203,1.92446337143893
2011,6,"NY","pooled_3",81.420590846893,80.82,0.600590846893013,0.360709365371667
2011,6,"NC","pooled_3",78.9158969100616,77.58,1.33589691006156,1.78462055431203
2011,6,"ND","pooled_3",80.5969531242866,79.64,0.956953124286557,0.915759282081802
2011,6,"OH","pooled_3",78.330234570994,76.5,1.83023457099395,3.34975858486141
2011,6,"OK","pooled_3",76.1476470855105,75.61,0.5376470855105,0.289064388557935
2011,6,"OR","pooled_3",80.3606683339991,79.34,1.02066833399905,1.04176384802841
2011,6,"PA","pooled_3",79.3167657830901,77.91,1.40676578309007,1.97898996847301
2011,6,"RI","pooled_3",80.8260688971003,79.57,1.25606889710031,1.57770907426278
2011,6,"SC","pooled_3",78.1368609151701,76.73,1.40686091517009,1.97925763463321
2011,6,"SD","pooled_3",80.2238044952997,78.58,1.6438044952997,2.70209321876752
2011,6,"TN","pooled_3",77.0239700652339,75.68,1.34397006523386,1.80625553624471
2011,6,"TX","pooled_3",79.3979337793396,78.51,0.887933779339605,0.788426396492314
2011,6,"UT","pooled_3",80.7332524829905,79.59,1.14325248299046,1.30702623986386
2011,6,"VT","pooled_3",81.0622860256879,79.46,1.60228602568792,2.56732050811478
2011,6,"VA","pooled_3",80.1390302006478,79.08,1.05903020064777,1.12154496588405
2011,6,"WA","pooled_3",81.0633555774575,79.96,1.10335557745751,1.21739353030659
2011,6,"WV","pooled_3",75.8477085986124,74.46,1.38770859861239,1.92573515466277
2011,6,"WI","pooled_3",80.44278291453,79.23,1.21278291452998,1.47084239777584
2011,6,"WY","pooled_3",79.1615035287289,78.84,0.321503528728911,0.103364518985142
2011,7,"USA","pooled_3",79.888655727881,78.79,1.09865572788095,1.20704440840563
2011,7,"AL","pooled_3",76.2832421279784,75.26,1.02324212797835,1.04702445246966
2011,7,"AK","pooled_3",79.213908023994,78.49,0.723908023994028,0.524042827202938
2011,7,"AZ","pooled_3",80.4708543736668,79.19,1.28085437366683,1.64058792654144
2011,7,"AR","pooled_3",76.6007389994003,75.82,0.780738999400356,0.609553385184669
2011,7,"CA","pooled_3",81.7541298705547,81.04,0.714129870554743,0.509981472018534
2011,7,"CO","pooled_3",81.282422214485,80.26,1.02242221448496,1.04534718467233
2011,7,"CT","pooled_3",81.9348692993836,80.68,1.25486929938361,1.57469695853552
2011,7,"DE","pooled_3",79.3971594471268,78.02,1.37715944712679,1.89656814281055
2011,7,"FL","pooled_3",80.3102641667188,79.39,0.920264166718837,0.846886136546716
2011,7,"GA","pooled_3",78.7807598556861,77.55,1.23075985568612,1.51476982236851
2011,7,"HI","pooled_3",82.519639118799,81.6,0.919639118799012,0.845736108825423
2011,7,"ID","pooled_3",80.4273442776374,79.18,1.24734427763744,1.55586774695486
2011,7,"IL","pooled_3",80.1683383892534,78.97,1.19833838925337,1.43601489515835
2011,7,"IN","pooled_3",78.3449241174631,76.98,1.36492411746306,1.86301784643232
2011,7,"IA","pooled_3",80.5597083645772,79.28,1.27970836457719,1.63765349836882
2011,7,"KS","pooled_3",79.3976227818929,78.16,1.23762278189287,1.53171015026024
2011,7,"KY","pooled_3",76.6825426723045,75.4,1.28254267230447,1.6449157062819
2011,7,"LA","pooled_3",76.943284458765,75.82,1.12328445876503,1.26176797530304
2011,7,"ME","pooled_3",80.287133789466,78.66,1.62713378946597,2.6475643688219
2011,7,"MD","pooled_3",80.446186861332,78.84,1.60618686133201,2.57983623351556
2011,7,"MA","pooled_3",81.7917830631509,80.35,1.44178306315087,2.07873840118869
2011,7,"MI","pooled_3",79.0872796213095,77.83,1.25727962130946,1.58075204616007
2011,7,"MN","pooled_3",81.971238027668,80.69,1.281238027668,1.64157088354258
2011,7,"MS","pooled_3",75.7098102723015,74.74,0.969810272301515,0.940531964261539
2011,7,"MO","pooled_3",78.3408976347263,76.81,1.53089763472627,2.3436475680105
2011,7,"MT","pooled_3",79.6638625220293,78.88,0.783862522029281,0.614440453442105
2011,7,"NE","pooled_3",80.5726393354307,79.27,1.30263933543071,1.69686923821137
2011,7,"NV","pooled_3",79.0657319646814,78.21,0.855731964681368,0.732277195377434
2011,7,"NH","pooled_3",81.4215302533519,79.34,2.08153025335189,4.33276819561917
2011,7,"NJ","pooled_3",81.2028391235823,80.11,1.09283912358228,1.19429735003209
2011,7,"NM","pooled_3",79.0647659110791,77.51,1.55476591107909,2.41729703825358
2011,7,"NY","pooled_3",81.6216991834757,80.92,0.701699183475696,0.492381744090459
2011,7,"NC","pooled_3",79.0904615705889,77.84,1.2504615705889,1.56365413951965
2011,7,"ND","pooled_3",80.7484883636656,79.62,1.12848836366555,1.27348598692856
2011,7,"OH","pooled_3",78.4689716255105,76.87,1.59897162551052,2.55671025918774
2011,7,"OK","pooled_3",76.2326100322794,75.77,0.462610032279372,0.214008041965521
2011,7,"OR","pooled_3",80.5247488738382,79.76,0.764748873838172,0.584840840036753
2011,7,"PA","pooled_3",79.4849241029171,78.28,1.20492410291706,1.45184209379049
2011,7,"RI","pooled_3",81.0013610178951,79.96,1.04136101789516,1.08443276959163
2011,7,"SC","pooled_3",78.3361231943908,76.73,1.60612319439079,2.57963171556008
2011,7,"SD","pooled_3",80.3801881548212,79,1.38018815482118,1.9049193427087
2011,7,"TN","pooled_3",77.1508961872387,75.74,1.41089618723875,1.99062805116484
2011,7,"TX","pooled_3",79.5500408453805,78.64,0.910040845380479,0.828174340260817
2011,7,"UT","pooled_3",80.8875803772088,79.77,1.11758037720881,1.24898589952219
2011,7,"VT","pooled_3",81.2435268002557,79.45,1.79352680025568,3.21673838323537
2011,7,"VA","pooled_3",80.331083116487,79.19,1.14108311648701,1.30207067873171
2011,7,"WA","pooled_3",81.237179787525,80.14,1.09717978752499,1.20380348615339
2011,7,"WV","pooled_3",75.9575842017956,74.53,1.42758420179561,2.03799665321641
2011,7,"WI","pooled_3",80.5996465426466,79.27,1.32964654264663,1.76795992837213
2011,7,"WY","pooled_3",79.3163675097978,78.42,0.896367509797841,0.803474712621183
2011,8,"USA","pooled_3",80.0544349264526,78.92,1.13443492645263,1.28694260235558
2011,8,"AL","pooled_3",76.41701446273,75.48,0.937014462729948,0.877996103365093
2011,8,"AK","pooled_3",79.3893867616816,78.23,1.15938676168159,1.34417766316252
2011,8,"AZ","pooled_3",80.6547040633334,79.29,1.36470406333336,1.86241718047859
2011,8,"AR","pooled_3",76.704483510349,75.89,0.814483510349035,0.663383388630487
2011,8,"CA","pooled_3",81.9303049905662,81.16,0.770304990566203,0.593369778491198
2011,8,"CO","pooled_3",81.4556439692504,80.22,1.23564396925045,1.526816018745
2011,8,"CT","pooled_3",82.115452282448,80.59,1.52545228244804,2.32700466602594
2011,8,"DE","pooled_3",79.5594911280912,78.39,1.16949112809121,1.36770949868405
2011,8,"FL","pooled_3",80.4763636966716,79.57,0.90636369667159,0.821495150644191
2011,8,"GA","pooled_3",78.9618377031244,77.73,1.23183770312443,1.51742412683886
2011,8,"HI","pooled_3",82.7029087870647,81.57,1.13290878706474,1.28348231980849
2011,8,"ID","pooled_3",80.5833032524285,79.56,1.02330325242848,1.0471495464307
2011,8,"IL","pooled_3",80.3448873734409,79.25,1.09488737344093,1.19877836052037
2011,8,"IN","pooled_3",78.475738714141,77.09,1.38573871414094,1.92027178386899
2011,8,"IA","pooled_3",80.705060764981,79.12,1.58506076498104,2.51241762868227
2011,8,"KS","pooled_3",79.5219593126634,78.3,1.22195931266336,1.49318456180471
2011,8,"KY","pooled_3",76.7973223311004,75.63,1.16732233110041,1.36264142468569
2011,8,"LA","pooled_3",77.0892412172566,75.95,1.13924121725657,1.29787055109623
2011,8,"ME","pooled_3",80.4596937467319,78.43,2.02969374673189,4.11965670552255
2011,8,"MD","pooled_3",80.6406612333555,78.97,1.67066123335555,2.79110895663707
2011,8,"MA","pooled_3",81.9750273901707,80.65,1.32502739017065,1.75569758470243
2011,8,"MI","pooled_3",79.2364832797774,78.09,1.14648327977739,1.31442391080911
2011,8,"MN","pooled_3",82.1404591539956,80.63,1.5104591539956,2.2814868558891
2011,8,"MS","pooled_3",75.841009521267,74.52,1.32100952126697,1.745066155278
2011,8,"MO","pooled_3",78.4721504419911,77.16,1.31215044199108,1.72173878241738
2011,8,"MT","pooled_3",79.8373508352145,78.62,1.21735083521448,1.48194305599738
2011,8,"NE","pooled_3",80.7170774820268,79.4,1.31707748202676,1.73469309366195
2011,8,"NV","pooled_3",79.2521349939801,78.32,0.932134993980142,0.86887564700236
2011,8,"NH","pooled_3",81.6042120929002,79.6,2.00421209290016,4.01686611332724
2011,8,"NJ","pooled_3",81.39043345538,80.47,0.920433455379964,0.8471977457827
2011,8,"NM","pooled_3",79.2222815305962,77.21,2.01228153059617,4.04927695837846
2011,8,"NY","pooled_3",81.8228075200584,81.16,0.662807520058394,0.439313808645958
2011,8,"NC","pooled_3",79.2650262311162,77.82,1.44502623111624,2.08810080861402
2011,8,"ND","pooled_3",80.9000236030446,79.17,1.73002360304456,2.99298166709127
2011,8,"OH","pooled_3",78.6077086800271,77.02,1.58770868002709,2.52081885263337
2011,8,"OK","pooled_3",76.3175729790482,75.89,0.427572979048236,0.182818652412183
2011,8,"OR","pooled_3",80.6888294136773,79.61,1.0788294136773,1.1638729038153
2011,8,"PA","pooled_3",79.6530824227441,78.51,1.14308242274406,1.30663742518643
2011,8,"RI","pooled_3",81.17665313869,79.77,1.40665313869,1.97867305258644
2011,8,"SC","pooled_3",78.5353854736115,76.89,1.6453854736115,2.70729335677173
2011,8,"SD","pooled_3",80.5365718143427,78.5,2.03657181434266,4.14762475497497
2011,8,"TN","pooled_3",77.2778223092436,75.8,1.47782230924362,2.18395877769815
2011,8,"TX","pooled_3",79.7021479114213,78.8,0.902147911421352,0.813870854081908
2011,8,"UT","pooled_3",81.0419082714271,79.92,1.12190827142715,1.25867816949664
2011,8,"VT","pooled_3",81.4247675748234,79.94,1.48476757482345,2.20453475124711
2011,8,"VA","pooled_3",80.5231360323262,79.3,1.22313603232625,1.49606175357481
2011,8,"WA","pooled_3",81.4110039975925,80.16,1.25100399759249,1.56501100199239
2011,8,"WV","pooled_3",76.0674598049788,74.68,1.38745980497883,1.9250447104319
2011,8,"WI","pooled_3",80.7565101707633,79.29,1.46651017076326,2.15065208095208
2011,8,"WY","pooled_3",79.4712314908668,78.25,1.22123149086677,1.49140635428468
2018,1,"USA","rw_drift",78.9374943710108,78.92,0.0174943710107698,0.000306053017062462
2018,1,"AL","rw_drift",75.3877950869816,75.48,-0.0922049130184348,0.00850174598473713
2018,1,"AK","rw_drift",78.5886966116006,78.23,0.358696611600635,0.128663259173777
2018,1,"AZ","rw_drift",79.3664530660027,79.29,0.0764530660027276,0.00584507130121742
2018,1,"AR","rw_drift",75.8814969413171,75.89,-0.00850305868291912,7.23020069651662e-05
2018,1,"CA","rw_drift",81.2042660017872,81.16,0.044266001787193,0.00195947891422377
2018,1,"CO","rw_drift",80.417322092699,80.22,0.197322092699039,0.0389360082671283
2018,1,"CT","rw_drift",80.849039634214,80.59,0.25903963421402,0.067101532093733
2018,1,"DE","rw_drift",78.237855197451,78.39,-0.152144802549046,0.0231480409426881
2018,1,"FL","rw_drift",79.5376960267837,79.57,-0.0323039732162584,0.00104354668555674
2018,1,"GA","rw_drift",77.7145879685063,77.73,-0.0154120314937387,0.000237530714763994
2018,1,"HI","rw_drift",81.7679941090863,81.57,0.197994109086352,0.0392016672328982
2018,1,"ID","rw_drift",79.3652195792631,79.56,-0.194780420736919,0.0379394123024511
2018,1,"IL","rw_drift",79.1297982631488,79.25,-0.120201736851172,0.0144484575420384
2018,1,"IN","rw_drift",77.0776995547342,77.09,-0.0123004452658506,0.000151300953738187
2018,1,"IA","rw_drift",79.4019087456139,79.12,0.281908745613848,0.079472540853573
2018,1,"KS","rw_drift",78.3051347447804,78.3,0.00513474478040621,2.63656039599088e-05
2018,1,"KY","rw_drift",75.4811251804464,75.63,-0.148874819553555,0.0221637118971036
2018,1,"LA","rw_drift",75.9445793197269,75.95,-0.00542068027306186,2.9383774622762e-05
2018,1,"ME","rw_drift",78.7793306698772,78.43,0.349330669877148,0.122031916916817
2018,1,"MD","rw_drift",79.0121198193594,78.97,0.042119819359371,0.00177407918286605
2018,1,"MA","rw_drift",80.5106881717663,80.65,-0.139311828233744,0.0194077854858282
2018,1,"MI","rw_drift",77.9674676204095,78.09,-0.122532379590552,0.0150141840481232
2018,1,"MN","rw_drift",80.848209580942,80.63,0.218209580941959,0.0476154212148655
2018,1,"MS","rw_drift",74.853881362222,74.52,0.333881362221973,0.1114767640392
2018,1,"MO","rw_drift",76.9413884292308,77.16,-0.21861157076917,0.0477910188741637
2018,1,"MT","rw_drift",78.979793152125,78.62,0.359793152124979,0.129451112316028
2018,1,"NE","rw_drift",79.4314600704387,79.4,0.0314600704386976,0.000989736032007814
2018,1,"NV","rw_drift",78.3522902836693,78.32,0.0322902836693117,0.00104266241944462
2018,1,"NH","rw_drift",79.5255855963568,79.6,-0.0744144036431607,0.00553750346956724
2018,1,"NJ","rw_drift",80.2885050693247,80.47,-0.181494930675285,0.0329404098608265
2018,1,"NM","rw_drift",77.665983097313,77.21,0.455983097313037,0.207920585035191
2018,1,"NY","rw_drift",81.1121575002529,81.16,-0.0478424997470626,0.00228890478204768
2018,1,"NC","rw_drift",77.9890314993147,77.82,0.169031499314713,0.0285716477605797
2018,1,"ND","rw_drift",79.802672329787,79.17,0.632672329786956,0.400274276878055
2018,1,"OH","rw_drift",76.9731100671716,77.02,-0.0468899328283499,0.00219866580064716
2018,1,"OK","rw_drift",75.839178806215,75.89,-0.0508211937849978,0.0025827937377323
2018,1,"OR","rw_drift",79.8744285894701,79.61,0.264428589470114,0.0699224789291542
2018,1,"PA","rw_drift",78.420080949731,78.51,-0.0899190502690175,0.00808543560128209
2018,1,"RI","rw_drift",80.0881076827731,79.77,0.318107682773132,0.101192497839291
2018,1,"SC","rw_drift",76.916026835067,76.89,0.0260268350670003,0.000677396143604838
2018,1,"SD","rw_drift",79.087351115402,78.5,0.587351115402029,0.344981332764008
2018,1,"TN","rw_drift",75.8483804567648,75.8,0.0483804567647894,0.00234066859676966
2018,1,"TX","rw_drift",78.7773801458145,78.8,-0.0226198541855211,0.000511657803374239
2018,1,"UT","rw_drift",79.8959257849622,79.92,-0.0240742150378281,0.000579567829687591
2018,1,"VT","rw_drift",79.6829623080849,79.94,-0.257037691915116,0.06606837506505
2018,1,"VA","rw_drift",79.3689809768449,79.3,0.0689809768449123,0.00475837516647833
2018,1,"WA","rw_drift",80.2960333640471,80.16,0.136033364047123,0.018505076133977
2018,1,"WV","rw_drift",74.6301646455733,74.68,-0.0498353544266621,0.00248356255083103
2018,1,"WI","rw_drift",79.413597969072,79.29,0.123597969072023,0.0152764579587287
2018,1,"WY","rw_drift",78.7006296725804,78.25,0.450629672580448,0.203067101809961
2018,1,"USA","unpooled",78.937493899933,78.92,0.017493899933001,0.000306036534865852
2018,1,"AL","unpooled",75.3893503527702,75.48,-0.090649647229796,0.00821735854288645
2018,1,"AK","unpooled",78.5633027684838,78.23,0.333302768483762,0.11109073547894
2018,1,"AZ","unpooled",79.3664525093385,79.29,0.076452509338452,0.0058449861841461
2018,1,"AR","unpooled",75.8643686050027,75.89,-0.025631394997319,0.000656968409508591
2018,1,"CA","unpooled",81.2042636470866,81.16,0.0442636470866233,0.00195927045340914
2018,1,"CO","unpooled",80.424934482478,80.22,0.204934482477981,0.0419981421085178
2018,1,"CT","unpooled",80.8490375267618,80.59,0.25903752676183,0.0671004402708857
2018,1,"DE","unpooled",78.2378561465383,78.39,-0.152143853461723,0.0231477521461823
2018,1,"FL","unpooled",79.5376952970906,79.57,-0.0323047029093715,0.00104359383006275
2018,1,"GA","unpooled",77.7161270445173,77.73,-0.0138729554826966,0.000192458893824882
2018,1,"HI","unpooled",81.7680320431736,81.57,0.198032043173612,0.0392166901235152
2018,1,"ID","unpooled",79.3652167222411,79.56,-0.194783277758944,0.0379405252945179
2018,1,"IL","unpooled",79.1297977787566,79.25,-0.120202221243446,0.0144485739918583
2018,1,"IN","unpooled",77.0716099182136,77.09,-0.0183900817864497,0.00033819510811231
2018,1,"IA","unpooled",79.4051146702743,79.12,0.285114670274282,0.0812903752056128
2018,1,"KS","unpooled",78.3150835337185,78.3,0.0150835337184958,0.000227512989437
2018,1,"KY","unpooled",75.479597514167,75.63,-0.150402485833041,0.0226209077447581
2018,1,"LA","unpooled",75.9507023831491,75.95,0.000702383149118191,4.93342088165187e-07
2018,1,"ME","unpooled",78.7793339022478,78.43,0.349333902247835,0.1220341752597
2018,1,"MD","unpooled",79.0163854136628,78.97,0.0463854136628044,0.00215160660066948
2018,1,"MA","unpooled",80.5322420141381,80.65,-0.117757985861914,0.0138669432342547
2018,1,"MI","unpooled",77.9674672263806,78.09,-0.122532773619355,0.0150142806108521
2018,1,"MN","unpooled",80.8525495759317,80.63,0.22254957593168,0.0495283137473706
2018,1,"MS","unpooled",74.8540134208313,74.52,0.334013420831269,0.111564965295406
2018,1,"MO","unpooled",76.94138696968,77.16,-0.218613030319958,0.0477916570256747
2018,1,"MT","unpooled",78.9731073084341,78.62,0.353107308434105,0.124684771269578
2018,1,"NE","unpooled",79.4314583381454,79.4,0.031458338145427,0.000989627038872026
2018,1,"NV","unpooled",78.3522488335131,78.32,0.032248833513151,0.00103998726295893
2018,1,"NH","unpooled",79.5255877276453,79.6,-0.0744122723547207,0.00553718627699313
2018,1,"NJ","unpooled",80.2885032467023,80.47,-0.181496753297736,0.0329410714576193
2018,1,"NM","unpooled",77.6693189872224,77.21,0.459318987222431,0.21097393202304
2018,1,"NY","unpooled",81.112155721527,81.16,-0.0478442784730078,0.00228907498260271
2018,1,"NC","unpooled",77.9890331127515,77.82,0.169033112751478,0.0285721932064539
2018,1,"ND","unpooled",79.841888113403,79.17,0.671888113403028,0.451433636932281
2018,1,"OH","unpooled",76.9731085127245,77.02,-0.0468914872755448,0.00219881157891258
2018,1,"OK","unpooled",75.8337761348831,75.89,-0.0562238651168769,0.00316112300868077
2018,1,"OR","unpooled",79.8744276214173,79.61,0.264427621417255,0.0699219669683871
2018,1,"PA","unpooled",78.4180469949564,78.51,-0.0919530050435782,0.00845535513654431
2018,1,"RI","unpooled",80.0948360972339,79.77,0.324836097233927,0.105518490066169
2018,1,"SC","unpooled",76.925575167283,76.89,0.0355751672829996,0.0012655925272134
2018,1,"SD","unpooled",79.103254006958,78.5,0.603254006957997,0.363915396910879
2018,1,"TN","unpooled",75.8483799162407,75.8,0.048379916240691,0.00234061629545628
2018,1,"TX","unpooled",78.780260583233,78.8,-0.019739416767024,0.000389644574302266
2018,1,"UT","unpooled",79.8925943210199,79.92,-0.0274056789800596,0.000751071240358082
2018,1,"VT","unpooled",79.6936551167053,79.94,-0.246344883294725,0.0606858015254917
2018,1,"VA","unpooled",79.3693382151815,79.3,0.0693382151815314,0.00480778808456035
2018,1,"WA","unpooled",80.3002991819032,80.16,0.140299181903245,0.0196838604427199
2018,1,"WV","unpooled",74.630159012612,74.68,-0.0498409873879524,0.00248412402380603
2018,1,"WI","unpooled",79.4342715228808,79.29,0.144271522880828,0.0208142723143533
2018,1,"WY","unpooled",78.7130200927291,78.25,0.463020092729067,0.214387606270834
2018,1,"USA","ratio_unpooled_3",78.9383972576879,78.92,0.0183972576878801,0.000338459090434265
2018,1,"AL","ratio_unpooled_3",75.3948639742023,75.48,-0.0851360257977092,0.0072481428886282
2018,1,"AK","ratio_unpooled_3",78.5761070189218,78.23,0.346107018921771,0.119790068546915
2018,1,"AZ","ratio_unpooled_3",79.3758831826386,79.29,0.0858831826385824,0.0073759210601321
2018,1,"AR","ratio_unpooled_3",75.8705448489119,75.89,-0.0194551510881098,0.00037850290386118
2018,1,"CA","ratio_unpooled_3",81.2052142494255,81.16,0.0452142494255412,0.00204432835111505
2018,1,"CO","ratio_unpooled_3",80.4189535976253,80.22,0.198953597625334,0.0395825340080631
2018,1,"CT","ratio_unpooled_3",80.856195359445,80.59,0.266195359444964,0.0708599693900337
2018,1,"DE","ratio_unpooled_3",78.2545450702158,78.39,-0.135454929784231,0.018348038002851
2018,1,"FL","ratio_unpooled_3",79.5306602222008,79.57,-0.0393397777991993,0.00154761811729037
2018,1,"GA","ratio_unpooled_3",77.7203025831053,77.73,-0.00969741689468151,9.40398944292544e-05
2018,1,"HI","ratio_unpooled_3",81.7725194962769,81.57,0.202519496276878,0.0410141463722404
2018,1,"ID","ratio_unpooled_3",79.3739752003837,79.56,-0.186024799616348,0.0346052260723024
2018,1,"IL","ratio_unpooled_3",79.1368220225474,79.25,-0.113177977452565,0.0128092545802534
2018,1,"IN","ratio_unpooled_3",77.0706043842187,77.09,-0.0193956157813204,0.000376189911536606
2018,1,"IA","ratio_unpooled_3",79.4045875971832,79.12,0.28458759718319,0.0809901004705017
2018,1,"KS","ratio_unpooled_3",78.3199230756917,78.3,0.0199230756917359,0.000396928945018638
2018,1,"KY","ratio_unpooled_3",75.4743090260256,75.63,-0.155690973974387,0.0242396793770933
2018,1,"LA","ratio_unpooled_3",75.9438902994397,75.95,-0.00610970056030169,3.73284409365508e-05
2018,1,"ME","ratio_unpooled_3",78.7780072618316,78.43,0.34800726183164,0.121109054287556
2018,1,"MD","ratio_unpooled_3",79.018119786995,78.97,0.0481197869949739,0.00231551390044166
2018,1,"MA","ratio_unpooled_3",80.5158663123536,80.65,-0.134133687646397,0.0179918461616212
2018,1,"MI","ratio_unpooled_3",77.9768619429966,78.09,-0.113138057003368,0.0128002199424974
2018,1,"MN","ratio_unpooled_3",80.8569335817533,80.63,0.2269335817533,0.0514988505273819
2018,1,"MS","ratio_unpooled_3",74.8544204644193,74.52,0.334420464419352,0.111837047022455
2018,1,"MO","ratio_unpooled_3",76.9633519355792,77.16,-0.196648064420785,0.0386704612404412
2018,1,"MT","ratio_unpooled_3",78.9718528973649,78.62,0.351852897364878,0.12380046138406
2018,1,"NE","ratio_unpooled_3",79.4427214147132,79.4,0.0427214147131849,0.00182511927509593
2018,1,"NV","ratio_unpooled_3",78.3492469039211,78.32,0.0292469039211198,0.000855381388971215
2018,1,"NH","ratio_unpooled_3",79.536114524173,79.6,-0.0638854758269503,0.00408135402163585
2018,1,"NJ","ratio_unpooled_3",80.2996551501367,80.47,-0.170344849863255,0.029017367874935
2018,1,"NM","ratio_unpooled_3",77.6754243785533,77.21,0.465424378553266,0.216619852151694
2018,1,"NY","ratio_unpooled_3",81.1184831766866,81.16,-0.0415168233133869,0.00172364661803499
2018,1,"NC","ratio_unpooled_3",77.985125222901,77.82,0.165125222900954,0.0272663392380899
2018,1,"ND","ratio_unpooled_3",79.8101582094169,79.17,0.640158209416882,0.409802533083828
2018,1,"OH","ratio_unpooled_3",76.9610356984229,77.02,-0.0589643015770775,0.00347678886047255
2018,1,"OK","ratio_unpooled_3",75.836407771563,75.89,-0.0535922284369548,0.00287212694883874
2018,1,"OR","ratio_unpooled_3",79.8658122219932,79.61,0.25581222199321,0.0654398929211034
2018,1,"PA","ratio_unpooled_3",78.4086130232135,78.51,-0.101386976786486,0.0102793190619035
2018,1,"RI","ratio_unpooled_3",80.0888661336486,79.77,0.31886613364864,0.101675611188033
2018,1,"SC","ratio_unpooled_3",76.9290113016263,76.89,0.039011301626303,0.00152188165457839
2018,1,"SD","ratio_unpooled_3",79.0866867085033,78.5,0.586686708503322,0.344201293934462
2018,1,"TN","ratio_unpooled_3",75.8552196014385,75.8,0.0552196014384663,0.00304920438302307
2018,1,"TX","ratio_unpooled_3",78.779477398822,78.8,-0.0205226011779445,0.000421177159108968
2018,1,"UT","ratio_unpooled_3",79.8938604948648,79.92,-0.0261395051351769,0.000683273728711941
2018,1,"VT","ratio_unpooled_3",79.6960962246094,79.94,-0.24390377539055,0.0594890516497636
2018,1,"VA","ratio_unpooled_3",79.3762861792415,79.3,0.0762861792415066,0.00581958114326727
2018,1,"WA","ratio_unpooled_3",80.2992994454773,80.16,0.139299445477349,0.0194043355102968
2018,1,"WV","ratio_unpooled_3",74.638685034486,74.68,-0.0413149655140188,0.00170692637542456
2018,1,"WI","ratio_unpooled_3",79.4221423164816,79.29,0.13214231648162,0.0174615918051285
2018,1,"WY","ratio_unpooled_3",78.7181551892681,78.25,0.46815518926806,0.219169281238613
2018,1,"USA","pooled_3",78.9387456592534,78.92,0.0187456592533692,0.000351399740843428
2018,1,"AL","pooled_3",75.3950982281905,75.48,-0.0849017718094984,0.00720831085639214
2018,1,"AK","pooled_3",78.546325832906,78.23,0.316325832906045,0.100062032563703
2018,1,"AZ","pooled_3",79.3770291510631,79.29,0.0870291510630778,0.00757407313476002
2018,1,"AR","pooled_3",75.866579457559,75.89,-0.0234205424410447,0.000548521808232778
2018,1,"CA","pooled_3",81.2048743623248,81.16,0.0448743623248191,0.00201370839405915
2018,1,"CO","pooled_3",80.4187161097932,80.22,0.19871610979321,0.0394880922913472
2018,1,"CT","pooled_3",80.8504431251403,80.59,0.26044312514027,0.0678306214328304
2018,1,"DE","pooled_3",78.2862100453694,78.39,-0.103789954630571,0.010772354682216
2018,1,"FL","pooled_3",79.5303373949285,79.57,-0.0396626050714985,0.00157312224105766
2018,1,"GA","pooled_3",77.7214186467306,77.73,-0.00858135326942033,7.3639623934591e-05
2018,1,"HI","pooled_3",81.7720953408123,81.57,0.202095340812292,0.0408425267780365
2018,1,"ID","pooled_3",79.3585099733193,79.56,-0.201490026680688,0.0405982308517842
2018,1,"IL","pooled_3",79.1362046608639,79.25,-0.11379533913609,0.0129493792090976
2018,1,"IN","pooled_3",77.0704982969618,77.09,-0.0195017030382019,0.000380316421390212
2018,1,"IA","pooled_3",79.4034312927313,79.12,0.283431292731251,0.0803332976993081
2018,1,"KS","pooled_3",78.3057888217569,78.3,0.00578882175693707,3.3510457333588e-05
2018,1,"KY","pooled_3",75.4744268354065,75.63,-0.15557316459352,0.0242030095416424
2018,1,"LA","pooled_3",75.944235760503,75.95,-0.00576423949705429,3.32264569794007e-05
2018,1,"ME","pooled_3",78.778084130727,78.43,0.348084130727045,0.121162562064003
2018,1,"MD","pooled_3",79.0180173563683,78.97,0.0480173563683337,0.00230566651260356
2018,1,"MA","pooled_3",80.5182321759461,80.65,-0.131767824053938,0.0173627594559095
2018,1,"MI","pooled_3",77.973656623341,78.09,-0.116343376659017,0.013535781292422
2018,1,"MN","pooled_3",80.8534820333642,80.63,0.22348203336422,0.0499442192366065
2018,1,"MS","pooled_3",74.855033329446,74.52,0.335033329446006,0.112247331839676
2018,1,"MO","pooled_3",76.9609200764812,77.16,-0.199079923518795,0.0396328159482493
2018,1,"MT","pooled_3",78.965729538081,78.62,0.345729538080974,0.119528913501684
2018,1,"NE","pooled_3",79.4285575353552,79.4,0.0285575353551906,0.000815532825562959
2018,1,"NV","pooled_3",78.3486380866783,78.32,0.0286380866783276,0.000820140008595403
2018,1,"NH","pooled_3",79.5407554260275,79.6,-0.0592445739725207,0.00350991954518548
2018,1,"NJ","pooled_3",80.2968413194103,80.47,-0.173158680589651,0.0299839286635489
2018,1,"NM","pooled_3",77.6831073820825,77.21,0.473107382082517,0.223830594980973
2018,1,"NY","pooled_3",81.1180261754204,81.16,-0.0419738245795855,0.00176180194983782
2018,1,"NC","pooled_3",77.9848363286399,77.82,0.164836328639936,0.027171015239493
2018,1,"ND","pooled_3",79.8175607141694,79.17,0.64756071416943,0.419334878535622
2018,1,"OH","pooled_3",76.9615670889086,77.02,-0.0584329110914297,0.00341440509861892
2018,1,"OK","pooled_3",75.8369494946144,75.89,-0.0530505053856274,0.00281435612167048
2018,1,"OR","pooled_3",79.8719920354157,79.61,0.261992035415687,0.0686398266212549
2018,1,"PA","pooled_3",78.4094966970985,78.51,-0.100503302901544,0.0101009138941194
2018,1,"RI","pooled_3",80.0887060061303,79.77,0.318706006130256,0.101573518343499
2018,1,"SC","pooled_3",76.9355249978516,76.89,0.0455249978515866,0.00207252542938696
2018,1,"SD","pooled_3",79.0895905786445,78.5,0.589590578644533,0.347617050426395
2018,1,"TN","pooled_3",75.8552317171203,75.8,0.055231717120293,0.00305054257605606
2018,1,"TX","pooled_3",78.7792803664185,78.8,-0.020719633581507,0.000429303215751911
2018,1,"UT","pooled_3",79.89435670251,79.92,-0.0256432974899781,0.000657578706159515
2018,1,"VT","pooled_3",79.7103081272131,79.94,-0.229691872786887,0.0527583564243475
2018,1,"VA","pooled_3",79.3747484848432,79.3,0.0747484848432123,0.00558733598635594
2018,1,"WA","pooled_3",80.2985013908381,80.16,0.138501390838073,0.0191826352640806
2018,1,"WV","pooled_3",74.6373802052796,74.68,-0.042619794720423,0.001816446902011
2018,1,"WI","pooled_3",79.4202181253356,79.29,0.130218125335617,0.0169567601659224
2018,1,"WY","pooled_3",78.7663401250436,78.25,0.516340125043627,0.266607124730068
